$FLYS,1
$VAR,FIRMWARE_VER,v2023.09.22
$VAR,DEVICE_ID,003b0020484e501420353131
$VAR,SESSION_ID,2f8fc5d04e4a9669fd42b074
$COL,GNSS,time,lat,lon,hMSL,velN,velE,velD,hAcc,vAcc,sAcc,numSV
$UNIT,GNSS,,deg,deg,m,m/s,m/s,m/s,m,m,m/s,
$DATA
$GNSS,2024-08-03T09:16:35.400Z,50.8535195,3.1501103,-157.872,-0.42,-0.06,0.37,244.535,143.693,2.85,4
$GNSS,2024-08-03T09:16:35.600Z,50.8535142,3.1501102,-157.976,0.15,-0.06,0.17,140.374,87.573,2.37,4
$GNSS,2024-08-03T09:16:35.800Z,50.8535130,3.1501107,-158.128,0.58,-0.61,0.16,148.433,95.212,2.66,4
$GNSS,2024-08-03T09:16:36.000Z,50.8535137,3.1501092,-158.238,0.79,-0.69,0.21,132.845,87.646,2.64,4
$GNSS,2024-08-03T09:16:36.200Z,50.8524035,3.1517584,-87.052,-0.14,-0.23,-0.08,68.848,69.713,0.64,5
$GNSS,2024-08-03T09:16:36.400Z,50.8522751,3.1519435,-76.048,-0.06,0.05,0.06,55.120,64.127,1.40,5
$GNSS,2024-08-03T09:16:36.600Z,50.8522182,3.1520230,-71.318,-0.01,-0.35,0.01,47.323,60.856,0.64,5
$GNSS,2024-08-03T09:16:36.800Z,50.8521866,3.1520667,-68.433,0.05,0.03,0.08,42.156,58.501,0.79,5
$GNSS,2024-08-03T09:16:37.000Z,50.8521119,3.1518675,-64.359,0.23,0.01,-0.05,36.313,57.970,0.87,9
$GNSS,2024-08-03T09:16:37.200Z,50.8520631,3.1517541,-56.888,0.13,-0.08,0.07,32.657,56.359,0.71,9
$GNSS,2024-08-03T09:16:37.400Z,50.8520286,3.1516778,-50.494,-0.05,-0.01,-0.09,30.222,55.393,0.71,9
$GNSS,2024-08-03T09:16:37.600Z,50.8520025,3.1516235,-45.490,0.01,-0.06,0.07,28.973,55.992,0.63,9
$GNSS,2024-08-03T09:16:37.800Z,50.8519904,3.1515636,-42.078,-0.10,-0.08,0.07,27.557,56.252,0.65,10
$GNSS,2024-08-03T09:16:38.000Z,50.8519795,3.1515178,-39.083,0.06,0.07,0.10,26.307,56.152,0.55,10
$GNSS,2024-08-03T09:16:38.200Z,50.8519714,3.1514809,-36.727,-0.11,0.00,0.11,25.173,55.935,0.74,10
$GNSS,2024-08-03T09:16:38.400Z,50.8519646,3.1514503,-34.575,0.08,0.06,0.13,24.181,55.669,0.62,10
$GNSS,2024-08-03T09:16:38.600Z,50.8519222,3.1514522,-36.964,-0.11,0.12,0.28,23.443,55.366,0.61,11
$GNSS,2024-08-03T09:16:38.800Z,50.8518927,3.1514571,-34.873,-0.10,0.07,0.20,22.660,55.428,0.61,11
$GNSS,2024-08-03T09:16:39.000Z,50.8518757,3.1514680,-34.011,-0.24,-0.02,0.27,21.739,54.364,0.67,10
$GNSS,2024-08-03T09:16:39.200Z,50.8518632,3.1514766,-32.219,0.04,0.17,0.43,20.981,53.900,0.57,10
$GNSS,2024-08-03T09:16:39.400Z,50.8518603,3.1514860,-25.244,-0.22,0.24,0.24,20.338,53.846,0.50,11
$GNSS,2024-08-03T09:16:39.600Z,50.8518862,3.1514722,-21.104,-0.27,-0.08,0.33,19.870,55.087,0.58,13
$GNSS,2024-08-03T09:16:39.800Z,50.8519142,3.1514827,-14.511,-0.12,-0.04,0.20,19.007,54.713,0.56,12
$GNSS,2024-08-03T09:16:40.000Z,50.8519356,3.1514868,-9.486,-0.25,-0.12,0.21,18.217,54.233,0.57,13
$GNSS,2024-08-03T09:16:40.200Z,50.8519523,3.1514896,-7.510,-0.03,-0.01,0.33,17.684,54.089,0.54,12
$GNSS,2024-08-03T09:16:40.400Z,50.8519641,3.1514945,-6.100,-0.06,0.02,0.31,17.181,53.869,0.53,12
$GNSS,2024-08-03T09:16:40.600Z,50.8520103,3.1514802,-2.342,-0.15,0.57,0.11,16.454,53.848,0.35,14
$GNSS,2024-08-03T09:16:40.800Z,50.8520493,3.1514493,-2.951,0.51,0.73,0.11,16.193,54.792,0.48,13
$GNSS,2024-08-03T09:16:41.000Z,50.8520982,3.1514148,9.034,0.16,0.36,0.16,15.802,56.226,0.46,14
$GNSS,2024-08-03T09:16:41.200Z,50.8521326,3.1513830,14.569,0.09,-0.03,0.12,15.227,55.974,0.52,15
$GNSS,2024-08-03T09:16:41.400Z,50.8521595,3.1513570,18.174,-0.17,0.01,-0.06,14.591,55.294,0.47,15
$GNSS,2024-08-03T09:16:41.600Z,50.8521799,3.1513352,21.203,0.07,-0.28,-0.16,14.151,55.155,0.43,14
$GNSS,2024-08-03T09:16:41.800Z,50.8521968,3.1513186,24.878,0.09,-0.30,-0.19,13.676,54.527,0.45,14
$GNSS,2024-08-03T09:16:42.000Z,50.8522036,3.1513121,26.509,-0.16,-0.03,0.09,13.190,52.992,0.58,13
$GNSS,2024-08-03T09:16:42.200Z,50.8521984,3.1513100,22.794,0.06,-0.30,-0.02,13.179,52.780,0.40,13
$GNSS,2024-08-03T09:16:42.400Z,50.8522083,3.1513036,24.195,-0.03,-0.09,-0.55,12.852,52.965,0.50,15
$GNSS,2024-08-03T09:16:42.600Z,50.8522194,3.1512979,25.823,-0.19,-0.41,0.14,12.665,53.285,0.42,14
$GNSS,2024-08-03T09:16:42.800Z,50.8522264,3.1512734,24.002,0.16,0.14,-0.22,12.879,55.257,0.56,14
$GNSS,2024-08-03T09:16:43.000Z,50.8522310,3.1512521,28.473,-0.36,-0.44,-0.61,13.098,57.324,0.54,14
$GNSS,2024-08-03T09:16:43.200Z,50.8522327,3.1512309,34.009,-0.78,-0.31,-0.26,13.205,58.526,0.64,14
$GNSS,2024-08-03T09:16:43.400Z,50.8522444,3.1512172,43.373,-0.16,-0.05,0.42,13.193,59.442,0.48,16
$GNSS,2024-08-03T09:16:43.600Z,50.8522455,3.1512055,43.683,-0.09,-0.04,0.10,12.776,58.792,0.48,17
$GNSS,2024-08-03T09:16:43.800Z,50.8522453,3.1511962,45.797,-0.21,-0.15,0.22,12.431,58.282,0.46,17
$GNSS,2024-08-03T09:16:44.000Z,50.8522439,3.1511858,50.537,-0.32,-0.14,0.18,12.178,58.281,0.45,18
$GNSS,2024-08-03T09:16:44.200Z,50.8522444,3.1511755,53.933,0.09,0.03,0.09,11.843,57.691,0.45,19
$GNSS,2024-08-03T09:16:44.400Z,50.8522381,3.1511619,57.479,-0.07,-0.04,0.14,11.780,58.621,0.41,20
$GNSS,2024-08-03T09:16:44.600Z,50.8522298,3.1511470,57.478,0.00,0.03,0.21,11.665,59.125,0.41,20
$GNSS,2024-08-03T09:16:44.800Z,50.8522218,3.1511328,57.566,0.01,-0.04,0.03,11.469,59.138,0.34,20
$GNSS,2024-08-03T09:16:45.000Z,50.8522141,3.1511194,57.504,-0.06,0.00,0.11,11.250,58.957,0.39,20
$GNSS,2024-08-03T09:16:45.200Z,50.8522067,3.1511071,57.526,-0.16,0.26,0.01,11.073,58.933,0.28,20
$GNSS,2024-08-03T09:16:45.400Z,50.8522018,3.1510943,58.481,0.00,-0.03,0.05,10.935,59.053,0.39,20
$GNSS,2024-08-03T09:16:45.600Z,50.8521966,3.1510813,58.556,0.05,-0.08,0.10,10.786,59.053,0.37,20
$GNSS,2024-08-03T09:16:45.800Z,50.8521905,3.1510697,58.069,0.12,-0.06,0.06,10.704,59.436,0.41,19
$GNSS,2024-08-03T09:16:46.000Z,50.8521854,3.1510592,58.242,0.02,0.04,0.18,10.596,59.552,0.39,19
$GNSS,2024-08-03T09:16:46.200Z,50.8521831,3.1510504,61.832,-0.05,0.11,0.19,10.411,59.798,0.34,19
$GNSS,2024-08-03T09:16:46.400Z,50.8521802,3.1510407,62.506,0.49,-0.11,0.10,10.318,59.917,0.40,18
$GNSS,2024-08-03T09:16:46.600Z,50.8521724,3.1510310,59.917,0.32,0.18,0.29,10.182,59.305,0.39,20
$GNSS,2024-08-03T09:16:46.800Z,50.8521644,3.1510235,58.722,0.14,-0.05,0.17,10.034,59.264,0.39,21
$GNSS,2024-08-03T09:16:47.000Z,50.8521570,3.1510168,58.349,-0.24,0.02,0.15,9.900,59.169,0.34,21
$GNSS,2024-08-03T09:16:47.200Z,50.8521493,3.1510099,58.165,0.04,-0.02,0.01,9.766,59.006,0.36,21
$GNSS,2024-08-03T09:16:47.400Z,50.8521425,3.1510028,58.094,0.06,-0.30,0.16,9.642,58.893,0.27,21
$GNSS,2024-08-03T09:16:47.600Z,50.8521392,3.1509965,59.749,0.07,0.24,0.12,9.453,58.333,0.30,21
$GNSS,2024-08-03T09:16:47.800Z,50.8521347,3.1509896,59.188,0.00,-0.07,0.05,9.300,57.958,0.29,21
$GNSS,2024-08-03T09:16:48.000Z,50.8521307,3.1509830,58.983,0.05,0.06,0.10,9.185,57.776,0.38,21
$GNSS,2024-08-03T09:16:48.200Z,50.8521312,3.1509637,54.891,0.04,0.07,0.12,31.301,55.883,0.31,21
$GNSS,2024-08-03T09:16:48.400Z,50.8521355,3.1509423,52.672,0.10,0.05,0.05,32.032,57.007,0.37,21
$GNSS,2024-08-03T09:16:48.600Z,50.8521387,3.1509245,50.998,0.00,-0.05,0.13,32.361,57.608,0.30,21
$GNSS,2024-08-03T09:16:48.800Z,50.8521421,3.1509077,49.394,0.01,0.05,0.08,32.529,57.925,0.28,21
$GNSS,2024-08-03T09:16:49.000Z,50.8521454,3.1508918,47.929,-0.06,-0.02,0.15,32.607,58.080,0.29,21
$GNSS,2024-08-03T09:16:49.200Z,50.8521489,3.1508756,46.415,-0.07,-0.12,0.12,32.568,58.029,0.29,21
$GNSS,2024-08-03T09:16:49.400Z,50.8521525,3.1508608,45.016,-0.06,-0.13,0.23,32.515,57.953,0.29,21
$GNSS,2024-08-03T09:16:49.600Z,50.8521563,3.1508460,43.633,0.12,-0.11,0.22,32.375,57.721,0.33,21
$GNSS,2024-08-03T09:16:49.800Z,50.8521600,3.1508342,42.474,-0.09,0.02,0.16,32.247,57.506,0.28,21
$GNSS,2024-08-03T09:16:50.000Z,50.8521650,3.1508209,40.951,0.03,0.03,0.06,32.272,57.569,0.34,21
$GNSS,2024-08-03T09:16:50.200Z,50.8521703,3.1508078,39.398,0.01,0.10,-0.01,32.275,57.594,0.26,21
$GNSS,2024-08-03T09:16:50.400Z,50.8521756,3.1507956,37.971,0.10,-0.07,0.06,32.319,57.690,0.33,21
$GNSS,2024-08-03T09:16:50.600Z,50.8521820,3.1507820,36.200,-0.09,0.15,0.00,32.407,57.868,0.26,21
$GNSS,2024-08-03T09:16:50.800Z,50.8521866,3.1507705,34.813,0.07,0.06,0.14,32.286,57.669,0.33,21
$GNSS,2024-08-03T09:16:51.000Z,50.8521908,3.1507603,33.658,0.08,0.01,0.02,32.220,57.567,0.39,21
$GNSS,2024-08-03T09:16:51.200Z,50.8521948,3.1507502,32.551,-0.19,0.20,0.08,32.244,57.626,0.28,21
$GNSS,2024-08-03T09:16:51.400Z,50.8521989,3.1507404,31.440,-0.05,0.02,0.16,32.213,57.585,0.29,21
$GNSS,2024-08-03T09:16:51.600Z,50.8522010,3.1507305,30.558,0.09,0.01,0.24,31.801,56.863,0.33,21
$GNSS,2024-08-03T09:16:51.800Z,50.8522023,3.1507231,30.021,0.06,-0.02,0.20,31.506,56.347,0.32,21
$GNSS,2024-08-03T09:16:52.000Z,50.8522034,3.1507158,29.532,0.08,-0.07,0.25,31.289,55.972,0.32,21
$GNSS,2024-08-03T09:16:52.200Z,50.8522062,3.1507097,29.018,0.11,-0.18,0.36,26.049,59.296,0.30,22
$GNSS,2024-08-03T09:16:52.400Z,50.8522190,3.1507050,28.340,-0.04,0.18,0.08,26.610,60.599,0.23,22
$GNSS,2024-08-03T09:16:52.600Z,50.8522284,3.1506939,26.629,0.07,-0.04,0.22,26.791,61.048,0.30,22
$GNSS,2024-08-03T09:16:52.800Z,50.8522364,3.1506835,25.110,-0.10,-0.03,0.12,26.773,61.040,0.30,22
$GNSS,2024-08-03T09:16:53.000Z,50.8522432,3.1506745,23.792,0.06,0.25,0.19,26.637,60.760,0.28,22
$GNSS,2024-08-03T09:16:53.200Z,50.8522490,3.1506666,22.648,-0.11,0.12,0.09,26.473,60.417,0.25,22
$GNSS,2024-08-03T09:16:53.400Z,50.8522539,3.1506592,21.636,-0.08,0.05,0.12,26.291,60.027,0.27,22
$GNSS,2024-08-03T09:16:53.600Z,50.8522591,3.1506573,21.551,0.04,-0.06,0.10,25.990,59.364,0.29,22
$GNSS,2024-08-03T09:16:53.800Z,50.8522630,3.1506517,20.835,0.00,0.09,-0.01,25.604,58.503,0.25,22
$GNSS,2024-08-03T09:16:54.000Z,50.8522666,3.1506462,20.201,-0.04,-0.22,0.07,25.354,57.952,0.26,22
$GNSS,2024-08-03T09:16:54.200Z,50.8522627,3.1506219,19.545,-0.02,0.08,0.18,22.116,50.204,0.28,22
$GNSS,2024-08-03T09:16:54.400Z,50.8522587,3.1505986,18.766,0.03,0.07,0.09,22.186,50.397,0.30,22
$GNSS,2024-08-03T09:16:54.600Z,50.8522480,3.1505621,17.441,-0.05,0.01,0.13,22.615,51.424,0.29,22
$GNSS,2024-08-03T09:16:54.800Z,50.8522392,3.1505347,16.912,-0.12,0.34,0.16,22.495,51.191,0.23,22
$GNSS,2024-08-03T09:16:55.000Z,50.8522317,3.1505123,16.934,-0.05,-0.23,0.03,22.258,50.687,0.24,22
$GNSS,2024-08-03T09:16:55.200Z,50.8522257,3.1504949,17.010,-0.07,0.07,0.04,21.758,49.569,0.26,22
$GNSS,2024-08-03T09:16:55.400Z,50.8522200,3.1504780,16.872,0.08,0.02,0.06,21.335,48.630,0.36,22
$GNSS,2024-08-03T09:16:55.600Z,50.8522149,3.1504622,16.761,0.16,-0.04,0.06,20.979,47.843,0.35,22
$GNSS,2024-08-03T09:16:55.800Z,50.8522074,3.1504386,16.110,0.16,-0.07,0.13,20.961,47.841,0.34,22
$GNSS,2024-08-03T09:16:56.000Z,50.8522012,3.1504211,16.186,0.09,-0.04,0.16,20.849,47.608,0.32,22
$GNSS,2024-08-03T09:16:56.200Z,50.8521961,3.1504058,16.391,0.03,-0.02,0.01,20.715,47.326,0.31,22
$GNSS,2024-08-03T09:16:56.400Z,50.8521912,3.1503909,16.440,0.11,-0.01,0.03,20.538,46.942,0.35,22
$GNSS,2024-08-03T09:16:56.600Z,50.8521881,3.1503786,16.733,0.05,0.02,0.08,20.457,46.781,0.32,22
$GNSS,2024-08-03T09:16:56.800Z,50.8521848,3.1503643,16.440,-0.02,0.00,0.05,20.236,46.296,0.28,22
$GNSS,2024-08-03T09:16:57.000Z,50.8521800,3.1503460,15.911,0.02,0.05,-0.07,20.228,46.305,0.26,22
$GNSS,2024-08-03T09:16:57.200Z,50.8521762,3.1503327,16.036,0.00,0.04,0.08,20.135,46.113,0.26,22
$GNSS,2024-08-03T09:16:57.400Z,50.8521728,3.1503205,16.149,-0.01,0.02,0.03,19.992,45.802,0.26,22
$GNSS,2024-08-03T09:16:57.600Z,50.8521696,3.1503089,16.208,-0.05,-0.02,0.03,19.824,45.432,0.28,22
$GNSS,2024-08-03T09:16:57.800Z,50.8521659,3.1502973,16.080,0.00,0.03,0.13,19.586,44.902,0.28,22
$GNSS,2024-08-03T09:16:58.000Z,50.8521629,3.1502878,16.148,-0.05,0.02,0.11,19.365,44.409,0.28,22
$GNSS,2024-08-03T09:16:58.200Z,50.8521601,3.1502790,16.218,0.03,-0.03,0.11,19.161,43.953,0.30,22
$GNSS,2024-08-03T09:16:58.400Z,50.8521573,3.1502699,16.198,0.04,0.03,0.06,18.998,43.591,0.28,22
$GNSS,2024-08-03T09:16:58.600Z,50.8521548,3.1502618,16.217,0.01,0.00,0.07,18.839,43.237,0.30,22
$GNSS,2024-08-03T09:16:58.800Z,50.8521525,3.1502542,16.256,0.03,-0.02,0.03,18.711,42.954,0.30,22
$GNSS,2024-08-03T09:16:59.000Z,50.8521502,3.1502466,16.219,-0.01,-0.10,0.07,18.598,42.704,0.22,22
$GNSS,2024-08-03T09:16:59.200Z,50.8521477,3.1502398,16.249,0.02,0.00,0.01,18.312,42.036,0.31,21
$GNSS,2024-08-03T09:16:59.400Z,50.8521455,3.1502336,16.265,-0.03,-0.01,0.13,18.267,41.941,0.28,21
$GNSS,2024-08-03T09:16:59.600Z,50.8521437,3.1502280,16.274,0.02,0.07,0.08,18.237,41.881,0.24,21
$GNSS,2024-08-03T09:16:59.800Z,50.8521420,3.1502227,16.267,-0.03,-0.03,-0.01,18.181,41.758,0.26,21
$GNSS,2024-08-03T09:17:00.000Z,50.8521404,3.1502171,16.198,-0.07,-0.01,0.09,18.128,41.643,0.28,21
$GNSS,2024-08-03T09:17:00.200Z,50.8521435,3.1502083,16.050,-0.06,0.06,0.05,3.507,3.933,0.23,21
$GNSS,2024-08-03T09:17:00.400Z,50.8521468,3.1502031,16.394,-0.03,0.06,0.06,3.381,3.442,0.23,21
$GNSS,2024-08-03T09:17:00.600Z,50.8521498,3.1501976,16.635,-0.08,-0.09,0.08,3.304,3.272,0.26,21
$GNSS,2024-08-03T09:17:00.800Z,50.8521525,3.1501926,16.891,-0.03,0.01,-0.04,3.236,3.156,0.31,21
$GNSS,2024-08-03T09:17:01.000Z,50.8521550,3.1501881,17.141,0.03,0.03,0.01,3.172,3.065,0.27,21
$GNSS,2024-08-03T09:17:01.200Z,50.8521574,3.1501836,17.381,0.05,0.00,0.00,3.119,2.995,0.29,21
$GNSS,2024-08-03T09:17:01.400Z,50.8521596,3.1501792,17.596,0.06,0.05,0.07,3.066,2.932,0.30,21
$GNSS,2024-08-03T09:17:01.600Z,50.8521616,3.1501749,17.780,0.06,-0.01,0.07,3.014,2.876,0.31,21
$GNSS,2024-08-03T09:17:01.800Z,50.8521632,3.1501709,17.959,0.00,0.03,0.07,2.956,2.815,0.29,21
$GNSS,2024-08-03T09:17:02.000Z,50.8521646,3.1501671,18.138,0.02,-0.06,0.06,2.904,2.763,0.25,21
$GNSS,2024-08-03T09:17:02.200Z,50.8521660,3.1501627,18.281,-0.06,-0.10,-0.14,2.819,2.683,0.27,22
$GNSS,2024-08-03T09:17:02.400Z,50.8521675,3.1501587,18.416,0.11,-0.03,0.10,2.748,2.616,0.30,22
$GNSS,2024-08-03T09:17:02.600Z,50.8521686,3.1501550,18.529,-0.13,0.11,-0.14,2.694,2.558,0.27,22
$GNSS,2024-08-03T09:17:02.800Z,50.8521702,3.1501517,18.669,-0.20,-0.04,-0.10,2.646,2.504,0.33,21
$GNSS,2024-08-03T09:17:03.000Z,50.8521711,3.1501483,18.754,-0.24,-0.04,0.01,2.604,2.458,0.31,22
$GNSS,2024-08-03T09:17:03.200Z,50.8521723,3.1501458,18.810,-0.25,0.07,0.00,2.557,2.405,0.30,22
$GNSS,2024-08-03T09:17:03.400Z,50.8521729,3.1501438,18.858,-0.29,0.12,-0.08,2.497,2.340,0.32,23
$GNSS,2024-08-03T09:17:03.600Z,50.8521727,3.1501421,18.805,-0.12,0.05,0.05,2.431,2.265,0.32,23
$GNSS,2024-08-03T09:17:03.800Z,50.8521727,3.1501405,18.786,0.22,-0.11,-0.01,2.378,2.205,0.34,23
$GNSS,2024-08-03T09:17:04.000Z,50.8521728,3.1501380,18.737,-0.02,-0.48,0.12,2.366,2.185,0.26,22
$GNSS,2024-08-03T09:17:04.200Z,50.8521731,3.1501364,18.652,-0.11,0.19,0.15,2.354,2.166,0.25,21
$GNSS,2024-08-03T09:17:04.400Z,50.8521735,3.1501356,18.547,0.06,0.01,0.14,2.342,2.148,0.34,21
$GNSS,2024-08-03T09:17:04.600Z,50.8521739,3.1501347,18.441,-0.04,0.11,0.06,2.330,2.130,0.24,21
$GNSS,2024-08-03T09:17:04.800Z,50.8521743,3.1501342,18.361,-0.01,0.12,0.06,2.318,2.114,0.26,21
$GNSS,2024-08-03T09:17:05.000Z,50.8521749,3.1501336,18.259,0.12,0.23,0.07,2.306,2.097,0.34,21
$GNSS,2024-08-03T09:17:05.200Z,50.8521758,3.1501329,18.148,0.03,0.00,0.14,2.293,2.081,0.31,21
$GNSS,2024-08-03T09:17:05.400Z,50.8521767,3.1501325,18.017,0.16,0.08,0.06,2.293,2.077,0.35,22
$GNSS,2024-08-03T09:17:05.600Z,50.8521776,3.1501312,17.930,0.31,-0.01,0.15,2.465,2.230,0.34,23
$GNSS,2024-08-03T09:17:05.800Z,50.8521787,3.1501301,17.848,0.17,0.02,0.11,2.548,2.303,0.34,24
$GNSS,2024-08-03T09:17:06.000Z,50.8521794,3.1501287,17.797,0.14,-0.01,-0.03,2.590,2.338,0.32,24
$GNSS,2024-08-03T09:17:06.200Z,50.8521804,3.1501272,17.780,0.02,-0.02,0.10,2.585,2.332,0.28,24
$GNSS,2024-08-03T09:17:06.400Z,50.8521809,3.1501255,17.745,0.08,0.05,0.13,2.589,2.336,0.29,23
$GNSS,2024-08-03T09:17:06.600Z,50.8521816,3.1501241,17.727,0.11,0.02,0.02,2.574,2.323,0.29,23
$GNSS,2024-08-03T09:17:06.800Z,50.8521825,3.1501224,17.732,0.11,0.05,0.05,2.556,2.309,0.29,23
$GNSS,2024-08-03T09:17:07.000Z,50.8521834,3.1501206,17.706,0.23,-0.04,0.18,2.536,2.294,0.30,23
$GNSS,2024-08-03T09:17:07.200Z,50.8521844,3.1501185,17.698,0.11,0.06,0.11,2.525,2.288,0.28,23
$GNSS,2024-08-03T09:17:07.400Z,50.8521850,3.1501163,17.705,0.17,0.00,0.06,2.509,2.282,0.28,23
$GNSS,2024-08-03T09:17:07.600Z,50.8521850,3.1501139,17.660,0.16,-0.08,0.10,2.486,2.270,0.30,23
$GNSS,2024-08-03T09:17:07.800Z,50.8521844,3.1501115,17.595,-0.05,-0.02,0.28,2.456,2.252,0.33,24
$GNSS,2024-08-03T09:17:08.000Z,50.8521831,3.1501093,17.545,-0.20,0.15,-0.03,2.435,2.243,0.26,24
$GNSS,2024-08-03T09:17:08.200Z,50.8521815,3.1501069,17.436,-0.38,0.56,0.22,2.416,2.235,0.21,25
$GNSS,2024-08-03T09:17:08.400Z,50.8521792,3.1501057,17.389,-0.71,0.49,-0.54,2.391,2.223,0.30,24
$GNSS,2024-08-03T09:17:08.600Z,50.8521779,3.1501041,17.289,-0.23,0.22,0.21,2.356,2.198,0.26,25
$GNSS,2024-08-03T09:17:08.800Z,50.8521774,3.1501018,17.186,-0.01,0.05,0.13,2.334,2.185,0.29,26
$GNSS,2024-08-03T09:17:09.000Z,50.8521774,3.1500993,17.085,0.18,-0.16,0.15,2.307,2.167,0.28,26
$GNSS,2024-08-03T09:17:09.200Z,50.8521772,3.1500966,16.953,0.07,-0.08,0.18,2.258,2.128,0.29,27
$GNSS,2024-08-03T09:17:09.400Z,50.8521768,3.1500939,16.849,-0.01,-0.12,0.06,2.223,2.106,0.21,27
$GNSS,2024-08-03T09:17:09.600Z,50.8521768,3.1500915,16.744,0.00,-0.02,0.29,2.208,2.102,0.32,26
$GNSS,2024-08-03T09:17:09.800Z,50.8521769,3.1500889,16.659,-0.02,0.06,0.16,2.199,2.105,0.30,26
$GNSS,2024-08-03T09:17:10.000Z,50.8521770,3.1500864,16.563,0.03,0.01,0.16,2.189,2.110,0.33,26
$GNSS,2024-08-03T09:17:10.200Z,50.8521776,3.1500838,16.418,0.12,0.02,0.69,2.177,2.113,0.34,26
$GNSS,2024-08-03T09:17:10.400Z,50.8521788,3.1500824,16.262,0.06,0.24,0.84,2.126,2.077,0.36,24
$GNSS,2024-08-03T09:17:10.600Z,50.8521792,3.1500809,16.032,0.16,0.05,0.67,2.100,2.067,0.40,25
$GNSS,2024-08-03T09:17:10.800Z,50.8521795,3.1500795,15.966,-0.09,-0.09,0.42,2.051,2.035,0.41,26
$GNSS,2024-08-03T09:17:11.000Z,50.8521794,3.1500784,15.875,-0.04,-0.01,0.49,2.016,2.015,0.45,26
$GNSS,2024-08-03T09:17:11.200Z,50.8521792,3.1500772,15.865,-0.15,-0.02,-0.07,1.988,2.002,0.36,27
$GNSS,2024-08-03T09:17:11.400Z,50.8521798,3.1500761,15.916,-0.05,0.05,0.18,1.963,1.993,0.43,26
$GNSS,2024-08-03T09:17:11.600Z,50.8521803,3.1500749,15.888,-0.14,0.02,0.12,1.952,1.996,0.34,26
$GNSS,2024-08-03T09:17:11.800Z,50.8521807,3.1500736,15.902,-0.01,0.07,0.08,1.948,2.005,0.36,25
$GNSS,2024-08-03T09:17:12.000Z,50.8521808,3.1500726,15.843,-0.03,0.13,0.19,1.936,2.004,0.38,25
$GNSS,2024-08-03T09:17:12.200Z,50.8521809,3.1500717,15.823,0.01,0.04,-0.14,1.912,1.991,0.40,26
$GNSS,2024-08-03T09:17:12.400Z,50.8521812,3.1500704,15.915,-0.38,0.10,-0.81,1.904,1.999,0.44,26
$GNSS,2024-08-03T09:17:12.600Z,50.8521811,3.1500691,16.136,-0.44,-0.17,-0.89,1.887,1.994,0.42,25
$GNSS,2024-08-03T09:17:12.800Z,50.8521806,3.1500674,16.128,-0.21,-0.05,-0.37,1.888,2.005,0.37,27
$GNSS,2024-08-03T09:17:13.000Z,50.8521809,3.1500660,16.124,-0.04,0.00,0.03,1.900,2.026,0.29,27
$GNSS,2024-08-03T09:17:13.200Z,50.8521813,3.1500648,16.082,0.02,0.04,-0.03,1.901,2.034,0.23,27
$GNSS,2024-08-03T09:17:13.400Z,50.8521818,3.1500635,16.046,-0.08,-0.01,-0.17,1.896,2.036,0.32,27
$GNSS,2024-08-03T09:17:13.600Z,50.8521826,3.1500623,16.028,0.06,0.05,-0.13,1.889,2.036,0.28,27
$GNSS,2024-08-03T09:17:13.800Z,50.8521836,3.1500613,16.021,0.10,0.08,-0.26,1.879,2.030,0.28,27
$GNSS,2024-08-03T09:17:14.000Z,50.8521846,3.1500602,16.013,0.01,-0.02,0.01,1.870,2.023,0.19,27
$GNSS,2024-08-03T09:17:14.200Z,50.8521856,3.1500591,16.001,0.01,-0.01,0.06,1.858,2.012,0.28,27
$GNSS,2024-08-03T09:17:14.400Z,50.8521865,3.1500576,15.956,0.07,0.06,0.02,1.768,1.920,0.21,27
$GNSS,2024-08-03T09:17:14.600Z,50.8521870,3.1500559,15.852,0.03,-0.11,0.03,1.717,1.870,0.17,27
$GNSS,2024-08-03T09:17:14.800Z,50.8521873,3.1500540,15.729,-0.03,0.01,0.04,1.689,1.844,0.26,27
$GNSS,2024-08-03T09:17:15.000Z,50.8521876,3.1500523,15.619,-0.01,-0.01,0.05,1.662,1.820,0.28,27
$GNSS,2024-08-03T09:17:15.200Z,50.8521878,3.1500504,15.529,-0.06,-0.03,0.04,1.605,1.762,0.24,27
$GNSS,2024-08-03T09:17:15.400Z,50.8521878,3.1500487,15.461,-0.06,0.01,-0.05,1.568,1.725,0.28,27
$GNSS,2024-08-03T09:17:15.600Z,50.8521878,3.1500471,15.396,0.04,0.00,-0.10,1.539,1.699,0.28,27
$GNSS,2024-08-03T09:17:15.800Z,50.8521878,3.1500456,15.359,0.02,0.04,-0.19,1.516,1.677,0.28,27
$GNSS,2024-08-03T09:17:16.000Z,50.8521879,3.1500441,15.297,0.10,-0.02,-0.08,1.499,1.662,0.26,27
$GNSS,2024-08-03T09:17:16.200Z,50.8521880,3.1500425,15.234,0.02,-0.02,-0.01,1.490,1.656,0.22,27
$GNSS,2024-08-03T09:17:16.400Z,50.8521880,3.1500411,15.217,0.02,-0.02,-0.04,1.481,1.649,0.26,27
$GNSS,2024-08-03T09:17:16.600Z,50.8521879,3.1500396,15.174,-0.01,0.00,-0.04,1.472,1.642,0.28,27
$GNSS,2024-08-03T09:17:16.800Z,50.8521880,3.1500384,15.142,-0.02,-0.02,0.06,1.463,1.636,0.27,27
$GNSS,2024-08-03T09:17:17.000Z,50.8521881,3.1500371,15.127,-0.02,-0.04,0.02,1.454,1.629,0.18,27
$GNSS,2024-08-03T09:17:17.200Z,50.8521890,3.1500359,15.155,0.00,0.06,0.15,1.442,1.621,0.28,27
$GNSS,2024-08-03T09:17:17.400Z,50.8521898,3.1500347,15.159,0.09,-0.08,0.04,1.432,1.613,0.24,27
$GNSS,2024-08-03T09:17:17.600Z,50.8521905,3.1500336,15.163,-0.08,0.04,0.17,1.423,1.605,0.27,27
$GNSS,2024-08-03T09:17:17.800Z,50.8521911,3.1500323,15.157,-0.02,-0.17,0.11,1.413,1.598,0.20,27
$GNSS,2024-08-03T09:17:18.000Z,50.8521917,3.1500312,15.182,-0.04,0.07,0.03,1.405,1.591,0.21,27
$GNSS,2024-08-03T09:17:18.200Z,50.8521921,3.1500304,15.180,-0.06,0.02,0.11,1.397,1.586,0.29,27
$GNSS,2024-08-03T09:17:18.400Z,50.8521924,3.1500295,15.154,-0.05,-0.04,0.11,1.391,1.582,0.27,27
$GNSS,2024-08-03T09:17:18.600Z,50.8521930,3.1500286,15.148,0.03,0.02,0.00,1.384,1.577,0.24,27
$GNSS,2024-08-03T09:17:18.800Z,50.8521934,3.1500278,15.155,-0.10,0.00,-0.01,1.378,1.573,0.28,27
$GNSS,2024-08-03T09:17:19.000Z,50.8521937,3.1500271,15.143,-0.07,0.04,0.02,1.372,1.568,0.26,27
$GNSS,2024-08-03T09:17:19.200Z,50.8521941,3.1500263,15.154,0.00,-0.04,-0.03,1.366,1.564,0.23,27
$GNSS,2024-08-03T09:17:19.400Z,50.8521947,3.1500256,15.172,-0.07,0.04,0.10,1.360,1.558,0.27,27
$GNSS,2024-08-03T09:17:19.600Z,50.8521950,3.1500248,15.241,-0.34,0.05,-0.51,1.352,1.551,0.27,27
$GNSS,2024-08-03T09:17:19.800Z,50.8521953,3.1500233,15.377,-0.70,-0.37,-0.13,1.339,1.535,0.22,27
$GNSS,2024-08-03T09:17:20.000Z,50.8521962,3.1500213,15.495,0.21,-0.40,-0.12,1.327,1.520,0.19,27
$GNSS,2024-08-03T09:17:20.200Z,50.8521972,3.1500203,15.567,-0.08,0.22,0.13,1.316,1.506,0.19,27
$GNSS,2024-08-03T09:17:20.400Z,50.8521986,3.1500198,15.619,0.45,0.03,0.15,1.306,1.492,0.29,27
$GNSS,2024-08-03T09:17:20.600Z,50.8522003,3.1500189,15.598,0.31,0.07,0.72,1.295,1.478,0.26,26
$GNSS,2024-08-03T09:17:20.800Z,50.8522015,3.1500180,15.598,0.18,-0.02,0.13,1.286,1.466,0.24,26
$GNSS,2024-08-03T09:17:21.000Z,50.8522026,3.1500171,15.587,0.26,0.03,0.36,1.277,1.456,0.26,27
$GNSS,2024-08-03T09:17:21.200Z,50.8522032,3.1500163,15.556,0.08,-0.11,-0.09,1.271,1.451,0.22,28
$GNSS,2024-08-03T09:17:21.400Z,50.8522037,3.1500154,15.554,-0.06,0.06,0.01,1.266,1.446,0.21,28
$GNSS,2024-08-03T09:17:21.600Z,50.8522041,3.1500147,15.541,0.07,-0.01,0.05,1.261,1.440,0.28,28
$GNSS,2024-08-03T09:17:21.800Z,50.8522039,3.1500136,15.701,-0.93,-0.16,-0.93,1.252,1.429,0.25,28
$GNSS,2024-08-03T09:17:22.000Z,50.8522033,3.1500126,15.772,-0.40,-0.13,-0.01,1.243,1.418,0.25,28
$GNSS,2024-08-03T09:17:22.200Z,50.8522036,3.1500113,15.821,-0.14,-0.41,-0.11,1.235,1.408,0.21,28
$GNSS,2024-08-03T09:17:22.400Z,50.8522040,3.1500097,15.890,-0.07,-0.26,-0.10,1.227,1.399,0.21,26
$GNSS,2024-08-03T09:17:22.600Z,50.8522045,3.1500084,15.943,-0.03,-0.24,-0.13,1.220,1.392,0.22,26
$GNSS,2024-08-03T09:17:22.800Z,50.8522051,3.1500073,15.978,-0.04,-0.20,-0.03,1.213,1.387,0.19,25
$GNSS,2024-08-03T09:17:23.000Z,50.8522057,3.1500064,16.029,0.01,-0.07,-0.10,1.206,1.382,0.27,25
$GNSS,2024-08-03T09:17:23.200Z,50.8522064,3.1500060,16.029,-0.05,0.03,0.02,1.200,1.376,0.22,25
$GNSS,2024-08-03T09:17:23.400Z,50.8522071,3.1500060,16.006,0.01,0.14,0.04,1.194,1.372,0.20,25
$GNSS,2024-08-03T09:17:23.600Z,50.8522077,3.1500060,16.022,-0.10,0.14,0.00,1.188,1.367,0.19,25
$GNSS,2024-08-03T09:17:23.800Z,50.8522080,3.1500063,16.024,-0.26,0.26,0.04,1.182,1.362,0.20,25
$GNSS,2024-08-03T09:17:24.000Z,50.8522083,3.1500068,16.026,-0.27,0.31,-0.11,1.177,1.357,0.21,25
$GNSS,2024-08-03T09:17:24.200Z,50.8522086,3.1500073,16.046,-0.10,0.33,0.00,1.172,1.352,0.16,25
$GNSS,2024-08-03T09:17:24.400Z,50.8522092,3.1500083,16.059,0.13,0.46,-0.01,1.168,1.348,0.19,25
$GNSS,2024-08-03T09:17:24.600Z,50.8522097,3.1500089,16.066,-0.01,0.14,-0.01,1.165,1.344,0.18,27
$GNSS,2024-08-03T09:17:24.800Z,50.8522101,3.1500089,16.065,0.03,0.05,-0.01,1.162,1.339,0.22,27
$GNSS,2024-08-03T09:17:25.000Z,50.8522105,3.1500087,16.063,0.07,-0.03,0.04,1.160,1.336,0.31,27
$GNSS,2024-08-03T09:17:25.200Z,50.8522110,3.1500083,16.049,0.21,-0.12,0.09,1.158,1.331,0.30,27
$GNSS,2024-08-03T09:17:25.400Z,50.8522115,3.1500078,16.043,0.05,-0.10,0.00,1.156,1.328,0.24,27
$GNSS,2024-08-03T09:17:25.600Z,50.8522117,3.1500075,16.032,-0.08,0.01,-0.03,1.154,1.323,0.32,27
$GNSS,2024-08-03T09:17:25.800Z,50.8522118,3.1500073,16.015,-0.08,0.06,-0.06,1.152,1.319,0.28,27
$GNSS,2024-08-03T09:17:26.000Z,50.8522118,3.1500072,16.003,-0.04,0.00,-0.06,1.150,1.315,0.27,27
$GNSS,2024-08-03T09:17:26.200Z,50.8522120,3.1500069,15.998,-0.02,0.01,-0.03,1.148,1.312,0.26,27
$GNSS,2024-08-03T09:17:26.400Z,50.8522121,3.1500067,15.994,-0.05,0.05,-0.13,1.146,1.308,0.25,27
$GNSS,2024-08-03T09:17:26.600Z,50.8522122,3.1500065,15.994,-0.06,0.00,-0.08,1.144,1.303,0.27,27
$GNSS,2024-08-03T09:17:26.800Z,50.8522122,3.1500063,15.991,-0.17,-0.01,-0.04,1.142,1.300,0.32,27
$GNSS,2024-08-03T09:17:27.000Z,50.8522123,3.1500062,15.986,-0.07,0.06,-0.03,1.140,1.296,0.28,27
$GNSS,2024-08-03T09:17:27.200Z,50.8522124,3.1500061,15.988,-0.08,-0.01,-0.03,1.138,1.292,0.31,27
$GNSS,2024-08-03T09:17:27.400Z,50.8522127,3.1500058,15.972,0.01,-0.04,0.01,1.135,1.289,0.20,27
$GNSS,2024-08-03T09:17:27.600Z,50.8522132,3.1500055,15.982,0.10,-0.04,0.00,1.133,1.285,0.29,27
$GNSS,2024-08-03T09:17:27.800Z,50.8522137,3.1500051,15.996,0.07,-0.11,-0.05,1.130,1.281,0.24,27
$GNSS,2024-08-03T09:17:28.000Z,50.8522143,3.1500041,16.011,0.23,-0.45,0.04,1.128,1.278,0.22,27
$GNSS,2024-08-03T09:17:28.200Z,50.8522152,3.1500027,16.007,0.33,-0.41,0.03,1.125,1.275,0.23,27
$GNSS,2024-08-03T09:17:28.400Z,50.8522162,3.1500013,16.002,0.35,-0.41,0.10,1.122,1.272,0.23,27
$GNSS,2024-08-03T09:17:28.600Z,50.8522171,3.1500005,16.000,0.29,0.03,-0.20,1.120,1.269,0.26,27
$GNSS,2024-08-03T09:17:28.800Z,50.8522180,3.1499999,16.006,0.28,-0.29,0.07,1.118,1.265,0.23,28
$GNSS,2024-08-03T09:17:29.000Z,50.8522186,3.1499990,15.986,0.01,-0.15,-0.01,1.115,1.262,0.15,28
$GNSS,2024-08-03T09:17:29.200Z,50.8522191,3.1499986,15.965,0.15,0.08,-0.05,1.112,1.259,0.24,27
$GNSS,2024-08-03T09:17:29.400Z,50.8522199,3.1499988,15.939,0.15,0.24,-0.08,1.109,1.255,0.22,27
$GNSS,2024-08-03T09:17:29.600Z,50.8522206,3.1499994,15.913,0.18,0.36,-0.02,1.105,1.250,0.22,27
$GNSS,2024-08-03T09:17:29.800Z,50.8522214,3.1500004,15.890,-0.06,0.62,-0.14,1.101,1.245,0.15,27
$GNSS,2024-08-03T09:17:30.000Z,50.8522221,3.1500019,15.892,0.20,0.57,-0.14,1.097,1.240,0.17,27
$GNSS,2024-08-03T09:17:30.200Z,50.8522231,3.1500032,15.882,0.34,0.36,-0.06,1.094,1.237,0.23,27
$GNSS,2024-08-03T09:17:30.400Z,50.8522242,3.1500034,15.883,0.23,-0.08,0.02,1.091,1.233,0.25,27
$GNSS,2024-08-03T09:17:30.600Z,50.8522250,3.1500028,15.913,0.04,-0.10,-0.03,1.087,1.229,0.17,28
$GNSS,2024-08-03T09:17:30.800Z,50.8522255,3.1500016,15.929,0.05,-0.56,-0.06,1.085,1.226,0.16,28
$GNSS,2024-08-03T09:17:31.000Z,50.8522261,3.1500001,15.933,0.10,-0.30,0.05,1.082,1.224,0.16,27
$GNSS,2024-08-03T09:17:31.200Z,50.8522268,3.1499992,15.914,0.05,-0.19,0.01,1.080,1.222,0.16,27
$GNSS,2024-08-03T09:17:31.400Z,50.8522274,3.1499987,15.910,0.19,-0.05,0.07,1.078,1.220,0.27,27
$GNSS,2024-08-03T09:17:31.600Z,50.8522281,3.1499986,15.914,0.01,0.15,-0.05,1.076,1.217,0.16,28
$GNSS,2024-08-03T09:17:31.800Z,50.8522286,3.1499987,15.911,0.08,0.06,0.03,1.075,1.215,0.27,28
$GNSS,2024-08-03T09:17:32.000Z,50.8522290,3.1499986,15.907,-0.05,0.02,0.11,1.074,1.213,0.24,28
$GNSS,2024-08-03T09:17:32.200Z,50.8522293,3.1499988,15.868,-0.13,0.16,-0.07,1.073,1.211,0.21,27
$GNSS,2024-08-03T09:17:32.400Z,50.8522295,3.1499991,15.848,-0.21,0.12,-0.01,1.072,1.209,0.24,27
$GNSS,2024-08-03T09:17:32.600Z,50.8522295,3.1499993,15.826,-0.30,0.11,-0.01,1.070,1.206,0.25,27
$GNSS,2024-08-03T09:17:32.800Z,50.8522296,3.1499995,15.788,-0.18,0.07,-0.01,1.069,1.204,0.25,27
$GNSS,2024-08-03T09:17:33.000Z,50.8522298,3.1499996,15.748,-0.10,0.04,-0.03,1.067,1.201,0.25,27
$GNSS,2024-08-03T09:17:33.200Z,50.8522299,3.1499994,15.749,-0.16,0.07,0.03,1.066,1.199,0.23,26
$GNSS,2024-08-03T09:17:33.400Z,50.8522300,3.1499994,15.743,-0.10,0.10,-0.04,1.064,1.196,0.20,26
$GNSS,2024-08-03T09:17:33.600Z,50.8522301,3.1499993,15.765,-0.14,0.07,-0.04,1.063,1.194,0.23,26
$GNSS,2024-08-03T09:17:33.800Z,50.8522303,3.1499993,15.776,-0.07,0.06,-0.09,1.061,1.192,0.25,26
$GNSS,2024-08-03T09:17:34.000Z,50.8522305,3.1499992,15.789,-0.04,0.04,-0.02,1.060,1.191,0.23,26
$GNSS,2024-08-03T09:17:34.200Z,50.8522307,3.1499991,15.785,-0.05,-0.02,-0.03,1.059,1.191,0.30,26
$GNSS,2024-08-03T09:17:34.400Z,50.8522309,3.1499987,15.794,-0.04,-0.01,0.07,1.058,1.191,0.24,26
$GNSS,2024-08-03T09:17:34.600Z,50.8522311,3.1499985,15.809,0.02,0.05,-0.01,1.057,1.190,0.20,26
$GNSS,2024-08-03T09:17:34.800Z,50.8522314,3.1499985,15.823,0.02,0.12,-0.04,1.056,1.190,0.17,26
$GNSS,2024-08-03T09:17:35.000Z,50.8522316,3.1499984,15.849,0.01,0.04,0.00,1.056,1.190,0.17,27
$GNSS,2024-08-03T09:17:35.200Z,50.8522320,3.1499983,15.849,0.09,0.00,0.03,1.056,1.191,0.32,28
$GNSS,2024-08-03T09:17:35.400Z,50.8522324,3.1499982,15.832,0.06,-0.01,0.01,1.056,1.192,0.30,28
$GNSS,2024-08-03T09:17:35.600Z,50.8522328,3.1499982,15.829,0.03,0.01,-0.07,1.056,1.193,0.27,28
$GNSS,2024-08-03T09:17:35.800Z,50.8522331,3.1499981,15.828,0.01,0.00,0.06,1.056,1.194,0.30,28
$GNSS,2024-08-03T09:17:36.000Z,50.8522334,3.1499979,15.825,0.07,-0.03,0.07,1.056,1.195,0.30,28
$GNSS,2024-08-03T09:17:36.200Z,50.8522337,3.1499977,15.822,0.00,-0.01,0.06,1.056,1.196,0.28,28
$GNSS,2024-08-03T09:17:36.400Z,50.8522339,3.1499977,15.803,-0.07,0.00,-0.06,1.056,1.197,0.31,28
$GNSS,2024-08-03T09:17:36.600Z,50.8522342,3.1499977,15.775,0.01,0.03,0.04,1.056,1.197,0.27,28
$GNSS,2024-08-03T09:17:36.800Z,50.8522344,3.1499976,15.765,-0.01,-0.08,-0.09,1.056,1.198,0.26,28
$GNSS,2024-08-03T09:17:37.000Z,50.8522347,3.1499973,15.772,0.02,-0.05,-0.01,1.056,1.198,0.19,28
$GNSS,2024-08-03T09:17:37.200Z,50.8522350,3.1499972,15.750,0.09,0.00,0.05,1.056,1.199,0.31,28
$GNSS,2024-08-03T09:17:37.400Z,50.8522352,3.1499971,15.732,-0.06,0.06,0.02,1.055,1.198,0.22,28
$GNSS,2024-08-03T09:17:37.600Z,50.8522354,3.1499972,15.711,0.01,0.04,0.04,1.054,1.198,0.26,28
$GNSS,2024-08-03T09:17:37.800Z,50.8522357,3.1499969,15.697,-0.04,-0.13,-0.11,1.053,1.197,0.25,28
$GNSS,2024-08-03T09:17:38.000Z,50.8522358,3.1499966,15.692,-0.01,-0.02,0.07,1.052,1.196,0.24,28
$GNSS,2024-08-03T09:17:38.200Z,50.8522361,3.1499964,15.685,0.18,0.08,0.05,1.051,1.195,0.28,29
$GNSS,2024-08-03T09:17:38.400Z,50.8522365,3.1499964,15.667,-0.01,0.00,-0.05,1.049,1.193,0.27,29
$GNSS,2024-08-03T09:17:38.600Z,50.8522364,3.1499961,15.670,-0.29,-0.07,0.01,1.047,1.190,0.27,29
$GNSS,2024-08-03T09:17:38.800Z,50.8522362,3.1499959,15.644,-0.15,0.03,0.05,1.046,1.189,0.25,29
$GNSS,2024-08-03T09:17:39.000Z,50.8522364,3.1499959,15.632,0.16,0.04,-0.08,1.046,1.188,0.25,29
$GNSS,2024-08-03T09:17:39.200Z,50.8522367,3.1499959,15.621,-0.02,0.03,0.01,1.045,1.188,0.19,29
$GNSS,2024-08-03T09:17:39.400Z,50.8522369,3.1499959,15.604,0.00,0.02,-0.05,1.045,1.188,0.25,29
$GNSS,2024-08-03T09:17:39.600Z,50.8522372,3.1499959,15.600,0.17,0.06,-0.08,1.045,1.188,0.25,29
$GNSS,2024-08-03T09:17:39.800Z,50.8522378,3.1499957,15.603,0.32,-0.14,-0.11,1.044,1.187,0.27,28
$GNSS,2024-08-03T09:17:40.000Z,50.8522383,3.1499950,15.610,0.08,-0.27,-0.24,1.043,1.188,0.26,28
$GNSS,2024-08-03T09:17:40.200Z,50.8522384,3.1499941,15.610,-0.04,-0.33,-0.03,1.042,1.187,0.20,28
$GNSS,2024-08-03T09:17:40.400Z,50.8522386,3.1499927,15.619,0.23,-0.59,-0.01,1.042,1.186,0.21,28
$GNSS,2024-08-03T09:17:40.600Z,50.8522392,3.1499916,15.590,0.13,-0.18,-0.01,1.042,1.185,0.21,28
$GNSS,2024-08-03T09:17:40.800Z,50.8522393,3.1499922,15.596,-0.22,0.59,-0.26,1.042,1.185,0.19,28
$GNSS,2024-08-03T09:17:41.000Z,50.8522390,3.1499933,15.597,-0.23,0.21,0.06,1.041,1.185,0.27,28
$GNSS,2024-08-03T09:17:41.200Z,50.8522386,3.1499940,15.601,-0.33,0.48,0.23,1.039,1.185,0.25,28
$GNSS,2024-08-03T09:17:41.400Z,50.8522381,3.1499947,15.582,-0.27,0.25,0.22,1.036,1.185,0.27,28
$GNSS,2024-08-03T09:17:41.600Z,50.8522377,3.1499950,15.560,-0.28,0.03,0.03,1.034,1.185,0.25,28
$GNSS,2024-08-03T09:17:41.800Z,50.8522370,3.1499946,15.580,-0.49,-0.19,-0.04,1.032,1.185,0.25,28
$GNSS,2024-08-03T09:17:42.000Z,50.8522362,3.1499936,15.594,-0.40,-0.32,0.08,1.029,1.184,0.22,28
$GNSS,2024-08-03T09:17:42.200Z,50.8522358,3.1499924,15.614,-0.09,-0.36,0.00,1.026,1.183,0.24,28
$GNSS,2024-08-03T09:17:42.400Z,50.8522355,3.1499917,15.622,-0.30,-0.01,0.03,1.023,1.179,0.21,27
$GNSS,2024-08-03T09:17:42.600Z,50.8522352,3.1499915,15.632,-0.08,0.02,0.06,1.019,1.174,0.22,27
$GNSS,2024-08-03T09:17:42.800Z,50.8522352,3.1499913,15.629,-0.06,-0.02,-0.02,1.015,1.170,0.26,27
$GNSS,2024-08-03T09:17:43.000Z,50.8522350,3.1499910,15.652,-0.07,0.00,0.03,1.011,1.166,0.24,28
$GNSS,2024-08-03T09:17:43.200Z,50.8522349,3.1499908,15.647,0.01,0.01,-0.03,1.007,1.162,0.22,28
$GNSS,2024-08-03T09:17:43.400Z,50.8522349,3.1499907,15.643,0.00,0.04,-0.04,1.004,1.159,0.20,28
$GNSS,2024-08-03T09:17:43.600Z,50.8522349,3.1499905,15.644,-0.05,0.02,-0.01,1.001,1.156,0.23,28
$GNSS,2024-08-03T09:17:43.800Z,50.8522349,3.1499903,15.638,-0.03,0.06,0.04,0.998,1.153,0.20,28
$GNSS,2024-08-03T09:17:44.000Z,50.8522349,3.1499900,15.642,0.02,-0.01,0.03,0.995,1.151,0.25,28
$GNSS,2024-08-03T09:17:44.200Z,50.8522349,3.1499897,15.650,-0.02,-0.02,0.03,0.993,1.148,0.23,29
$GNSS,2024-08-03T09:17:44.400Z,50.8522348,3.1499892,15.708,-0.03,0.00,-0.03,0.990,1.146,0.26,29
$GNSS,2024-08-03T09:17:44.600Z,50.8522347,3.1499887,15.773,-0.03,-0.02,-0.03,0.988,1.143,0.26,29
$GNSS,2024-08-03T09:17:44.800Z,50.8522347,3.1499882,15.819,-0.03,0.01,-0.03,0.985,1.140,0.25,28
$GNSS,2024-08-03T09:17:45.000Z,50.8522343,3.1499880,15.913,-0.50,0.10,0.18,0.982,1.137,0.20,28
$GNSS,2024-08-03T09:17:45.200Z,50.8522341,3.1499877,15.906,0.44,0.03,-0.16,0.981,1.135,0.29,28
$GNSS,2024-08-03T09:17:45.400Z,50.8522345,3.1499874,15.954,0.16,0.14,-0.11,0.981,1.133,0.25,28
$GNSS,2024-08-03T09:17:45.600Z,50.8522348,3.1499873,15.989,0.21,0.10,-0.10,0.981,1.132,0.26,28
$GNSS,2024-08-03T09:17:45.800Z,50.8522352,3.1499874,16.022,0.26,0.26,-0.09,0.980,1.131,0.23,28
$GNSS,2024-08-03T09:17:46.000Z,50.8522357,3.1499878,16.048,0.26,0.28,-0.09,0.979,1.130,0.21,29
$GNSS,2024-08-03T09:17:46.200Z,50.8522361,3.1499881,16.085,0.17,0.24,-0.08,0.978,1.129,0.19,29
$GNSS,2024-08-03T09:17:46.400Z,50.8522363,3.1499886,16.149,0.10,0.38,-0.03,0.978,1.129,0.16,29
$GNSS,2024-08-03T09:17:46.600Z,50.8522363,3.1499896,16.172,-0.06,0.51,0.05,0.978,1.129,0.22,29
$GNSS,2024-08-03T09:17:46.800Z,50.8522368,3.1499903,16.181,0.55,0.14,0.06,0.978,1.130,0.28,28
$GNSS,2024-08-03T09:17:47.000Z,50.8522374,3.1499896,16.247,0.11,-0.35,-0.10,0.977,1.129,0.27,27
$GNSS,2024-08-03T09:17:47.200Z,50.8522371,3.1499883,16.327,-0.35,-0.26,0.04,0.976,1.128,0.20,27
$GNSS,2024-08-03T09:17:47.400Z,50.8522367,3.1499868,16.393,-0.08,-0.46,0.12,0.973,1.126,0.21,28
$GNSS,2024-08-03T09:17:47.600Z,50.8522367,3.1499853,16.463,0.08,-0.38,0.01,0.971,1.124,0.22,28
$GNSS,2024-08-03T09:17:47.800Z,50.8522363,3.1499843,16.513,-0.53,-0.12,0.05,0.969,1.121,0.17,28
$GNSS,2024-08-03T09:17:48.000Z,50.8522360,3.1499838,16.553,0.24,0.02,0.00,0.968,1.120,0.28,29
$GNSS,2024-08-03T09:17:48.200Z,50.8522361,3.1499833,16.573,-0.03,-0.06,-0.06,0.968,1.120,0.25,29
$GNSS,2024-08-03T09:17:48.400Z,50.8522360,3.1499829,16.619,-0.09,0.12,-0.16,0.967,1.118,0.24,29
$GNSS,2024-08-03T09:17:48.600Z,50.8522359,3.1499827,16.668,-0.05,0.09,-0.13,0.967,1.117,0.23,29
$GNSS,2024-08-03T09:17:48.800Z,50.8522360,3.1499827,16.727,0.04,0.10,-0.04,0.966,1.116,0.18,29
$GNSS,2024-08-03T09:17:49.000Z,50.8522361,3.1499825,16.761,0.08,0.01,0.01,0.966,1.115,0.29,29
$GNSS,2024-08-03T09:17:49.200Z,50.8522362,3.1499822,16.816,0.00,0.11,-0.01,0.965,1.114,0.14,29
$GNSS,2024-08-03T09:17:49.400Z,50.8522362,3.1499821,16.881,0.00,0.12,0.12,0.964,1.113,0.24,28
$GNSS,2024-08-03T09:17:49.600Z,50.8522360,3.1499819,16.912,-0.10,0.03,-0.01,0.964,1.112,0.31,28
$GNSS,2024-08-03T09:17:49.800Z,50.8522360,3.1499816,16.950,0.06,0.02,0.03,0.964,1.110,0.29,28
$GNSS,2024-08-03T09:17:50.000Z,50.8522359,3.1499813,16.982,-0.05,0.04,0.03,0.964,1.109,0.27,28
$GNSS,2024-08-03T09:17:50.200Z,50.8522358,3.1499810,17.024,-0.06,-0.03,0.01,0.963,1.107,0.26,28
$GNSS,2024-08-03T09:17:50.400Z,50.8522356,3.1499806,17.070,-0.07,0.03,0.04,0.963,1.106,0.28,29
$GNSS,2024-08-03T09:17:50.600Z,50.8522355,3.1499802,17.109,-0.02,-0.04,-0.03,0.962,1.105,0.23,29
$GNSS,2024-08-03T09:17:50.800Z,50.8522354,3.1499798,17.164,-0.01,0.00,0.00,0.962,1.103,0.28,29
$GNSS,2024-08-03T09:17:51.000Z,50.8522355,3.1499795,17.197,0.08,0.03,-0.07,0.961,1.102,0.26,29
$GNSS,2024-08-03T09:17:51.200Z,50.8522356,3.1499793,17.238,0.03,0.04,-0.02,0.961,1.102,0.22,29
$GNSS,2024-08-03T09:17:51.400Z,50.8522357,3.1499795,17.277,0.17,0.29,-0.15,0.962,1.101,0.21,29
$GNSS,2024-08-03T09:17:51.600Z,50.8522363,3.1499794,17.337,0.42,-0.18,-0.07,0.961,1.101,0.25,29
$GNSS,2024-08-03T09:17:51.800Z,50.8522366,3.1499786,17.381,0.01,-0.17,0.02,0.960,1.099,0.22,28
$GNSS,2024-08-03T09:17:52.000Z,50.8522366,3.1499779,17.409,0.01,-0.09,0.06,0.957,1.096,0.21,28
$GNSS,2024-08-03T09:17:52.200Z,50.8522366,3.1499775,17.457,0.04,-0.11,0.08,0.955,1.094,0.20,28
$GNSS,2024-08-03T09:17:52.400Z,50.8522367,3.1499770,17.494,-0.01,-0.05,0.03,0.952,1.092,0.19,28
$GNSS,2024-08-03T09:17:52.600Z,50.8522367,3.1499765,17.523,0.03,-0.05,0.06,0.950,1.090,0.22,28
$GNSS,2024-08-03T09:17:52.800Z,50.8522367,3.1499762,17.560,0.00,-0.01,0.05,0.948,1.088,0.24,28
$GNSS,2024-08-03T09:17:53.000Z,50.8522367,3.1499759,17.572,0.03,0.06,0.03,0.946,1.086,0.23,28
$GNSS,2024-08-03T09:17:53.200Z,50.8522368,3.1499757,17.631,-0.01,-0.01,0.00,0.944,1.084,0.22,28
$GNSS,2024-08-03T09:17:53.400Z,50.8522368,3.1499755,17.680,0.02,0.02,0.01,0.942,1.082,0.21,28
$GNSS,2024-08-03T09:17:53.600Z,50.8522367,3.1499752,17.721,-0.05,0.01,-0.10,0.940,1.079,0.24,28
$GNSS,2024-08-03T09:17:53.800Z,50.8522367,3.1499750,17.786,0.03,0.01,-0.03,0.937,1.077,0.20,28
$GNSS,2024-08-03T09:17:54.000Z,50.8522368,3.1499748,17.832,0.00,0.01,-0.02,0.935,1.075,0.22,28
$GNSS,2024-08-03T09:17:54.200Z,50.8522368,3.1499746,17.872,0.02,-0.01,0.02,0.932,1.073,0.21,28
$GNSS,2024-08-03T09:17:54.400Z,50.8522369,3.1499743,17.905,-0.02,-0.01,0.08,0.931,1.071,0.23,28
$GNSS,2024-08-03T09:17:54.600Z,50.8522368,3.1499741,17.938,-0.02,0.01,0.00,0.929,1.070,0.20,28
$GNSS,2024-08-03T09:17:54.800Z,50.8522368,3.1499739,17.970,-0.05,0.02,-0.02,0.928,1.068,0.22,28
$GNSS,2024-08-03T09:17:55.000Z,50.8522367,3.1499736,17.998,-0.01,0.03,0.02,0.926,1.066,0.23,28
$GNSS,2024-08-03T09:17:55.200Z,50.8522367,3.1499735,18.034,-0.02,0.04,-0.02,0.925,1.065,0.19,28
$GNSS,2024-08-03T09:17:55.400Z,50.8522361,3.1499737,18.085,-0.59,0.18,0.03,0.924,1.063,0.22,28
$GNSS,2024-08-03T09:17:55.600Z,50.8522356,3.1499738,18.136,0.13,-0.01,0.02,0.924,1.063,0.28,28
$GNSS,2024-08-03T09:17:55.800Z,50.8522356,3.1499736,18.149,0.00,0.03,0.02,0.924,1.063,0.26,27
$GNSS,2024-08-03T09:17:56.000Z,50.8522356,3.1499735,18.183,0.02,0.03,-0.09,0.925,1.062,0.24,28
$GNSS,2024-08-03T09:17:56.200Z,50.8522356,3.1499734,18.226,-0.01,0.07,-0.08,0.926,1.062,0.22,28
$GNSS,2024-08-03T09:17:56.400Z,50.8522356,3.1499735,18.264,0.04,0.03,-0.07,0.930,1.068,0.35,28
$GNSS,2024-08-03T09:17:56.600Z,50.8522357,3.1499731,18.287,-0.02,-0.05,0.01,0.934,1.070,0.23,26
$GNSS,2024-08-03T09:17:56.800Z,50.8522357,3.1499726,18.327,0.02,-0.11,-0.17,0.936,1.071,0.25,26
$GNSS,2024-08-03T09:17:57.000Z,50.8522356,3.1499715,18.371,-0.14,-0.46,-0.04,0.936,1.073,0.23,27
$GNSS,2024-08-03T09:17:57.200Z,50.8522356,3.1499697,18.400,0.00,-0.59,-0.12,0.938,1.075,0.20,28
$GNSS,2024-08-03T09:17:57.400Z,50.8522357,3.1499677,18.442,0.05,-0.71,-0.02,0.940,1.077,0.19,29
$GNSS,2024-08-03T09:17:57.600Z,50.8522360,3.1499657,18.470,0.24,-0.52,0.04,0.941,1.079,0.22,29
$GNSS,2024-08-03T09:17:57.800Z,50.8522362,3.1499643,18.490,0.01,-0.29,0.01,0.943,1.081,0.20,29
$GNSS,2024-08-03T09:17:58.000Z,50.8522364,3.1499636,18.513,0.16,-0.08,0.00,0.944,1.083,0.29,29
$GNSS,2024-08-03T09:17:58.200Z,50.8522367,3.1499632,18.523,0.14,-0.02,0.16,0.945,1.084,0.31,29
$GNSS,2024-08-03T09:17:58.400Z,50.8522369,3.1499632,18.521,0.07,0.23,0.03,0.945,1.083,0.23,29
$GNSS,2024-08-03T09:17:58.600Z,50.8522370,3.1499639,18.556,-0.12,0.47,-0.11,0.944,1.081,0.18,29
$GNSS,2024-08-03T09:17:58.800Z,50.8522370,3.1499653,18.531,-0.04,0.69,0.30,0.944,1.079,0.20,29
$GNSS,2024-08-03T09:17:59.000Z,50.8522372,3.1499668,18.488,0.21,0.54,0.12,0.944,1.079,0.23,29
$GNSS,2024-08-03T09:17:59.200Z,50.8522375,3.1499672,18.500,0.10,-0.07,0.09,0.944,1.079,0.27,29
$GNSS,2024-08-03T09:17:59.400Z,50.8522376,3.1499664,18.495,0.04,-0.31,0.14,0.944,1.079,0.19,29
$GNSS,2024-08-03T09:17:59.600Z,50.8522378,3.1499653,18.510,0.13,-0.32,-0.11,0.946,1.080,0.20,29
$GNSS,2024-08-03T09:17:59.800Z,50.8522381,3.1499643,18.546,0.09,-0.24,-0.07,0.947,1.081,0.19,29
$GNSS,2024-08-03T09:18:00.000Z,50.8522383,3.1499636,18.583,0.09,-0.17,-0.03,0.949,1.082,0.21,29
$GNSS,2024-08-03T09:18:00.200Z,50.8522384,3.1499634,18.612,0.12,0.20,-0.03,0.950,1.083,0.25,29
$GNSS,2024-08-03T09:18:00.400Z,50.8522386,3.1499637,18.604,0.05,0.13,0.07,0.951,1.084,0.25,29
$GNSS,2024-08-03T09:18:00.600Z,50.8522387,3.1499640,18.623,0.08,0.16,-0.18,0.952,1.084,0.25,29
$GNSS,2024-08-03T09:18:00.800Z,50.8522386,3.1499638,18.717,-0.33,-0.18,-0.50,0.952,1.085,0.29,29
$GNSS,2024-08-03T09:18:01.000Z,50.8522381,3.1499632,18.825,-0.28,-0.14,-0.31,0.953,1.085,0.29,29
$GNSS,2024-08-03T09:18:01.200Z,50.8522377,3.1499627,18.890,-0.25,-0.10,-0.15,0.953,1.084,0.30,29
$GNSS,2024-08-03T09:18:01.400Z,50.8522372,3.1499624,18.931,-0.33,0.00,-0.16,0.953,1.082,0.28,29
$GNSS,2024-08-03T09:18:01.600Z,50.8522367,3.1499622,18.985,-0.24,-0.03,-0.04,0.952,1.082,0.28,29
$GNSS,2024-08-03T09:18:01.800Z,50.8522364,3.1499620,18.998,-0.09,0.01,0.01,0.951,1.081,0.26,29
$GNSS,2024-08-03T09:18:02.000Z,50.8522364,3.1499620,19.039,0.00,0.12,0.00,0.950,1.080,0.15,29
$GNSS,2024-08-03T09:18:02.200Z,50.8522364,3.1499620,19.083,0.00,0.08,-0.02,0.950,1.080,0.14,29
$GNSS,2024-08-03T09:18:02.400Z,50.8522365,3.1499619,19.110,0.04,-0.03,-0.03,0.949,1.079,0.24,29
$GNSS,2024-08-03T09:18:02.600Z,50.8522367,3.1499618,19.101,0.03,-0.01,-0.02,0.949,1.079,0.25,29
$GNSS,2024-08-03T09:18:02.800Z,50.8522367,3.1499616,19.148,0.01,0.03,-0.05,0.948,1.078,0.20,29
$GNSS,2024-08-03T09:18:03.000Z,50.8522368,3.1499615,19.190,0.03,-0.01,-0.04,0.948,1.078,0.25,28
$GNSS,2024-08-03T09:18:03.200Z,50.8522370,3.1499612,19.212,0.10,-0.03,-0.01,0.947,1.077,0.26,28
$GNSS,2024-08-03T09:18:03.400Z,50.8522371,3.1499609,19.239,0.03,-0.08,-0.09,0.946,1.077,0.23,28
$GNSS,2024-08-03T09:18:03.600Z,50.8522372,3.1499604,19.259,0.01,-0.13,-0.03,0.946,1.076,0.16,29
$GNSS,2024-08-03T09:18:03.800Z,50.8522372,3.1499600,19.276,0.02,-0.08,-0.05,0.945,1.075,0.20,29
$GNSS,2024-08-03T09:18:04.000Z,50.8522373,3.1499596,19.292,0.03,-0.08,0.02,0.944,1.075,0.17,29
$GNSS,2024-08-03T09:18:04.200Z,50.8522374,3.1499592,19.304,0.06,-0.01,0.02,0.944,1.074,0.29,29
$GNSS,2024-08-03T09:18:04.400Z,50.8522375,3.1499590,19.323,0.04,0.04,0.09,0.943,1.073,0.27,29
$GNSS,2024-08-03T09:18:04.600Z,50.8522376,3.1499591,19.327,0.01,0.09,-0.05,0.942,1.071,0.14,29
$GNSS,2024-08-03T09:18:04.800Z,50.8522377,3.1499591,19.348,0.07,0.06,0.04,0.942,1.070,0.25,29
$GNSS,2024-08-03T09:18:05.000Z,50.8522379,3.1499589,19.378,0.20,0.04,0.01,0.941,1.068,0.27,29
$GNSS,2024-08-03T09:18:05.200Z,50.8522387,3.1499588,19.338,0.57,0.05,0.34,0.938,1.065,0.24,29
$GNSS,2024-08-03T09:18:05.400Z,50.8522389,3.1499586,19.369,-0.39,0.02,-0.34,0.934,1.061,0.24,29
$GNSS,2024-08-03T09:18:05.600Z,50.8522384,3.1499585,19.401,-0.21,-0.03,0.02,0.932,1.058,0.25,29
$GNSS,2024-08-03T09:18:05.800Z,50.8522382,3.1499582,19.410,-0.14,-0.04,0.01,0.930,1.056,0.26,29
$GNSS,2024-08-03T09:18:06.000Z,50.8522381,3.1499580,19.413,0.00,-0.01,0.03,0.930,1.054,0.25,29
$GNSS,2024-08-03T09:18:06.200Z,50.8522381,3.1499577,19.438,-0.02,0.00,0.03,0.929,1.052,0.22,29
$GNSS,2024-08-03T09:18:06.400Z,50.8522382,3.1499577,19.462,0.06,0.06,-0.01,0.928,1.050,0.20,29
$GNSS,2024-08-03T09:18:06.600Z,50.8522384,3.1499576,19.472,0.10,0.00,-0.02,0.928,1.049,0.25,29
$GNSS,2024-08-03T09:18:06.800Z,50.8522385,3.1499575,19.488,-0.03,0.04,-0.04,0.927,1.047,0.22,29
$GNSS,2024-08-03T09:18:07.000Z,50.8522385,3.1499573,19.509,-0.02,-0.04,0.03,0.927,1.046,0.16,29
$GNSS,2024-08-03T09:18:07.200Z,50.8522385,3.1499571,19.514,-0.10,0.06,0.01,0.926,1.044,0.22,29
$GNSS,2024-08-03T09:18:07.400Z,50.8522385,3.1499571,19.523,-0.01,0.03,-0.03,0.924,1.042,0.20,29
$GNSS,2024-08-03T09:18:07.600Z,50.8522386,3.1499569,19.540,0.05,-0.02,-0.04,0.924,1.040,0.22,29
$GNSS,2024-08-03T09:18:07.800Z,50.8522387,3.1499568,19.545,0.04,0.04,-0.02,0.923,1.039,0.19,29
$GNSS,2024-08-03T09:18:08.000Z,50.8522395,3.1499570,19.546,0.74,0.17,-0.03,0.922,1.036,0.24,29
$GNSS,2024-08-03T09:18:08.200Z,50.8522400,3.1499569,19.563,-0.19,-0.06,-0.03,0.919,1.032,0.23,29
$GNSS,2024-08-03T09:18:08.400Z,50.8522396,3.1499567,19.573,-0.31,-0.07,-0.04,0.929,1.039,0.83,18
$GNSS,2024-08-03T09:18:08.600Z,50.8522393,3.1499568,19.579,-0.13,0.11,-0.02,0.954,1.053,0.46,18
$GNSS,2024-08-03T09:18:08.800Z,50.8522394,3.1499570,19.578,0.08,0.03,0.00,0.967,1.066,0.48,19
$GNSS,2024-08-03T09:18:09.000Z,50.8522395,3.1499572,19.580,0.06,0.12,-0.01,0.978,1.079,0.37,23
$GNSS,2024-08-03T09:18:09.200Z,50.8522398,3.1499577,19.585,0.15,0.26,-0.02,0.988,1.093,0.38,24
$GNSS,2024-08-03T09:18:09.400Z,50.8522402,3.1499583,19.606,0.23,0.20,-0.16,0.997,1.107,0.40,24
$GNSS,2024-08-03T09:18:09.600Z,50.8522409,3.1499589,19.594,0.42,0.17,-0.13,1.005,1.119,0.43,25
$GNSS,2024-08-03T09:18:09.800Z,50.8522415,3.1499588,19.616,0.12,-0.23,-0.24,1.012,1.130,0.34,25
$GNSS,2024-08-03T09:18:10.000Z,50.8522416,3.1499577,19.624,-0.02,-0.52,-0.07,1.018,1.138,0.26,27
$GNSS,2024-08-03T09:18:10.200Z,50.8522423,3.1499558,19.661,0.73,-0.74,-0.19,1.023,1.145,0.32,27
$GNSS,2024-08-03T09:18:10.400Z,50.8522433,3.1499545,19.661,0.28,-0.18,-0.03,1.028,1.153,0.34,27
$GNSS,2024-08-03T09:18:10.600Z,50.8522437,3.1499540,19.679,0.15,-0.07,-0.05,1.032,1.160,0.34,27
$GNSS,2024-08-03T09:18:10.800Z,50.8522439,3.1499538,19.705,0.05,-0.01,-0.04,1.037,1.167,0.35,27
$GNSS,2024-08-03T09:18:11.000Z,50.8522439,3.1499539,19.740,0.02,0.17,-0.12,1.041,1.174,0.28,27
$GNSS,2024-08-03T09:18:11.200Z,50.8522438,3.1499547,19.809,-0.19,0.52,-0.23,1.046,1.181,0.27,27
$GNSS,2024-08-03T09:18:11.400Z,50.8522437,3.1499561,19.842,0.06,0.49,-0.20,1.050,1.187,0.26,27
$GNSS,2024-08-03T09:18:11.600Z,50.8522441,3.1499573,19.882,0.34,0.38,-0.08,1.055,1.195,0.37,27
$GNSS,2024-08-03T09:18:11.800Z,50.8522448,3.1499578,19.933,0.42,0.10,-0.09,1.060,1.201,0.41,27
$GNSS,2024-08-03T09:18:12.000Z,50.8522450,3.1499575,19.965,-0.13,-0.20,-0.14,1.065,1.208,0.37,28
$GNSS,2024-08-03T09:18:12.200Z,50.8522448,3.1499568,20.017,-0.04,-0.23,0.04,1.070,1.214,0.26,28
$GNSS,2024-08-03T09:18:12.400Z,50.8522447,3.1499563,20.015,-0.08,-0.08,-0.05,1.075,1.220,0.38,28
$GNSS,2024-08-03T09:18:12.600Z,50.8522445,3.1499559,20.037,-0.15,-0.06,-0.06,1.079,1.226,0.40,28
$GNSS,2024-08-03T09:18:12.800Z,50.8522444,3.1499555,20.072,-0.03,-0.09,-0.01,1.082,1.229,0.26,28
$GNSS,2024-08-03T09:18:13.000Z,50.8522443,3.1499552,20.084,-0.08,-0.05,0.01,1.084,1.232,0.32,28
$GNSS,2024-08-03T09:18:13.200Z,50.8522443,3.1499549,20.101,0.03,-0.04,0.06,1.085,1.231,0.29,28
$GNSS,2024-08-03T09:18:13.400Z,50.8522444,3.1499547,20.132,0.00,-0.04,-0.04,1.085,1.230,0.26,28
$GNSS,2024-08-03T09:18:13.600Z,50.8522445,3.1499545,20.148,0.06,0.01,0.04,1.085,1.230,0.34,28
$GNSS,2024-08-03T09:18:13.800Z,50.8522446,3.1499544,20.171,-0.03,0.01,-0.05,1.084,1.225,0.28,28
$GNSS,2024-08-03T09:18:14.000Z,50.8522448,3.1499544,20.169,0.05,-0.02,-0.02,1.081,1.221,0.24,28
$GNSS,2024-08-03T09:18:14.200Z,50.8522449,3.1499542,20.188,0.02,-0.05,-0.03,1.080,1.219,0.21,28
$GNSS,2024-08-03T09:18:14.400Z,50.8522449,3.1499540,20.198,-0.09,-0.04,-0.04,1.080,1.218,0.31,29
$GNSS,2024-08-03T09:18:14.600Z,50.8522449,3.1499539,20.222,-0.02,0.03,-0.03,1.079,1.216,0.25,29
$GNSS,2024-08-03T09:18:14.800Z,50.8522450,3.1499539,20.238,0.03,-0.03,-0.05,1.078,1.214,0.24,29
$GNSS,2024-08-03T09:18:15.000Z,50.8522451,3.1499538,20.253,0.02,0.02,-0.01,1.078,1.213,0.24,29
$GNSS,2024-08-03T09:18:15.200Z,50.8522452,3.1499536,20.259,-0.04,-0.05,-0.02,1.077,1.213,0.29,28
$GNSS,2024-08-03T09:18:15.400Z,50.8522452,3.1499534,20.269,-0.02,0.01,0.11,1.077,1.212,0.26,28
$GNSS,2024-08-03T09:18:15.600Z,50.8522451,3.1499533,20.284,-0.04,0.04,0.01,1.076,1.211,0.22,29
$GNSS,2024-08-03T09:18:15.800Z,50.8522450,3.1499533,20.309,-0.04,-0.01,-0.04,1.075,1.210,0.31,29
$GNSS,2024-08-03T09:18:16.000Z,50.8522450,3.1499531,20.335,0.00,-0.03,-0.05,1.074,1.209,0.27,29
$GNSS,2024-08-03T09:18:16.200Z,50.8522449,3.1499529,20.365,-0.10,-0.02,-0.09,1.073,1.208,0.32,29
$GNSS,2024-08-03T09:18:16.400Z,50.8522448,3.1499528,20.364,-0.04,-0.06,-0.03,1.071,1.205,0.24,29
$GNSS,2024-08-03T09:18:16.600Z,50.8522448,3.1499527,20.379,-0.05,-0.04,-0.10,1.070,1.202,0.29,29
$GNSS,2024-08-03T09:18:16.800Z,50.8522447,3.1499525,20.418,-0.01,0.00,-0.08,1.068,1.200,0.26,29
$GNSS,2024-08-03T09:18:17.000Z,50.8522446,3.1499524,20.442,-0.01,0.01,-0.05,1.067,1.199,0.27,29
$GNSS,2024-08-03T09:18:17.200Z,50.8522446,3.1499524,20.460,0.02,0.02,-0.02,1.066,1.198,0.22,29
$GNSS,2024-08-03T09:18:17.400Z,50.8522446,3.1499524,20.474,0.02,-0.03,-0.10,1.065,1.197,0.26,29
$GNSS,2024-08-03T09:18:17.600Z,50.8522447,3.1499523,20.491,0.06,0.00,-0.05,1.063,1.195,0.24,29
$GNSS,2024-08-03T09:18:17.800Z,50.8522447,3.1499522,20.506,0.02,-0.04,-0.03,1.062,1.194,0.23,29
$GNSS,2024-08-03T09:18:18.000Z,50.8522447,3.1499520,20.526,0.04,-0.03,-0.07,1.061,1.193,0.25,29
$GNSS,2024-08-03T09:18:18.200Z,50.8522447,3.1499519,20.545,0.01,0.00,-0.03,1.061,1.192,0.25,29
$GNSS,2024-08-03T09:18:18.400Z,50.8522447,3.1499517,20.572,0.09,-0.02,-0.02,1.060,1.191,0.28,29
$GNSS,2024-08-03T09:18:18.600Z,50.8522448,3.1499518,20.587,0.12,0.14,-0.03,1.059,1.189,0.23,29
$GNSS,2024-08-03T09:18:18.800Z,50.8522450,3.1499519,20.595,0.16,-0.03,-0.03,1.058,1.187,0.31,29
$GNSS,2024-08-03T09:18:19.000Z,50.8522450,3.1499519,20.606,-0.05,0.03,-0.01,1.057,1.184,0.28,29
$GNSS,2024-08-03T09:18:19.200Z,50.8522450,3.1499518,20.623,0.15,-0.05,0.02,1.056,1.180,0.31,29
$GNSS,2024-08-03T09:18:19.400Z,50.8522452,3.1499517,20.617,0.03,0.02,0.02,1.054,1.176,0.30,29
$GNSS,2024-08-03T09:18:19.600Z,50.8522452,3.1499518,20.629,0.08,0.06,-0.04,1.052,1.171,0.24,29
$GNSS,2024-08-03T09:18:19.800Z,50.8522453,3.1499518,20.661,-0.01,0.02,-0.07,1.049,1.166,0.22,29
$GNSS,2024-08-03T09:18:20.000Z,50.8522450,3.1499518,20.709,-0.27,0.04,-0.16,1.046,1.161,0.31,29
$GNSS,2024-08-03T09:18:20.200Z,50.8522447,3.1499520,20.738,-0.07,0.13,-0.21,1.044,1.157,0.23,29
$GNSS,2024-08-03T09:18:20.400Z,50.8522448,3.1499527,20.764,0.21,0.46,-0.06,1.042,1.154,0.20,29
$GNSS,2024-08-03T09:18:20.600Z,50.8522455,3.1499541,20.775,0.41,0.52,-0.10,1.040,1.153,0.22,29
$GNSS,2024-08-03T09:18:20.800Z,50.8522458,3.1499554,20.805,-0.06,0.36,-0.17,1.039,1.151,0.22,29
$GNSS,2024-08-03T09:18:21.000Z,50.8522456,3.1499563,20.824,-0.28,0.32,0.00,1.037,1.148,0.23,28
$GNSS,2024-08-03T09:18:21.200Z,50.8522447,3.1499571,20.838,-0.63,0.29,-0.01,1.039,1.151,0.37,28
$GNSS,2024-08-03T09:18:21.400Z,50.8522432,3.1499581,20.750,-1.22,0.37,0.48,1.038,1.148,0.23,27
$GNSS,2024-08-03T09:18:21.600Z,50.8522421,3.1499577,20.723,-0.29,-0.76,0.11,1.036,1.146,0.20,26
$GNSS,2024-08-03T09:18:21.800Z,50.8522416,3.1499580,20.725,-0.32,0.94,-0.14,1.036,1.144,0.22,26
$GNSS,2024-08-03T09:18:22.000Z,50.8522411,3.1499603,20.711,-0.24,0.77,0.11,1.037,1.143,0.21,27
$GNSS,2024-08-03T09:18:22.200Z,50.8522411,3.1499629,20.714,0.08,1.07,-0.12,1.037,1.141,0.21,28
$GNSS,2024-08-03T09:18:22.400Z,50.8522413,3.1499654,20.674,0.10,0.73,0.20,1.037,1.140,0.24,28
$GNSS,2024-08-03T09:18:22.600Z,50.8522416,3.1499666,20.624,0.12,0.16,0.04,1.036,1.140,0.29,28
$GNSS,2024-08-03T09:18:22.800Z,50.8522419,3.1499668,20.634,0.14,0.02,-0.10,1.035,1.139,0.26,28
$GNSS,2024-08-03T09:18:23.000Z,50.8522421,3.1499662,20.662,0.19,-0.40,0.08,1.032,1.137,0.16,29
$GNSS,2024-08-03T09:18:23.200Z,50.8522425,3.1499650,20.656,0.28,-0.37,0.22,1.027,1.133,0.19,29
$GNSS,2024-08-03T09:18:23.400Z,50.8522427,3.1499639,20.642,0.14,-0.32,0.14,1.024,1.130,0.20,29
$GNSS,2024-08-03T09:18:23.600Z,50.8522427,3.1499631,20.664,-0.10,-0.17,-0.09,1.021,1.126,0.22,29
$GNSS,2024-08-03T09:18:23.800Z,50.8522425,3.1499625,20.688,-0.03,-0.17,-0.14,1.018,1.122,0.18,29
$GNSS,2024-08-03T09:18:24.000Z,50.8522423,3.1499619,20.702,-0.05,-0.19,-0.07,1.016,1.118,0.18,29
$GNSS,2024-08-03T09:18:24.200Z,50.8522422,3.1499614,20.722,-0.04,-0.05,-0.13,1.014,1.114,0.24,29
$GNSS,2024-08-03T09:18:24.400Z,50.8522420,3.1499613,20.757,-0.18,0.02,-0.19,1.012,1.111,0.28,29
$GNSS,2024-08-03T09:18:24.600Z,50.8522413,3.1499614,20.780,-0.55,0.11,0.01,1.010,1.107,0.27,29
$GNSS,2024-08-03T09:18:24.800Z,50.8522406,3.1499616,20.775,-0.16,0.11,-0.16,1.008,1.103,0.24,29
$GNSS,2024-08-03T09:18:25.000Z,50.8522404,3.1499619,20.780,0.00,0.12,-0.04,1.006,1.100,0.19,29
$GNSS,2024-08-03T09:18:25.200Z,50.8522404,3.1499620,20.791,-0.06,-0.01,-0.11,1.005,1.098,0.27,29
$GNSS,2024-08-03T09:18:25.400Z,50.8522404,3.1499621,20.789,-0.03,0.08,-0.06,1.004,1.096,0.20,28
$GNSS,2024-08-03T09:18:25.600Z,50.8522405,3.1499622,20.776,0.01,0.03,-0.02,1.004,1.094,0.21,28
$GNSS,2024-08-03T09:18:25.800Z,50.8522405,3.1499623,20.760,0.00,0.01,-0.05,1.003,1.092,0.24,28
$GNSS,2024-08-03T09:18:26.000Z,50.8522407,3.1499625,20.742,0.08,0.17,0.10,1.002,1.090,0.27,28
$GNSS,2024-08-03T09:18:26.200Z,50.8522408,3.1499628,20.723,-0.06,0.11,0.06,1.001,1.088,0.18,28
$GNSS,2024-08-03T09:18:26.400Z,50.8522409,3.1499630,20.682,-0.04,0.08,0.06,1.000,1.085,0.19,28
$GNSS,2024-08-03T09:18:26.600Z,50.8522411,3.1499631,20.661,-0.03,-0.03,-0.04,0.999,1.083,0.27,28
$GNSS,2024-08-03T09:18:26.800Z,50.8522413,3.1499630,20.633,0.04,-0.04,-0.04,0.999,1.080,0.19,28
$GNSS,2024-08-03T09:18:27.000Z,50.8522415,3.1499628,20.613,0.01,-0.04,-0.11,0.998,1.078,0.23,28
$GNSS,2024-08-03T09:18:27.200Z,50.8522417,3.1499628,20.612,0.19,0.07,-0.19,0.997,1.076,0.25,29
$GNSS,2024-08-03T09:18:27.400Z,50.8522422,3.1499625,20.600,0.37,-0.16,0.09,0.994,1.072,0.21,29
$GNSS,2024-08-03T09:18:27.600Z,50.8522428,3.1499618,20.565,0.23,-0.29,0.08,0.991,1.068,0.19,29
$GNSS,2024-08-03T09:18:27.800Z,50.8522432,3.1499610,20.533,0.17,-0.22,0.06,0.989,1.066,0.20,29
$GNSS,2024-08-03T09:18:28.000Z,50.8522433,3.1499603,20.522,-0.03,-0.23,0.01,0.988,1.063,0.17,29
$GNSS,2024-08-03T09:18:28.200Z,50.8522433,3.1499595,20.513,-0.05,-0.26,0.01,0.987,1.061,0.17,29
$GNSS,2024-08-03T09:18:28.400Z,50.8522432,3.1499586,20.487,-0.05,-0.28,0.12,0.987,1.060,0.22,29
$GNSS,2024-08-03T09:18:28.600Z,50.8522433,3.1499578,20.486,0.02,-0.20,0.13,0.987,1.060,0.20,29
$GNSS,2024-08-03T09:18:28.800Z,50.8522433,3.1499575,20.482,0.01,0.05,-0.05,0.987,1.059,0.21,29
$GNSS,2024-08-03T09:18:29.000Z,50.8522433,3.1499580,20.496,-0.04,0.36,-0.09,0.986,1.058,0.16,29
$GNSS,2024-08-03T09:18:29.200Z,50.8522433,3.1499587,20.515,0.00,0.21,-0.15,0.986,1.058,0.21,29
$GNSS,2024-08-03T09:18:29.400Z,50.8522433,3.1499592,20.542,-0.10,0.18,-0.13,0.985,1.057,0.23,29
$GNSS,2024-08-03T09:18:29.600Z,50.8522432,3.1499593,20.555,-0.05,-0.04,-0.16,0.985,1.057,0.25,29
$GNSS,2024-08-03T09:18:29.800Z,50.8522431,3.1499592,20.580,0.06,0.02,-0.19,0.985,1.055,0.24,29
$GNSS,2024-08-03T09:18:30.000Z,50.8522432,3.1499591,20.599,0.10,0.01,-0.03,0.985,1.054,0.29,29
$GNSS,2024-08-03T09:18:30.200Z,50.8522434,3.1499590,20.612,0.09,-0.01,-0.05,0.985,1.053,0.27,29
$GNSS,2024-08-03T09:18:30.400Z,50.8522435,3.1499589,20.614,0.05,0.00,-0.03,0.986,1.052,0.27,29
$GNSS,2024-08-03T09:18:30.600Z,50.8522436,3.1499589,20.615,0.05,0.00,-0.03,0.986,1.051,0.27,29
$GNSS,2024-08-03T09:18:30.800Z,50.8522437,3.1499587,20.627,0.04,0.00,-0.04,0.986,1.051,0.26,29
$GNSS,2024-08-03T09:18:31.000Z,50.8522438,3.1499587,20.623,0.06,0.01,-0.01,0.985,1.049,0.28,29
$GNSS,2024-08-03T09:18:31.200Z,50.8522438,3.1499586,20.630,-0.02,0.01,-0.08,0.985,1.048,0.25,29
$GNSS,2024-08-03T09:18:31.400Z,50.8522439,3.1499585,20.632,0.04,0.00,-0.02,0.984,1.047,0.26,29
$GNSS,2024-08-03T09:18:31.600Z,50.8522440,3.1499583,20.627,-0.03,-0.06,0.07,0.984,1.045,0.25,29
$GNSS,2024-08-03T09:18:31.800Z,50.8522439,3.1499581,20.616,-0.03,-0.02,0.00,0.983,1.044,0.27,29
$GNSS,2024-08-03T09:18:32.000Z,50.8522440,3.1499579,20.617,0.07,0.02,0.00,0.983,1.042,0.29,29
$GNSS,2024-08-03T09:18:32.200Z,50.8522441,3.1499579,20.611,0.09,0.02,-0.14,0.983,1.041,0.26,29
$GNSS,2024-08-03T09:18:32.400Z,50.8522442,3.1499578,20.625,0.04,0.00,-0.07,0.983,1.040,0.25,29
$GNSS,2024-08-03T09:18:32.600Z,50.8522442,3.1499577,20.620,0.00,-0.02,-0.06,0.983,1.039,0.26,29
$GNSS,2024-08-03T09:18:32.800Z,50.8522443,3.1499576,20.626,0.05,0.00,-0.01,0.983,1.039,0.28,29
$GNSS,2024-08-03T09:18:33.000Z,50.8522444,3.1499575,20.627,0.00,0.01,-0.04,0.982,1.038,0.25,29
$GNSS,2024-08-03T09:18:33.200Z,50.8522445,3.1499574,20.635,0.00,0.00,0.00,0.982,1.037,0.26,29
$GNSS,2024-08-03T09:18:33.400Z,50.8522445,3.1499573,20.637,0.03,0.02,-0.01,0.982,1.036,0.27,29
$GNSS,2024-08-03T09:18:33.600Z,50.8522445,3.1499573,20.620,0.03,-0.01,0.04,0.983,1.035,0.27,29
$GNSS,2024-08-03T09:18:33.800Z,50.8522446,3.1499572,20.618,-0.03,0.03,0.08,0.983,1.034,0.23,29
$GNSS,2024-08-03T09:18:34.000Z,50.8522447,3.1499571,20.626,-0.02,0.03,-0.05,0.983,1.033,0.26,29
$GNSS,2024-08-03T09:18:34.200Z,50.8522447,3.1499570,20.628,-0.02,-0.05,0.05,0.983,1.033,0.23,29
$GNSS,2024-08-03T09:18:34.400Z,50.8522447,3.1499571,20.658,0.01,0.17,-0.17,0.985,1.037,0.31,29
$GNSS,2024-08-03T09:18:34.600Z,50.8522447,3.1499581,20.697,-0.04,0.56,-0.31,0.990,1.043,0.34,29
$GNSS,2024-08-03T09:18:34.800Z,50.8522446,3.1499589,20.722,-0.09,0.09,0.05,0.993,1.048,0.26,29
$GNSS,2024-08-03T09:18:35.000Z,50.8522445,3.1499590,20.720,-0.14,0.03,0.09,0.991,1.047,0.24,29
$GNSS,2024-08-03T09:18:35.200Z,50.8522443,3.1499591,20.710,-0.07,0.03,0.03,0.988,1.045,0.22,28
$GNSS,2024-08-03T09:18:35.400Z,50.8522442,3.1499592,20.687,-0.01,0.05,0.05,0.985,1.043,0.22,28
$GNSS,2024-08-03T09:18:35.600Z,50.8522441,3.1499593,20.670,-0.02,0.03,-0.05,0.981,1.040,0.21,28
$GNSS,2024-08-03T09:18:35.800Z,50.8522441,3.1499593,20.670,-0.02,0.02,-0.07,0.978,1.037,0.22,28
$GNSS,2024-08-03T09:18:36.000Z,50.8522441,3.1499594,20.669,0.05,0.03,-0.08,0.974,1.034,0.20,28
$GNSS,2024-08-03T09:18:36.200Z,50.8522442,3.1499594,20.656,0.06,0.03,-0.12,0.970,1.031,0.21,28
$GNSS,2024-08-03T09:18:36.400Z,50.8522442,3.1499593,20.651,-0.02,-0.02,-0.07,0.967,1.028,0.23,28
$GNSS,2024-08-03T09:18:36.600Z,50.8522442,3.1499593,20.648,-0.01,0.01,-0.05,0.963,1.025,0.22,28
$GNSS,2024-08-03T09:18:36.800Z,50.8522442,3.1499593,20.654,0.00,0.01,-0.03,0.959,1.022,0.21,28
$GNSS,2024-08-03T09:18:37.000Z,50.8522442,3.1499593,20.652,0.01,-0.01,-0.05,0.956,1.020,0.22,28
$GNSS,2024-08-03T09:18:37.200Z,50.8522442,3.1499594,20.654,0.00,0.02,-0.12,0.954,1.017,0.22,28
$GNSS,2024-08-03T09:18:37.400Z,50.8522442,3.1499593,20.671,-0.04,-0.04,-0.09,0.951,1.015,0.24,28
$GNSS,2024-08-03T09:18:37.600Z,50.8522442,3.1499592,20.676,-0.03,0.00,0.00,0.949,1.013,0.22,28
$GNSS,2024-08-03T09:18:37.800Z,50.8522442,3.1499592,20.676,0.03,0.01,-0.02,0.946,1.011,0.20,28
$GNSS,2024-08-03T09:18:38.000Z,50.8522443,3.1499593,20.678,0.02,0.05,-0.06,0.943,1.008,0.19,28
$GNSS,2024-08-03T09:18:38.200Z,50.8522444,3.1499594,20.693,0.04,0.02,-0.05,0.940,1.006,0.19,28
$GNSS,2024-08-03T09:18:38.400Z,50.8522445,3.1499595,20.680,0.05,-0.01,-0.06,0.938,1.004,0.22,28
$GNSS,2024-08-03T09:18:38.600Z,50.8522446,3.1499596,20.675,0.02,0.02,-0.04,0.935,1.002,0.20,28
$GNSS,2024-08-03T09:18:38.800Z,50.8522446,3.1499596,20.656,-0.01,0.01,-0.03,0.933,1.000,0.23,28
$GNSS,2024-08-03T09:18:39.000Z,50.8522447,3.1499597,20.671,0.02,-0.02,-0.07,0.930,0.998,0.22,28
$GNSS,2024-08-03T09:18:39.200Z,50.8522447,3.1499598,20.657,-0.02,0.04,-0.06,0.928,0.996,0.22,28
$GNSS,2024-08-03T09:18:39.400Z,50.8522447,3.1499599,20.641,-0.06,0.00,-0.04,0.926,0.995,0.23,28
$GNSS,2024-08-03T09:18:39.600Z,50.8522446,3.1499599,20.627,-0.03,0.00,0.04,0.924,0.994,0.22,28
$GNSS,2024-08-03T09:18:39.800Z,50.8522446,3.1499599,20.598,0.01,0.00,0.01,0.922,0.992,0.23,28
$GNSS,2024-08-03T09:18:40.000Z,50.8522446,3.1499600,20.595,-0.05,-0.03,0.05,0.921,0.991,0.22,28
$GNSS,2024-08-03T09:18:40.200Z,50.8522447,3.1499600,20.577,0.06,-0.03,0.03,0.919,0.990,0.22,28
$GNSS,2024-08-03T09:18:40.400Z,50.8522448,3.1499600,20.571,0.02,0.01,0.01,0.918,0.989,0.25,28
$GNSS,2024-08-03T09:18:40.600Z,50.8522449,3.1499601,20.563,0.03,-0.01,-0.02,0.917,0.988,0.22,28
$GNSS,2024-08-03T09:18:40.800Z,50.8522450,3.1499601,20.559,0.03,0.02,0.00,0.916,0.987,0.22,28
$GNSS,2024-08-03T09:18:41.000Z,50.8522450,3.1499602,20.546,0.01,0.05,0.01,0.915,0.986,0.21,28
$GNSS,2024-08-03T09:18:41.200Z,50.8522451,3.1499603,20.536,0.03,0.00,-0.02,0.914,0.985,0.20,28
$GNSS,2024-08-03T09:18:41.400Z,50.8522452,3.1499604,20.500,0.05,0.03,0.06,0.912,0.983,0.22,28
$GNSS,2024-08-03T09:18:41.600Z,50.8522452,3.1499603,20.486,0.00,-0.05,-0.03,0.910,0.982,0.22,28
$GNSS,2024-08-03T09:18:41.800Z,50.8522452,3.1499603,20.483,-0.10,-0.02,0.00,0.908,0.980,0.21,28
$GNSS,2024-08-03T09:18:42.000Z,50.8522447,3.1499598,20.489,-0.48,-0.40,0.23,0.907,0.981,0.21,28
$GNSS,2024-08-03T09:18:42.200Z,50.8522444,3.1499591,20.456,0.13,-0.04,-0.11,0.908,0.981,0.27,28
$GNSS,2024-08-03T09:18:42.400Z,50.8522445,3.1499589,20.469,0.07,-0.08,-0.15,0.909,0.982,0.25,28
$GNSS,2024-08-03T09:18:42.600Z,50.8522446,3.1499585,20.472,-0.06,-0.26,0.03,0.910,0.983,0.20,29
$GNSS,2024-08-03T09:18:42.800Z,50.8522445,3.1499580,20.451,0.00,-0.12,-0.08,0.912,0.984,0.22,29
$GNSS,2024-08-03T09:18:43.000Z,50.8522444,3.1499578,20.443,-0.09,-0.02,-0.05,0.913,0.985,0.30,29
$GNSS,2024-08-03T09:18:43.200Z,50.8522443,3.1499578,20.424,-0.09,-0.06,0.01,0.913,0.986,0.24,29
$GNSS,2024-08-03T09:18:43.400Z,50.8522442,3.1499577,20.428,-0.05,-0.04,-0.03,0.914,0.987,0.26,29
$GNSS,2024-08-03T09:18:43.600Z,50.8522441,3.1499576,20.425,-0.03,-0.06,-0.02,0.914,0.988,0.21,29
$GNSS,2024-08-03T09:18:43.800Z,50.8522441,3.1499575,20.414,-0.01,-0.04,-0.04,0.915,0.990,0.24,29
$GNSS,2024-08-03T09:18:44.000Z,50.8522442,3.1499574,20.412,0.10,-0.03,-0.02,0.916,0.991,0.29,29
$GNSS,2024-08-03T09:18:44.200Z,50.8522441,3.1499578,20.399,-0.18,0.26,-0.05,0.916,0.991,0.23,29
$GNSS,2024-08-03T09:18:44.400Z,50.8522437,3.1499589,20.382,-0.30,0.48,-0.07,0.916,0.993,0.23,29
$GNSS,2024-08-03T09:18:44.600Z,50.8522432,3.1499602,20.365,-0.23,0.48,0.01,0.917,0.994,0.22,29
$GNSS,2024-08-03T09:18:44.800Z,50.8522430,3.1499617,20.383,-0.07,0.57,-0.14,0.917,0.995,0.19,29
$GNSS,2024-08-03T09:18:45.000Z,50.8522427,3.1499630,20.394,-0.24,0.36,-0.05,0.918,0.997,0.23,29
$GNSS,2024-08-03T09:18:45.200Z,50.8522423,3.1499633,20.402,-0.23,-0.14,-0.19,0.920,0.999,0.32,29
$GNSS,2024-08-03T09:18:45.400Z,50.8522418,3.1499625,20.420,-0.29,-0.40,-0.17,0.921,1.001,0.30,29
$GNSS,2024-08-03T09:18:45.600Z,50.8522415,3.1499612,20.431,-0.09,-0.55,-0.19,0.922,1.003,0.25,29
$GNSS,2024-08-03T09:18:45.800Z,50.8522413,3.1499599,20.421,-0.13,-0.34,-0.01,0.923,1.004,0.26,29
$GNSS,2024-08-03T09:18:46.000Z,50.8522411,3.1499591,20.407,-0.16,-0.18,-0.18,0.923,1.005,0.29,29
$GNSS,2024-08-03T09:18:46.200Z,50.8522409,3.1499586,20.408,-0.15,-0.09,-0.03,0.924,1.006,0.29,29
$GNSS,2024-08-03T09:18:46.400Z,50.8522408,3.1499584,20.387,-0.02,-0.04,0.01,0.924,1.007,0.25,29
$GNSS,2024-08-03T09:18:46.600Z,50.8522407,3.1499582,20.382,-0.06,-0.05,0.09,0.925,1.008,0.26,29
$GNSS,2024-08-03T09:18:46.800Z,50.8522406,3.1499580,20.343,-0.08,-0.05,0.02,0.926,1.009,0.29,29
$GNSS,2024-08-03T09:18:47.000Z,50.8522406,3.1499579,20.312,-0.02,0.00,0.04,0.926,1.010,0.25,29
$GNSS,2024-08-03T09:18:47.200Z,50.8522408,3.1499577,20.295,0.14,-0.01,0.07,0.927,1.010,0.29,29
$GNSS,2024-08-03T09:18:47.400Z,50.8522410,3.1499577,20.251,0.07,0.07,0.02,0.927,1.009,0.28,29
$GNSS,2024-08-03T09:18:47.600Z,50.8522413,3.1499578,20.242,0.10,0.09,0.04,0.927,1.009,0.29,29
$GNSS,2024-08-03T09:18:47.800Z,50.8522413,3.1499581,20.217,-0.18,0.26,0.05,0.927,1.008,0.17,29
$GNSS,2024-08-03T09:18:48.000Z,50.8522409,3.1499591,20.187,-0.42,0.46,-0.10,0.927,1.007,0.18,29
$GNSS,2024-08-03T09:18:48.200Z,50.8522403,3.1499606,20.173,-0.31,0.68,-0.03,0.927,1.006,0.17,29
$GNSS,2024-08-03T09:18:48.400Z,50.8522398,3.1499625,20.139,-0.24,0.65,0.08,0.927,1.005,0.18,29
$GNSS,2024-08-03T09:18:48.600Z,50.8522394,3.1499638,20.104,-0.27,0.28,-0.02,0.926,1.005,0.17,29
$GNSS,2024-08-03T09:18:48.800Z,50.8522391,3.1499644,20.086,-0.14,0.14,-0.03,0.925,1.005,0.17,29
$GNSS,2024-08-03T09:18:49.000Z,50.8522389,3.1499647,20.070,-0.13,0.02,-0.07,0.925,1.005,0.26,29
$GNSS,2024-08-03T09:18:49.200Z,50.8522387,3.1499646,20.094,-0.07,-0.02,-0.06,0.924,1.005,0.29,29
$GNSS,2024-08-03T09:18:49.400Z,50.8522387,3.1499645,20.076,0.06,-0.06,-0.11,0.924,1.004,0.22,29
$GNSS,2024-08-03T09:18:49.600Z,50.8522389,3.1499642,20.087,0.10,-0.18,-0.06,0.924,1.005,0.18,29
$GNSS,2024-08-03T09:18:49.800Z,50.8522389,3.1499632,20.103,-0.06,-0.48,-0.17,0.924,1.006,0.26,29
$GNSS,2024-08-03T09:18:50.000Z,50.8522388,3.1499622,20.114,-0.15,-0.21,0.03,0.926,1.007,0.30,29
$GNSS,2024-08-03T09:18:50.200Z,50.8522386,3.1499619,20.100,-0.01,0.00,0.01,0.927,1.009,0.27,29
$GNSS,2024-08-03T09:18:50.400Z,50.8522387,3.1499619,20.087,0.06,-0.01,-0.03,0.928,1.010,0.22,29
$GNSS,2024-08-03T09:18:50.600Z,50.8522393,3.1499620,20.064,0.65,0.05,0.38,0.928,1.011,0.31,29
$GNSS,2024-08-03T09:18:50.800Z,50.8522393,3.1499623,20.061,-0.53,0.28,-0.18,0.929,1.011,0.20,29
$GNSS,2024-08-03T09:18:51.000Z,50.8522381,3.1499630,20.085,-0.81,0.24,-0.04,0.929,1.010,0.23,29
$GNSS,2024-08-03T09:18:51.200Z,50.8522366,3.1499643,20.099,-0.85,0.66,-0.16,0.930,1.010,0.18,29
$GNSS,2024-08-03T09:18:51.400Z,50.8522353,3.1499662,20.054,-0.64,0.67,0.15,0.930,1.010,0.22,29
$GNSS,2024-08-03T09:18:51.600Z,50.8522341,3.1499679,19.987,-0.57,0.49,0.28,0.930,1.011,0.24,29
$GNSS,2024-08-03T09:18:51.800Z,50.8522327,3.1499699,19.923,-0.98,0.90,0.35,0.930,1.011,0.27,29
$GNSS,2024-08-03T09:18:52.000Z,50.8522311,3.1499724,19.875,-0.83,0.87,0.25,0.930,1.013,0.26,29
$GNSS,2024-08-03T09:18:52.200Z,50.8522298,3.1499735,19.895,-0.62,-0.10,-0.32,0.929,1.014,0.27,29
$GNSS,2024-08-03T09:18:52.400Z,50.8522288,3.1499734,19.933,-0.53,-0.02,-0.13,0.928,1.016,0.26,29
$GNSS,2024-08-03T09:18:52.600Z,50.8522276,3.1499734,19.922,-0.79,0.02,0.27,0.928,1.017,0.27,29
$GNSS,2024-08-03T09:18:52.800Z,50.8522260,3.1499737,19.945,-0.91,0.15,-0.34,0.927,1.017,0.26,29
$GNSS,2024-08-03T09:18:53.000Z,50.8522248,3.1499748,19.980,-0.44,0.58,-0.04,0.927,1.018,0.24,29
$GNSS,2024-08-03T09:18:53.200Z,50.8522239,3.1499761,19.965,-0.53,0.35,0.15,0.927,1.018,0.27,29
$GNSS,2024-08-03T09:18:53.400Z,50.8522231,3.1499776,19.949,-0.34,0.69,0.04,0.927,1.020,0.24,29
$GNSS,2024-08-03T09:18:53.600Z,50.8522223,3.1499791,19.957,-0.47,0.40,-0.09,0.927,1.021,0.25,29
$GNSS,2024-08-03T09:18:53.800Z,50.8522215,3.1499801,19.970,-0.43,0.27,0.03,0.926,1.021,0.25,29
$GNSS,2024-08-03T09:18:54.000Z,50.8522204,3.1499807,19.955,-0.76,0.16,0.22,0.925,1.021,0.26,29
$GNSS,2024-08-03T09:18:54.200Z,50.8522190,3.1499810,19.920,-0.91,0.02,0.03,0.923,1.021,0.24,29
$GNSS,2024-08-03T09:18:54.400Z,50.8522176,3.1499813,19.929,-0.64,0.18,-0.25,0.921,1.021,0.25,29
$GNSS,2024-08-03T09:18:54.600Z,50.8522168,3.1499823,19.951,-0.35,0.45,0.00,0.919,1.021,0.25,29
$GNSS,2024-08-03T09:18:54.800Z,50.8522162,3.1499831,19.952,-0.23,0.22,-0.27,0.920,1.022,0.27,29
$GNSS,2024-08-03T09:18:55.000Z,50.8522163,3.1499841,19.961,0.33,0.47,-0.02,0.920,1.023,0.30,29
$GNSS,2024-08-03T09:18:55.200Z,50.8522165,3.1499852,19.991,-0.05,0.29,-0.22,0.919,1.022,0.22,29
$GNSS,2024-08-03T09:18:55.400Z,50.8522164,3.1499857,19.973,-0.17,0.06,-0.06,0.916,1.022,0.20,29
$GNSS,2024-08-03T09:18:55.600Z,50.8522157,3.1499862,19.994,-0.59,0.29,-0.01,0.914,1.022,0.19,29
$GNSS,2024-08-03T09:18:55.800Z,50.8522149,3.1499874,20.005,-0.29,0.58,-0.02,0.912,1.024,0.22,29
$GNSS,2024-08-03T09:18:56.000Z,50.8522148,3.1499886,20.005,0.21,0.26,0.01,0.911,1.026,0.17,29
$GNSS,2024-08-03T09:18:56.200Z,50.8522149,3.1499886,20.025,-0.01,-0.20,-0.02,0.910,1.028,0.22,29
$GNSS,2024-08-03T09:18:56.400Z,50.8522150,3.1499878,20.048,0.20,-0.29,0.04,0.909,1.029,0.25,29
$GNSS,2024-08-03T09:18:56.600Z,50.8522153,3.1499871,20.037,0.13,-0.23,0.00,0.908,1.030,0.24,29
$GNSS,2024-08-03T09:18:56.800Z,50.8522154,3.1499863,20.030,0.09,-0.26,0.14,0.907,1.030,0.22,29
$GNSS,2024-08-03T09:18:57.000Z,50.8522156,3.1499862,20.013,0.19,0.10,0.08,0.905,1.030,0.21,29
$GNSS,2024-08-03T09:18:57.200Z,50.8522158,3.1499865,20.017,0.11,0.10,0.08,0.904,1.029,0.21,29
$GNSS,2024-08-03T09:18:57.400Z,50.8522160,3.1499868,20.030,0.05,0.02,-0.10,0.903,1.030,0.25,29
$GNSS,2024-08-03T09:18:57.600Z,50.8522159,3.1499868,20.033,-0.04,0.03,0.04,0.902,1.029,0.24,29
$GNSS,2024-08-03T09:18:57.800Z,50.8522157,3.1499868,20.024,-0.12,0.03,-0.03,0.901,1.029,0.21,29
$GNSS,2024-08-03T09:18:58.000Z,50.8522155,3.1499868,20.023,-0.07,0.01,-0.02,0.900,1.028,0.20,29
$GNSS,2024-08-03T09:18:58.200Z,50.8522153,3.1499869,20.048,-0.05,0.04,-0.04,0.898,1.027,0.21,29
$GNSS,2024-08-03T09:18:58.400Z,50.8522151,3.1499868,20.050,-0.09,-0.02,-0.02,0.897,1.027,0.19,29
$GNSS,2024-08-03T09:18:58.600Z,50.8522149,3.1499867,20.060,-0.03,-0.04,-0.03,0.896,1.027,0.21,29
$GNSS,2024-08-03T09:18:58.800Z,50.8522149,3.1499867,20.057,0.05,0.00,-0.03,0.896,1.027,0.25,29
$GNSS,2024-08-03T09:18:59.000Z,50.8522148,3.1499867,20.049,0.03,0.04,-0.05,0.897,1.028,0.22,29
$GNSS,2024-08-03T09:18:59.200Z,50.8522147,3.1499868,20.041,0.03,0.14,-0.08,0.897,1.028,0.20,29
$GNSS,2024-08-03T09:18:59.400Z,50.8522146,3.1499871,20.058,-0.02,0.07,-0.13,0.897,1.029,0.24,29
$GNSS,2024-08-03T09:18:59.600Z,50.8522145,3.1499872,20.062,-0.06,0.00,0.08,0.897,1.029,0.25,29
$GNSS,2024-08-03T09:18:59.800Z,50.8522145,3.1499873,20.054,0.00,0.05,-0.04,0.897,1.030,0.23,29
$GNSS,2024-08-03T09:19:00.000Z,50.8522145,3.1499874,20.063,0.07,0.05,-0.03,0.897,1.030,0.20,29
$GNSS,2024-08-03T09:19:00.200Z,50.8522145,3.1499875,20.074,0.01,-0.04,0.08,0.896,1.030,0.24,29
$GNSS,2024-08-03T09:19:00.400Z,50.8522146,3.1499875,20.061,0.08,0.04,0.00,0.895,1.029,0.21,29
$GNSS,2024-08-03T09:19:00.600Z,50.8522146,3.1499876,20.059,-0.10,-0.01,0.09,0.895,1.029,0.22,29
$GNSS,2024-08-03T09:19:00.800Z,50.8522144,3.1499877,20.055,0.00,0.07,-0.05,0.895,1.030,0.22,29
$GNSS,2024-08-03T09:19:01.000Z,50.8522144,3.1499877,20.059,-0.03,-0.04,-0.03,0.895,1.031,0.23,29
$GNSS,2024-08-03T09:19:01.200Z,50.8522143,3.1499876,20.047,0.02,-0.05,-0.02,0.895,1.031,0.25,29
$GNSS,2024-08-03T09:19:01.400Z,50.8522143,3.1499876,20.053,0.02,0.01,-0.01,0.896,1.031,0.23,29
$GNSS,2024-08-03T09:19:01.600Z,50.8522143,3.1499877,20.059,-0.03,0.01,-0.04,0.897,1.032,0.26,29
$GNSS,2024-08-03T09:19:01.800Z,50.8522141,3.1499879,20.069,-0.10,0.08,-0.02,0.897,1.032,0.29,29
$GNSS,2024-08-03T09:19:02.000Z,50.8522140,3.1499880,20.064,0.02,-0.01,0.01,0.898,1.033,0.27,29
$GNSS,2024-08-03T09:19:02.200Z,50.8522140,3.1499880,20.053,0.03,-0.01,-0.01,0.899,1.033,0.29,29
$GNSS,2024-08-03T09:19:02.400Z,50.8522139,3.1499880,20.054,-0.03,-0.04,0.00,0.900,1.034,0.21,29
$GNSS,2024-08-03T09:19:02.600Z,50.8522138,3.1499878,20.046,-0.01,-0.09,0.02,0.901,1.036,0.21,29
$GNSS,2024-08-03T09:19:02.800Z,50.8522137,3.1499877,20.031,-0.03,0.00,-0.05,0.902,1.037,0.27,29
$GNSS,2024-08-03T09:19:03.000Z,50.8522137,3.1499877,20.036,0.01,-0.08,-0.07,0.902,1.037,0.26,29
$GNSS,2024-08-03T09:19:03.200Z,50.8522136,3.1499876,20.043,-0.04,0.01,0.00,0.901,1.038,0.25,29
$GNSS,2024-08-03T09:19:03.400Z,50.8522136,3.1499877,20.037,-0.02,0.00,-0.01,0.900,1.040,0.26,29
$GNSS,2024-08-03T09:19:03.600Z,50.8522135,3.1499877,20.025,-0.05,-0.02,-0.06,0.900,1.041,0.24,29
$GNSS,2024-08-03T09:19:03.800Z,50.8522134,3.1499876,20.030,0.03,-0.06,0.00,0.899,1.043,0.25,29
$GNSS,2024-08-03T09:19:04.000Z,50.8522135,3.1499875,20.045,0.10,-0.07,-0.04,0.899,1.045,0.28,29
$GNSS,2024-08-03T09:19:04.200Z,50.8522136,3.1499875,20.051,0.00,0.01,0.09,0.899,1.047,0.28,29
$GNSS,2024-08-03T09:19:04.400Z,50.8522135,3.1499875,20.030,-0.06,0.00,0.01,0.898,1.048,0.26,29
$GNSS,2024-08-03T09:19:04.600Z,50.8522134,3.1499875,20.011,-0.05,0.02,0.05,0.899,1.051,0.29,29
$GNSS,2024-08-03T09:19:04.800Z,50.8522133,3.1499875,20.018,0.05,-0.06,0.04,0.899,1.053,0.27,29
$GNSS,2024-08-03T09:19:05.000Z,50.8522133,3.1499874,20.029,-0.02,0.02,-0.03,0.899,1.056,0.27,29
$GNSS,2024-08-03T09:19:05.200Z,50.8522131,3.1499873,20.046,-0.10,-0.10,0.07,0.900,1.058,0.19,29
$GNSS,2024-08-03T09:19:05.400Z,50.8522130,3.1499873,20.056,0.01,0.05,-0.08,0.900,1.061,0.26,29
$GNSS,2024-08-03T09:19:05.600Z,50.8522130,3.1499874,20.046,0.05,0.03,-0.02,0.900,1.063,0.22,29
$GNSS,2024-08-03T09:19:05.800Z,50.8522131,3.1499874,20.042,0.02,0.02,-0.08,0.901,1.066,0.27,29
$GNSS,2024-08-03T09:19:06.000Z,50.8522130,3.1499875,20.043,-0.09,0.03,-0.09,0.901,1.068,0.28,29
$GNSS,2024-08-03T09:19:06.200Z,50.8522128,3.1499875,20.064,-0.08,0.01,-0.16,0.901,1.070,0.29,29
$GNSS,2024-08-03T09:19:06.400Z,50.8522127,3.1499875,20.083,0.00,0.02,-0.04,0.901,1.073,0.26,29
$GNSS,2024-08-03T09:19:06.600Z,50.8522128,3.1499876,20.085,0.02,0.00,-0.11,0.901,1.077,0.30,29
$GNSS,2024-08-03T09:19:06.800Z,50.8522130,3.1499881,20.099,0.21,0.41,-0.31,0.902,1.080,0.22,29
$GNSS,2024-08-03T09:19:07.000Z,50.8522135,3.1499880,20.098,0.30,-0.47,-0.11,0.903,1.080,0.25,29
$GNSS,2024-08-03T09:19:07.200Z,50.8522137,3.1499871,20.116,-0.10,-0.09,-0.07,0.902,1.079,0.25,29
$GNSS,2024-08-03T09:19:07.400Z,50.8522135,3.1499866,20.104,-0.19,-0.16,0.08,0.900,1.076,0.23,29
$GNSS,2024-08-03T09:19:07.600Z,50.8522132,3.1499860,20.069,-0.18,-0.21,0.17,0.897,1.074,0.21,29
$GNSS,2024-08-03T09:19:07.800Z,50.8522128,3.1499846,20.057,-0.39,-0.79,0.44,0.897,1.075,0.23,29
$GNSS,2024-08-03T09:19:08.000Z,50.8522128,3.1499834,20.020,0.38,-0.04,-0.12,0.898,1.077,0.29,29
$GNSS,2024-08-03T09:19:08.200Z,50.8522137,3.1499832,20.023,0.59,-0.16,0.10,0.899,1.079,0.29,29
$GNSS,2024-08-03T09:19:08.400Z,50.8522150,3.1499827,20.018,0.86,-0.20,-0.01,0.899,1.081,0.30,29
$GNSS,2024-08-03T09:19:08.600Z,50.8522167,3.1499825,20.083,0.96,0.09,-0.42,0.900,1.083,0.27,29
$GNSS,2024-08-03T09:19:08.800Z,50.8522177,3.1499816,20.140,0.30,-0.73,-0.06,0.900,1.083,0.26,29
$GNSS,2024-08-03T09:19:09.000Z,50.8522180,3.1499793,20.109,-0.02,-0.85,0.12,0.901,1.083,0.22,29
$GNSS,2024-08-03T09:19:09.200Z,50.8522178,3.1499767,20.125,-0.13,-0.99,-0.11,0.903,1.083,0.22,29
$GNSS,2024-08-03T09:19:09.400Z,50.8522180,3.1499745,20.129,0.34,-0.52,0.13,0.903,1.083,0.26,29
$GNSS,2024-08-03T09:19:09.600Z,50.8522189,3.1499736,20.115,0.67,-0.17,0.07,0.903,1.084,0.26,29
$GNSS,2024-08-03T09:19:09.800Z,50.8522202,3.1499735,20.085,0.77,0.03,0.07,0.902,1.085,0.24,29
$GNSS,2024-08-03T09:19:10.000Z,50.8522220,3.1499736,20.137,1.13,0.01,-0.31,0.901,1.086,0.23,29
$GNSS,2024-08-03T09:19:10.200Z,50.8522239,3.1499732,20.164,1.02,-0.30,0.10,0.899,1.085,0.26,29
$GNSS,2024-08-03T09:19:10.400Z,50.8522254,3.1499723,20.131,0.73,-0.35,0.11,0.897,1.083,0.28,29
$GNSS,2024-08-03T09:19:10.600Z,50.8522266,3.1499708,20.093,0.61,-0.70,0.20,0.896,1.082,0.23,29
$GNSS,2024-08-03T09:19:10.800Z,50.8522278,3.1499690,20.096,0.72,-0.48,-0.06,0.894,1.079,0.24,29
$GNSS,2024-08-03T09:19:11.000Z,50.8522288,3.1499680,20.098,0.46,-0.15,0.07,0.892,1.077,0.27,29
$GNSS,2024-08-03T09:19:11.200Z,50.8522293,3.1499674,20.074,0.03,-0.12,0.18,0.890,1.074,0.22,29
$GNSS,2024-08-03T09:19:11.400Z,50.8522301,3.1499671,20.027,0.76,-0.02,0.13,0.887,1.072,0.25,29
$GNSS,2024-08-03T09:19:11.600Z,50.8522317,3.1499668,20.029,0.95,-0.07,-0.24,0.885,1.071,0.24,29
$GNSS,2024-08-03T09:19:11.800Z,50.8522333,3.1499662,20.049,0.81,-0.21,0.00,0.883,1.070,0.21,29
$GNSS,2024-08-03T09:19:12.000Z,50.8522347,3.1499654,20.034,0.78,-0.30,0.08,0.881,1.070,0.24,29
$GNSS,2024-08-03T09:19:12.200Z,50.8522363,3.1499639,20.004,0.96,-0.67,-0.08,0.880,1.069,0.23,29
$GNSS,2024-08-03T09:19:12.400Z,50.8522379,3.1499625,19.996,0.82,-0.31,0.00,0.879,1.068,0.27,29
$GNSS,2024-08-03T09:19:12.600Z,50.8522394,3.1499617,19.952,0.89,-0.21,0.18,0.878,1.067,0.26,29
$GNSS,2024-08-03T09:19:12.800Z,50.8522410,3.1499617,19.894,0.81,0.28,0.07,0.877,1.065,0.26,29
$GNSS,2024-08-03T09:19:13.000Z,50.8522426,3.1499621,19.919,1.00,0.02,-0.29,0.877,1.064,0.28,29
$GNSS,2024-08-03T09:19:13.200Z,50.8522441,3.1499619,19.930,0.61,-0.15,0.00,0.878,1.064,0.29,29
$GNSS,2024-08-03T09:19:13.400Z,50.8522452,3.1499609,19.919,0.62,-0.56,0.14,0.878,1.064,0.27,29
$GNSS,2024-08-03T09:19:13.600Z,50.8522465,3.1499603,19.925,0.71,0.14,-0.33,0.878,1.065,0.23,29
$GNSS,2024-08-03T09:19:13.800Z,50.8522478,3.1499601,19.958,0.70,-0.29,0.10,0.878,1.065,0.22,29
$GNSS,2024-08-03T09:19:14.000Z,50.8522495,3.1499599,19.935,1.15,0.12,0.17,0.877,1.065,0.21,29
$GNSS,2024-08-03T09:19:14.200Z,50.8522516,3.1499608,19.890,1.23,0.56,0.16,0.877,1.064,0.20,29
$GNSS,2024-08-03T09:19:14.400Z,50.8522536,3.1499620,19.887,0.98,0.28,0.01,0.877,1.064,0.21,29
$GNSS,2024-08-03T09:19:14.600Z,50.8522550,3.1499624,19.873,0.65,0.05,0.13,0.877,1.064,0.22,29
$GNSS,2024-08-03T09:19:14.800Z,50.8522563,3.1499626,19.839,0.74,0.05,0.28,0.876,1.063,0.22,29
$GNSS,2024-08-03T09:19:15.000Z,50.8522577,3.1499626,19.820,0.89,-0.09,0.06,0.877,1.064,0.26,29
$GNSS,2024-08-03T09:19:15.200Z,50.8522591,3.1499624,19.841,0.61,-0.12,-0.02,0.878,1.065,0.36,29
$GNSS,2024-08-03T09:19:15.400Z,50.8522603,3.1499633,19.820,0.72,0.80,0.00,0.879,1.064,0.30,29
$GNSS,2024-08-03T09:19:15.600Z,50.8522620,3.1499658,19.794,1.07,1.00,0.16,0.878,1.062,0.32,29
$GNSS,2024-08-03T09:19:15.800Z,50.8522642,3.1499681,19.744,1.36,0.73,-0.02,0.877,1.060,0.28,29
$GNSS,2024-08-03T09:19:16.000Z,50.8522664,3.1499690,19.744,1.06,-0.01,-0.05,0.876,1.057,0.25,29
$GNSS,2024-08-03T09:19:16.200Z,50.8522682,3.1499693,19.726,0.95,0.29,0.00,0.875,1.055,0.25,29
$GNSS,2024-08-03T09:19:16.400Z,50.8522697,3.1499689,19.778,0.73,-0.53,-0.32,0.875,1.054,0.29,29
$GNSS,2024-08-03T09:19:16.600Z,50.8522711,3.1499680,19.786,0.80,-0.07,0.20,0.875,1.054,0.24,29
$GNSS,2024-08-03T09:19:16.800Z,50.8522726,3.1499679,19.732,0.80,-0.06,0.49,0.875,1.054,0.27,29
$GNSS,2024-08-03T09:19:17.000Z,50.8522746,3.1499681,19.707,1.32,0.21,-0.14,0.875,1.054,0.25,29
$GNSS,2024-08-03T09:19:17.200Z,50.8522767,3.1499677,19.692,0.95,-0.40,0.18,0.874,1.053,0.24,29
$GNSS,2024-08-03T09:19:17.400Z,50.8522785,3.1499664,19.650,0.98,-0.51,0.12,0.873,1.053,0.22,29
$GNSS,2024-08-03T09:19:17.600Z,50.8522804,3.1499656,19.667,1.01,0.02,-0.21,0.871,1.052,0.20,29
$GNSS,2024-08-03T09:19:17.800Z,50.8522825,3.1499659,19.642,1.19,0.27,0.10,0.868,1.051,0.23,29
$GNSS,2024-08-03T09:19:18.000Z,50.8522846,3.1499669,19.606,1.10,0.48,0.28,0.866,1.049,0.23,29
$GNSS,2024-08-03T09:19:18.200Z,50.8522871,3.1499680,19.573,1.64,0.34,0.04,0.864,1.047,0.28,29
$GNSS,2024-08-03T09:19:18.400Z,50.8522898,3.1499679,19.571,1.29,-0.31,-0.07,0.864,1.046,0.29,29
$GNSS,2024-08-03T09:19:18.600Z,50.8522917,3.1499670,19.569,0.79,-0.19,0.06,0.864,1.044,0.28,29
$GNSS,2024-08-03T09:19:18.800Z,50.8522934,3.1499661,19.561,1.06,-0.38,-0.11,0.864,1.043,0.28,29
$GNSS,2024-08-03T09:19:19.000Z,50.8522952,3.1499658,19.574,0.85,0.17,-0.14,0.865,1.042,0.30,29
$GNSS,2024-08-03T09:19:19.200Z,50.8522966,3.1499662,19.573,0.63,0.19,0.00,0.865,1.040,0.29,29
$GNSS,2024-08-03T09:19:19.400Z,50.8522980,3.1499672,19.585,1.11,0.56,-0.44,0.867,1.040,0.29,29
$GNSS,2024-08-03T09:19:19.600Z,50.8522994,3.1499681,19.652,0.46,0.03,-0.10,0.870,1.040,0.30,29
$GNSS,2024-08-03T09:19:19.800Z,50.8523003,3.1499681,19.642,0.55,0.08,0.11,0.871,1.039,0.27,29
$GNSS,2024-08-03T09:19:20.000Z,50.8523015,3.1499680,19.635,0.67,-0.06,0.14,0.871,1.038,0.25,29
$GNSS,2024-08-03T09:19:20.200Z,50.8523028,3.1499681,19.628,0.64,0.16,0.04,0.871,1.038,0.26,29
$GNSS,2024-08-03T09:19:20.400Z,50.8523042,3.1499689,19.636,0.86,0.39,0.20,0.871,1.038,0.25,29
$GNSS,2024-08-03T09:19:20.600Z,50.8523057,3.1499702,19.650,0.77,0.57,-0.02,0.872,1.038,0.23,29
$GNSS,2024-08-03T09:19:20.800Z,50.8523069,3.1499711,19.672,0.34,0.00,0.22,0.872,1.039,0.25,29
$GNSS,2024-08-03T09:19:21.000Z,50.8523081,3.1499715,19.629,1.10,0.30,0.13,0.873,1.039,0.27,29
$GNSS,2024-08-03T09:19:21.200Z,50.8523100,3.1499721,19.591,0.97,0.16,0.20,0.874,1.040,0.29,29
$GNSS,2024-08-03T09:19:21.400Z,50.8523120,3.1499729,19.607,1.19,0.35,-0.05,0.874,1.040,0.28,29
$GNSS,2024-08-03T09:19:21.600Z,50.8523137,3.1499745,19.595,0.76,0.76,0.12,0.874,1.038,0.25,29
$GNSS,2024-08-03T09:19:21.800Z,50.8523151,3.1499767,19.563,0.74,0.80,0.41,0.874,1.038,0.30,29
$GNSS,2024-08-03T09:19:22.000Z,50.8523167,3.1499790,19.553,0.97,0.86,-0.17,0.878,1.042,0.35,29
$GNSS,2024-08-03T09:19:22.200Z,50.8523184,3.1499806,19.591,0.91,0.24,0.08,0.878,1.038,0.23,29
$GNSS,2024-08-03T09:19:22.400Z,50.8523200,3.1499812,19.567,0.89,0.15,0.25,0.875,1.033,0.23,29
$GNSS,2024-08-03T09:19:22.600Z,50.8523217,3.1499820,19.613,0.90,0.43,-0.25,0.872,1.029,0.21,29
$GNSS,2024-08-03T09:19:22.800Z,50.8523232,3.1499831,19.626,0.88,0.29,0.00,0.871,1.026,0.23,29
$GNSS,2024-08-03T09:19:23.000Z,50.8523249,3.1499841,19.613,1.15,0.48,0.10,0.870,1.025,0.21,29
$GNSS,2024-08-03T09:19:23.200Z,50.8523267,3.1499852,19.634,0.85,0.26,-0.21,0.870,1.024,0.23,29
$GNSS,2024-08-03T09:19:23.400Z,50.8523281,3.1499851,19.653,0.76,-0.32,0.20,0.871,1.024,0.27,29
$GNSS,2024-08-03T09:19:23.600Z,50.8523298,3.1499847,19.621,1.13,-0.05,0.21,0.870,1.022,0.23,29
$GNSS,2024-08-03T09:19:23.800Z,50.8523320,3.1499845,19.631,1.33,-0.11,-0.11,0.868,1.021,0.26,29
$GNSS,2024-08-03T09:19:24.000Z,50.8523339,3.1499850,19.622,0.94,0.47,-0.02,0.867,1.018,0.26,29
$GNSS,2024-08-03T09:19:24.200Z,50.8523355,3.1499866,19.585,0.91,0.70,0.15,0.866,1.016,0.22,29
$GNSS,2024-08-03T09:19:24.400Z,50.8523375,3.1499887,19.563,1.39,0.89,-0.11,0.865,1.014,0.24,29
$GNSS,2024-08-03T09:19:24.600Z,50.8523396,3.1499900,19.611,1.02,0.06,-0.45,0.865,1.012,0.27,28
$GNSS,2024-08-03T09:19:24.800Z,50.8523412,3.1499904,19.634,0.78,0.21,-0.01,0.864,1.010,0.26,28
$GNSS,2024-08-03T09:19:25.000Z,50.8523430,3.1499907,19.633,1.19,0.05,-0.06,0.863,1.007,0.24,28
$GNSS,2024-08-03T09:19:25.200Z,50.8523444,3.1499913,19.681,0.36,0.44,-0.39,0.861,1.005,0.19,28
$GNSS,2024-08-03T09:19:25.400Z,50.8523446,3.1499922,19.710,0.00,0.25,-0.11,0.859,1.002,0.16,28
$GNSS,2024-08-03T09:19:25.600Z,50.8523449,3.1499935,19.676,0.30,0.67,0.28,0.856,0.998,0.23,28
$GNSS,2024-08-03T09:19:25.800Z,50.8523457,3.1499958,19.649,0.58,1.00,-0.24,0.854,0.997,0.23,28
$GNSS,2024-08-03T09:19:26.000Z,50.8523468,3.1499978,19.676,0.58,0.50,-0.16,0.852,0.996,0.24,28
$GNSS,2024-08-03T09:19:26.200Z,50.8523479,3.1499993,19.660,0.59,0.51,0.22,0.851,0.996,0.21,28
$GNSS,2024-08-03T09:19:26.400Z,50.8523491,3.1500008,19.643,0.70,0.57,-0.02,0.848,0.995,0.24,28
$GNSS,2024-08-03T09:19:26.600Z,50.8523500,3.1500027,19.678,0.32,0.73,-0.27,0.846,0.995,0.23,28
$GNSS,2024-08-03T09:19:26.800Z,50.8523504,3.1500047,19.690,0.11,0.73,0.17,0.844,0.994,0.19,28
$GNSS,2024-08-03T09:19:27.000Z,50.8523503,3.1500071,19.678,-0.17,0.95,-0.02,0.843,0.994,0.20,28
$GNSS,2024-08-03T09:19:27.200Z,50.8523502,3.1500098,19.699,0.01,0.96,-0.16,0.843,0.994,0.22,28
$GNSS,2024-08-03T09:19:27.400Z,50.8523500,3.1500120,19.692,-0.21,0.64,0.09,0.843,0.994,0.18,28
$GNSS,2024-08-03T09:19:27.600Z,50.8523502,3.1500134,19.679,0.44,0.34,0.12,0.843,0.996,0.27,28
$GNSS,2024-08-03T09:19:27.800Z,50.8523511,3.1500141,19.650,0.57,0.18,0.09,0.843,0.998,0.27,28
$GNSS,2024-08-03T09:19:28.000Z,50.8523520,3.1500149,19.621,0.44,0.36,0.22,0.843,0.999,0.28,28
$GNSS,2024-08-03T09:19:28.200Z,50.8523526,3.1500161,19.624,0.31,0.60,-0.11,0.843,0.999,0.25,28
$GNSS,2024-08-03T09:19:28.400Z,50.8523532,3.1500179,19.613,0.30,0.62,0.13,0.844,0.999,0.25,28
$GNSS,2024-08-03T09:19:28.600Z,50.8523537,3.1500199,19.599,0.18,0.83,0.06,0.844,0.999,0.21,28
$GNSS,2024-08-03T09:19:28.800Z,50.8523540,3.1500223,19.643,0.17,0.92,-0.23,0.844,0.998,0.18,28
$GNSS,2024-08-03T09:19:29.000Z,50.8523543,3.1500250,19.656,0.22,0.95,-0.04,0.844,0.999,0.17,28
$GNSS,2024-08-03T09:19:29.200Z,50.8523545,3.1500266,19.666,-0.02,0.18,-0.13,0.844,1.001,0.21,28
$GNSS,2024-08-03T09:19:29.400Z,50.8523546,3.1500271,19.658,0.21,0.12,0.10,0.844,1.004,0.24,28
$GNSS,2024-08-03T09:19:29.600Z,50.8523551,3.1500273,19.648,0.31,0.03,0.21,0.845,1.007,0.28,28
$GNSS,2024-08-03T09:19:29.800Z,50.8523558,3.1500271,19.652,0.44,-0.19,0.13,0.845,1.010,0.27,28
$GNSS,2024-08-03T09:19:30.000Z,50.8523569,3.1500265,19.666,0.69,-0.23,-0.03,0.846,1.010,0.25,28
$GNSS,2024-08-03T09:19:30.200Z,50.8523581,3.1500265,19.660,0.62,0.18,0.07,0.846,1.011,0.25,29
$GNSS,2024-08-03T09:19:30.400Z,50.8523591,3.1500271,19.638,0.52,0.26,0.03,0.846,1.012,0.24,28
$GNSS,2024-08-03T09:19:30.600Z,50.8523600,3.1500281,19.601,0.53,0.43,0.13,0.845,1.012,0.22,28
$GNSS,2024-08-03T09:19:30.800Z,50.8523611,3.1500295,19.609,0.64,0.53,-0.06,0.846,1.012,0.26,29
$GNSS,2024-08-03T09:19:31.000Z,50.8523621,3.1500309,19.598,0.55,0.47,-0.05,0.846,1.011,0.23,29
$GNSS,2024-08-03T09:19:31.200Z,50.8523629,3.1500321,19.605,0.29,0.38,-0.12,0.846,1.009,0.19,29
$GNSS,2024-08-03T09:19:31.400Z,50.8523634,3.1500329,19.592,0.25,0.15,0.02,0.846,1.008,0.25,29
$GNSS,2024-08-03T09:19:31.600Z,50.8523641,3.1500329,19.587,0.46,-0.15,-0.04,0.847,1.007,0.24,29
$GNSS,2024-08-03T09:19:31.800Z,50.8523650,3.1500325,19.604,0.57,-0.09,-0.17,0.846,1.007,0.24,29
$GNSS,2024-08-03T09:19:32.000Z,50.8523660,3.1500325,19.622,0.53,0.00,0.04,0.846,1.007,0.27,29
$GNSS,2024-08-03T09:19:32.200Z,50.8523669,3.1500327,19.612,0.40,0.12,0.00,0.847,1.007,0.26,29
$GNSS,2024-08-03T09:19:32.400Z,50.8523677,3.1500333,19.627,0.53,0.22,-0.01,0.848,1.008,0.23,29
$GNSS,2024-08-03T09:19:32.600Z,50.8523685,3.1500338,19.629,0.33,0.21,-0.16,0.849,1.010,0.23,29
$GNSS,2024-08-03T09:19:32.800Z,50.8523689,3.1500344,19.646,0.20,0.18,-0.05,0.851,1.012,0.23,29
$GNSS,2024-08-03T09:19:33.000Z,50.8523691,3.1500350,19.632,0.01,0.25,0.08,0.853,1.014,0.23,29
$GNSS,2024-08-03T09:19:33.200Z,50.8523690,3.1500359,19.648,-0.18,0.26,0.08,0.855,1.017,0.27,29
$GNSS,2024-08-03T09:19:33.400Z,50.8523688,3.1500363,19.639,-0.02,0.06,0.03,0.858,1.021,0.28,29
$GNSS,2024-08-03T09:19:33.600Z,50.8523689,3.1500362,19.627,0.08,-0.17,0.11,0.860,1.023,0.25,29
$GNSS,2024-08-03T09:19:33.800Z,50.8523691,3.1500356,19.637,0.07,-0.33,-0.03,0.861,1.025,0.25,29
$GNSS,2024-08-03T09:19:34.000Z,50.8523693,3.1500348,19.638,0.14,-0.29,0.00,0.863,1.028,0.26,29
$GNSS,2024-08-03T09:19:34.200Z,50.8523696,3.1500341,19.651,0.14,-0.27,0.04,0.864,1.030,0.24,29
$GNSS,2024-08-03T09:19:34.400Z,50.8523697,3.1500335,19.646,-0.02,-0.18,0.03,0.865,1.033,0.22,29
$GNSS,2024-08-03T09:19:34.600Z,50.8523698,3.1500329,19.631,0.13,-0.16,-0.02,0.866,1.035,0.26,29
$GNSS,2024-08-03T09:19:34.800Z,50.8523700,3.1500327,19.646,0.06,-0.04,-0.02,0.867,1.037,0.27,29
$GNSS,2024-08-03T09:19:35.000Z,50.8523702,3.1500328,19.648,0.17,0.08,-0.03,0.868,1.039,0.25,29
$GNSS,2024-08-03T09:19:35.200Z,50.8523705,3.1500330,19.658,0.18,0.06,-0.04,0.869,1.040,0.24,29
$GNSS,2024-08-03T09:19:35.400Z,50.8523707,3.1500334,19.663,0.16,0.20,-0.08,0.869,1.041,0.20,29
$GNSS,2024-08-03T09:19:35.600Z,50.8523709,3.1500341,19.678,0.11,0.28,-0.03,0.869,1.041,0.19,29
$GNSS,2024-08-03T09:19:35.800Z,50.8523711,3.1500349,19.679,0.11,0.23,0.00,0.869,1.040,0.19,29
$GNSS,2024-08-03T09:19:36.000Z,50.8523712,3.1500356,19.688,0.07,0.25,0.05,0.868,1.041,0.21,29
$GNSS,2024-08-03T09:19:36.200Z,50.8523714,3.1500364,19.689,0.03,0.21,0.15,0.869,1.041,0.23,29
$GNSS,2024-08-03T09:19:36.400Z,50.8523715,3.1500370,19.683,0.11,0.16,0.06,0.869,1.041,0.22,29
$GNSS,2024-08-03T09:19:36.600Z,50.8523717,3.1500376,19.687,0.11,0.20,0.09,0.869,1.041,0.21,29
$GNSS,2024-08-03T09:19:36.800Z,50.8523720,3.1500381,19.690,0.12,0.09,0.09,0.869,1.042,0.22,29
$GNSS,2024-08-03T09:19:37.000Z,50.8523722,3.1500380,19.694,0.11,-0.14,0.02,0.869,1.042,0.23,29
$GNSS,2024-08-03T09:19:37.200Z,50.8523726,3.1500373,19.717,0.39,-0.49,0.05,0.868,1.041,0.19,29
$GNSS,2024-08-03T09:19:37.400Z,50.8523733,3.1500367,19.730,0.42,0.00,-0.04,0.867,1.040,0.23,29
$GNSS,2024-08-03T09:19:37.600Z,50.8523739,3.1500371,19.759,0.25,0.22,-0.11,0.869,1.044,0.30,29
$GNSS,2024-08-03T09:19:37.800Z,50.8523742,3.1500371,19.746,0.06,-0.19,0.08,0.872,1.046,0.23,29
$GNSS,2024-08-03T09:19:38.000Z,50.8523743,3.1500372,19.759,0.07,0.16,0.02,0.871,1.045,0.15,28
$GNSS,2024-08-03T09:19:38.200Z,50.8523746,3.1500372,19.735,0.24,-0.17,0.21,0.869,1.043,0.23,28
$GNSS,2024-08-03T09:19:38.400Z,50.8523748,3.1500373,19.713,-0.09,0.20,0.10,0.867,1.041,0.19,28
$GNSS,2024-08-03T09:19:38.600Z,50.8523745,3.1500378,19.693,-0.15,0.17,0.07,0.865,1.040,0.23,29
$GNSS,2024-08-03T09:19:38.800Z,50.8523743,3.1500383,19.680,-0.09,0.23,-0.10,0.864,1.039,0.19,29
$GNSS,2024-08-03T09:19:39.000Z,50.8523738,3.1500394,19.718,-0.42,0.52,-0.38,0.863,1.038,0.21,28
$GNSS,2024-08-03T09:19:39.200Z,50.8523733,3.1500402,19.762,-0.03,0.06,-0.13,0.861,1.037,0.22,29
$GNSS,2024-08-03T09:19:39.400Z,50.8523733,3.1500402,19.764,0.05,-0.05,-0.10,0.860,1.037,0.25,29
$GNSS,2024-08-03T09:19:39.600Z,50.8523733,3.1500403,19.778,0.02,0.10,-0.12,0.860,1.038,0.21,29
$GNSS,2024-08-03T09:19:39.800Z,50.8523733,3.1500404,19.789,0.04,-0.03,-0.01,0.859,1.038,0.23,29
$GNSS,2024-08-03T09:19:40.000Z,50.8523733,3.1500402,19.776,0.07,-0.09,-0.08,0.859,1.037,0.25,29
$GNSS,2024-08-03T09:19:40.200Z,50.8523734,3.1500401,19.813,0.05,-0.06,-0.02,0.858,1.037,0.23,29
$GNSS,2024-08-03T09:19:40.400Z,50.8523735,3.1500400,19.823,0.10,-0.03,-0.06,0.858,1.038,0.25,29
$GNSS,2024-08-03T09:19:40.600Z,50.8523738,3.1500398,19.834,0.15,-0.15,-0.01,0.858,1.038,0.24,29
$GNSS,2024-08-03T09:19:40.800Z,50.8523740,3.1500395,19.851,0.10,-0.12,-0.06,0.858,1.038,0.24,29
$GNSS,2024-08-03T09:19:41.000Z,50.8523742,3.1500392,19.861,0.12,-0.17,0.03,0.858,1.038,0.21,29
$GNSS,2024-08-03T09:19:41.200Z,50.8523744,3.1500386,19.856,0.10,-0.26,0.01,0.857,1.037,0.20,29
$GNSS,2024-08-03T09:19:41.400Z,50.8523748,3.1500378,19.884,0.28,-0.34,-0.03,0.856,1.037,0.21,29
$GNSS,2024-08-03T09:19:41.600Z,50.8523753,3.1500370,19.869,0.22,-0.19,0.01,0.854,1.036,0.20,29
$GNSS,2024-08-03T09:19:41.800Z,50.8523756,3.1500366,19.866,0.16,-0.12,0.07,0.851,1.033,0.19,29
$GNSS,2024-08-03T09:19:42.000Z,50.8523760,3.1500364,19.865,0.13,-0.02,0.09,0.848,1.029,0.18,29
$GNSS,2024-08-03T09:19:42.200Z,50.8523763,3.1500364,19.852,0.13,-0.01,0.10,0.845,1.026,0.21,29
$GNSS,2024-08-03T09:19:42.400Z,50.8523765,3.1500363,19.832,0.09,0.03,-0.01,0.842,1.023,0.21,29
$GNSS,2024-08-03T09:19:42.600Z,50.8523768,3.1500367,19.840,0.08,0.24,0.09,0.841,1.021,0.15,29
$GNSS,2024-08-03T09:19:42.800Z,50.8523770,3.1500378,19.784,0.03,0.57,0.23,0.839,1.019,0.15,29
$GNSS,2024-08-03T09:19:43.000Z,50.8523768,3.1500393,19.766,-0.21,0.54,-0.08,0.839,1.017,0.16,29
$GNSS,2024-08-03T09:19:43.200Z,50.8523767,3.1500404,19.764,-0.03,0.27,0.10,0.838,1.016,0.17,29
$GNSS,2024-08-03T09:19:43.400Z,50.8523767,3.1500411,19.745,-0.04,0.29,0.11,0.838,1.015,0.16,29
$GNSS,2024-08-03T09:19:43.600Z,50.8523767,3.1500419,19.730,-0.10,0.26,0.07,0.837,1.014,0.17,29
$GNSS,2024-08-03T09:19:43.800Z,50.8523767,3.1500425,19.723,-0.07,0.22,0.00,0.838,1.012,0.16,29
$GNSS,2024-08-03T09:19:44.000Z,50.8523767,3.1500429,19.713,0.06,0.11,0.09,0.839,1.012,0.22,29
$GNSS,2024-08-03T09:19:44.200Z,50.8523772,3.1500430,19.685,0.40,0.07,0.10,0.840,1.011,0.28,29
$GNSS,2024-08-03T09:19:44.400Z,50.8523780,3.1500433,19.670,0.40,0.14,0.13,0.841,1.011,0.28,29
$GNSS,2024-08-03T09:19:44.600Z,50.8523787,3.1500437,19.648,0.38,0.16,0.08,0.842,1.012,0.31,29
$GNSS,2024-08-03T09:19:44.800Z,50.8523794,3.1500440,19.646,0.35,0.04,0.04,0.843,1.013,0.28,29
$GNSS,2024-08-03T09:19:45.000Z,50.8523799,3.1500441,19.631,0.20,0.07,0.11,0.844,1.014,0.30,29
$GNSS,2024-08-03T09:19:45.200Z,50.8523802,3.1500440,19.617,0.13,-0.10,0.00,0.846,1.016,0.23,29
$GNSS,2024-08-03T09:19:45.400Z,50.8523803,3.1500437,19.614,-0.03,-0.01,0.03,0.847,1.018,0.25,29
$GNSS,2024-08-03T09:19:45.600Z,50.8523803,3.1500440,19.616,-0.04,0.22,-0.03,0.848,1.019,0.15,29
$GNSS,2024-08-03T09:19:45.800Z,50.8523801,3.1500447,19.618,-0.12,0.28,-0.05,0.850,1.021,0.18,29
$GNSS,2024-08-03T09:19:46.000Z,50.8523801,3.1500459,19.588,0.11,0.60,0.08,0.853,1.021,0.22,29
$GNSS,2024-08-03T09:19:46.200Z,50.8523800,3.1500477,19.601,-0.24,0.73,-0.11,0.855,1.022,0.16,29
$GNSS,2024-08-03T09:19:46.400Z,50.8523796,3.1500495,19.625,-0.13,0.58,-0.10,0.857,1.023,0.17,29
$GNSS,2024-08-03T09:19:46.600Z,50.8523798,3.1500509,19.634,0.31,0.40,0.08,0.855,1.022,0.22,29
$GNSS,2024-08-03T09:19:46.800Z,50.8523805,3.1500516,19.621,0.41,0.07,0.18,0.854,1.023,0.27,29
$GNSS,2024-08-03T09:19:47.000Z,50.8523813,3.1500517,19.618,0.54,-0.01,0.01,0.854,1.024,0.27,29
$GNSS,2024-08-03T09:19:47.200Z,50.8523826,3.1500515,19.665,0.85,-0.18,-0.04,0.853,1.024,0.23,29
$GNSS,2024-08-03T09:19:47.400Z,50.8523837,3.1500514,19.660,0.36,0.16,0.07,0.852,1.026,0.22,29
$GNSS,2024-08-03T09:19:47.600Z,50.8523842,3.1500521,19.643,0.23,0.30,0.12,0.850,1.027,0.21,29
$GNSS,2024-08-03T09:19:47.800Z,50.8523846,3.1500534,19.619,0.25,0.61,0.10,0.849,1.028,0.20,29
$GNSS,2024-08-03T09:19:48.000Z,50.8523848,3.1500554,19.572,0.02,0.78,0.04,0.847,1.028,0.20,29
$GNSS,2024-08-03T09:19:48.200Z,50.8523851,3.1500580,19.584,0.25,1.07,-0.03,0.847,1.029,0.25,29
$GNSS,2024-08-03T09:19:48.400Z,50.8523856,3.1500606,19.548,0.29,0.65,0.05,0.848,1.029,0.25,29
$GNSS,2024-08-03T09:19:48.600Z,50.8523862,3.1500623,19.500,0.38,0.50,0.20,0.848,1.030,0.28,28
$GNSS,2024-08-03T09:19:48.800Z,50.8523871,3.1500635,19.453,0.64,0.31,0.11,0.852,1.034,0.45,28
$GNSS,2024-08-03T09:19:49.000Z,50.8523881,3.1500645,19.464,0.57,0.42,0.07,0.856,1.036,0.28,28
$GNSS,2024-08-03T09:19:49.200Z,50.8523889,3.1500654,19.453,0.42,0.16,0.06,0.857,1.035,0.31,28
$GNSS,2024-08-03T09:19:49.400Z,50.8523896,3.1500661,19.458,0.32,0.37,0.11,0.859,1.036,0.35,28
$GNSS,2024-08-03T09:19:49.600Z,50.8523900,3.1500671,19.422,0.27,0.30,0.10,0.863,1.037,0.35,28
$GNSS,2024-08-03T09:19:49.800Z,50.8523902,3.1500682,19.391,0.14,0.43,0.11,0.866,1.037,0.30,28
$GNSS,2024-08-03T09:19:50.000Z,50.8523903,3.1500694,19.388,0.08,0.36,-0.03,0.869,1.037,0.25,28
$GNSS,2024-08-03T09:19:50.200Z,50.8523903,3.1500708,19.390,-0.02,0.63,0.03,0.873,1.039,0.25,28
$GNSS,2024-08-03T09:19:50.400Z,50.8523904,3.1500721,19.366,0.21,0.22,0.20,0.877,1.040,0.36,28
$GNSS,2024-08-03T09:19:50.600Z,50.8523907,3.1500727,19.364,0.20,0.17,0.13,0.880,1.040,0.27,28
$GNSS,2024-08-03T09:19:50.800Z,50.8523910,3.1500731,19.373,0.11,0.07,0.00,0.881,1.039,0.25,29
$GNSS,2024-08-03T09:19:51.000Z,50.8523915,3.1500734,19.366,0.40,0.14,0.09,0.882,1.040,0.30,29
$GNSS,2024-08-03T09:19:51.200Z,50.8523923,3.1500739,19.350,0.47,0.21,0.08,0.884,1.042,0.31,29
$GNSS,2024-08-03T09:19:51.400Z,50.8523930,3.1500744,19.347,0.25,0.21,0.06,0.884,1.045,0.22,29
$GNSS,2024-08-03T09:19:51.600Z,50.8523935,3.1500748,19.347,0.29,0.05,-0.03,0.884,1.049,0.24,29
$GNSS,2024-08-03T09:19:51.800Z,50.8523938,3.1500750,19.390,0.01,0.12,-0.07,0.884,1.054,0.23,29
$GNSS,2024-08-03T09:19:52.000Z,50.8523938,3.1500754,19.406,-0.02,0.19,-0.03,0.884,1.060,0.17,29
$GNSS,2024-08-03T09:19:52.200Z,50.8523939,3.1500759,19.436,0.02,0.17,-0.06,0.884,1.064,0.18,29
$GNSS,2024-08-03T09:19:52.400Z,50.8523940,3.1500766,19.433,-0.02,0.34,0.01,0.883,1.069,0.13,29
$GNSS,2024-08-03T09:19:52.600Z,50.8523941,3.1500773,19.410,0.16,0.21,-0.06,0.883,1.076,0.20,29
$GNSS,2024-08-03T09:19:52.800Z,50.8523943,3.1500782,19.405,0.11,0.43,-0.11,0.884,1.085,0.21,29
$GNSS,2024-08-03T09:19:53.000Z,50.8523947,3.1500794,19.388,0.36,0.37,0.02,0.884,1.097,0.27,29
$GNSS,2024-08-03T09:19:53.200Z,50.8523954,3.1500802,19.460,0.24,0.11,0.01,0.886,1.108,0.28,29
$GNSS,2024-08-03T09:19:53.400Z,50.8523961,3.1500807,19.579,0.30,0.11,-0.04,0.886,1.119,0.24,29
$GNSS,2024-08-03T09:19:53.600Z,50.8523966,3.1500811,19.589,0.33,0.06,0.12,0.887,1.131,0.37,29
$GNSS,2024-08-03T09:19:53.800Z,50.8523971,3.1500814,19.562,0.28,0.07,0.10,0.889,1.140,0.36,29
$GNSS,2024-08-03T09:19:54.000Z,50.8523976,3.1500817,19.539,0.20,0.10,-0.01,0.892,1.149,0.30,29
$GNSS,2024-08-03T09:19:54.200Z,50.8523980,3.1500825,19.482,0.30,0.29,0.26,0.894,1.156,0.35,29
$GNSS,2024-08-03T09:19:54.400Z,50.8523983,3.1500834,19.406,0.06,0.20,0.20,0.896,1.161,0.35,29
$GNSS,2024-08-03T09:19:54.600Z,50.8523982,3.1500841,19.298,-0.02,0.22,0.21,0.899,1.165,0.32,29
$GNSS,2024-08-03T09:19:54.800Z,50.8523981,3.1500851,19.221,0.10,0.37,0.05,0.901,1.170,0.21,29
$GNSS,2024-08-03T09:19:55.000Z,50.8523984,3.1500859,19.188,0.18,0.16,0.15,0.903,1.174,0.34,29
$GNSS,2024-08-03T09:19:55.200Z,50.8523988,3.1500868,19.202,0.10,0.41,0.18,0.905,1.174,0.27,29
$GNSS,2024-08-03T09:19:55.400Z,50.8523994,3.1500878,19.231,0.27,0.11,0.14,0.906,1.172,0.27,28
$GNSS,2024-08-03T09:19:55.600Z,50.8524004,3.1500884,19.292,0.54,0.26,0.06,0.907,1.169,0.26,28
$GNSS,2024-08-03T09:19:55.800Z,50.8524012,3.1500892,19.241,0.40,0.20,0.04,0.908,1.164,0.28,28
$GNSS,2024-08-03T09:19:56.000Z,50.8524019,3.1500900,19.224,0.36,0.21,0.03,0.910,1.160,0.27,28
$GNSS,2024-08-03T09:19:56.200Z,50.8524021,3.1500906,19.207,0.04,0.09,0.11,0.911,1.158,0.25,28
$GNSS,2024-08-03T09:19:56.400Z,50.8524022,3.1500912,19.173,0.27,0.21,0.13,0.911,1.152,0.22,28
$GNSS,2024-08-03T09:19:56.600Z,50.8524023,3.1500919,19.079,0.23,0.10,0.20,0.911,1.147,0.25,28
$GNSS,2024-08-03T09:19:56.800Z,50.8524024,3.1500928,19.026,0.25,0.38,0.12,0.909,1.142,0.18,28
$GNSS,2024-08-03T09:19:57.000Z,50.8524026,3.1500935,19.009,-0.01,0.12,0.18,0.909,1.137,0.22,28
$GNSS,2024-08-03T09:19:57.200Z,50.8524027,3.1500938,19.005,0.02,0.05,0.13,0.908,1.133,0.24,28
$GNSS,2024-08-03T09:19:57.400Z,50.8524029,3.1500940,19.070,-0.03,0.01,-0.06,0.908,1.130,0.22,28
$GNSS,2024-08-03T09:19:57.600Z,50.8524027,3.1500942,19.117,-0.09,-0.05,-0.01,0.908,1.126,0.24,28
$GNSS,2024-08-03T09:19:57.800Z,50.8524026,3.1500942,19.139,0.08,0.00,-0.06,0.909,1.123,0.27,28
$GNSS,2024-08-03T09:19:58.000Z,50.8524025,3.1500942,19.164,-0.04,-0.01,0.01,0.909,1.120,0.25,28
$GNSS,2024-08-03T09:19:58.200Z,50.8524024,3.1500942,19.190,0.07,0.02,0.05,0.909,1.117,0.23,28
$GNSS,2024-08-03T09:19:58.400Z,50.8524024,3.1500943,19.224,-0.05,-0.03,-0.02,0.910,1.114,0.23,28
$GNSS,2024-08-03T09:19:58.600Z,50.8524024,3.1500944,19.248,0.06,0.02,-0.01,0.910,1.111,0.26,28
$GNSS,2024-08-03T09:19:58.800Z,50.8524025,3.1500945,19.267,0.07,0.02,-0.07,0.911,1.109,0.26,28
$GNSS,2024-08-03T09:19:59.000Z,50.8524025,3.1500948,19.285,0.04,0.01,0.04,0.911,1.108,0.24,28
$GNSS,2024-08-03T09:19:59.200Z,50.8524026,3.1500948,19.278,0.06,0.01,0.10,0.915,1.112,0.42,26
$GNSS,2024-08-03T09:19:59.400Z,50.8524025,3.1500949,19.282,-0.07,-0.02,0.01,0.923,1.120,0.42,26
$GNSS,2024-08-03T09:19:59.600Z,50.8524024,3.1500948,19.281,-0.11,-0.01,0.13,0.932,1.128,0.35,25
$GNSS,2024-08-03T09:19:59.800Z,50.8524022,3.1500948,19.271,-0.14,-0.02,0.17,0.940,1.138,0.36,25
$GNSS,2024-08-03T09:20:00.000Z,50.8524021,3.1500950,19.257,-0.08,0.07,0.22,0.947,1.147,0.38,25
$GNSS,2024-08-03T09:20:00.200Z,50.8524021,3.1500951,19.254,-0.09,0.01,0.16,0.956,1.158,0.38,25
$GNSS,2024-08-03T09:20:00.400Z,50.8524021,3.1500951,19.259,-0.04,0.02,0.17,0.964,1.167,0.37,25
$GNSS,2024-08-03T09:20:00.600Z,50.8524021,3.1500952,19.254,-0.04,0.07,0.18,0.972,1.176,0.37,25
$GNSS,2024-08-03T09:20:00.800Z,50.8524020,3.1500954,19.254,0.00,0.05,0.01,0.980,1.185,0.24,25
$GNSS,2024-08-03T09:20:01.000Z,50.8524021,3.1500955,19.268,0.02,0.00,0.01,0.988,1.194,0.40,24
$GNSS,2024-08-03T09:20:01.200Z,50.8524021,3.1500955,19.275,0.04,-0.03,-0.05,0.996,1.203,0.35,25
$GNSS,2024-08-03T09:20:01.400Z,50.8524018,3.1500955,19.256,0.03,-0.04,-0.11,0.999,1.203,0.30,25
$GNSS,2024-08-03T09:20:01.600Z,50.8524015,3.1500955,19.260,0.00,0.02,-0.06,0.997,1.197,0.23,26
$GNSS,2024-08-03T09:20:01.800Z,50.8524013,3.1500957,19.247,0.07,-0.03,-0.12,0.996,1.192,0.25,26
$GNSS,2024-08-03T09:20:02.000Z,50.8524011,3.1500957,19.219,0.17,-0.04,-0.16,0.996,1.188,0.25,26
$GNSS,2024-08-03T09:20:02.200Z,50.8524010,3.1500958,19.207,0.17,0.02,-0.19,0.995,1.184,0.25,26
$GNSS,2024-08-03T09:20:02.400Z,50.8524008,3.1500960,19.193,0.20,-0.04,-0.28,0.995,1.181,0.25,26
$GNSS,2024-08-03T09:20:02.600Z,50.8524008,3.1500960,19.210,0.16,-0.07,-0.21,0.995,1.178,0.25,26
$GNSS,2024-08-03T09:20:02.800Z,50.8524008,3.1500960,19.233,0.11,-0.02,-0.20,0.994,1.174,0.26,26
$GNSS,2024-08-03T09:20:03.000Z,50.8524006,3.1500962,19.225,0.15,-0.03,-0.05,0.993,1.171,0.25,26
$GNSS,2024-08-03T09:20:03.200Z,50.8524007,3.1500964,19.239,0.05,0.03,-0.06,0.993,1.168,0.26,26
$GNSS,2024-08-03T09:20:03.400Z,50.8524006,3.1500966,19.238,0.04,-0.01,-0.06,0.992,1.166,0.27,26
$GNSS,2024-08-03T09:20:03.600Z,50.8524007,3.1500967,19.253,0.11,0.02,-0.07,0.991,1.163,0.26,25
$GNSS,2024-08-03T09:20:03.800Z,50.8524006,3.1500968,19.259,0.01,-0.02,-0.04,0.990,1.160,0.24,25
$GNSS,2024-08-03T09:20:04.000Z,50.8524006,3.1500970,19.273,-0.05,0.05,0.06,0.989,1.158,0.24,25
$GNSS,2024-08-03T09:20:04.200Z,50.8524005,3.1500972,19.286,-0.07,0.01,0.00,0.989,1.155,0.23,25
$GNSS,2024-08-03T09:20:04.400Z,50.8524005,3.1500973,19.313,-0.04,-0.01,-0.04,0.988,1.153,0.22,25
$GNSS,2024-08-03T09:20:04.600Z,50.8524004,3.1500974,19.315,-0.04,-0.04,0.06,0.987,1.150,0.23,25
$GNSS,2024-08-03T09:20:04.800Z,50.8524004,3.1500974,19.323,-0.03,-0.01,0.07,0.986,1.147,0.23,25
$GNSS,2024-08-03T09:20:05.000Z,50.8524004,3.1500976,19.331,-0.08,0.03,0.06,0.985,1.144,0.23,25
$GNSS,2024-08-03T09:20:05.200Z,50.8524004,3.1500978,19.331,-0.07,0.04,0.14,0.985,1.141,0.23,25
$GNSS,2024-08-03T09:20:05.400Z,50.8524004,3.1500980,19.328,0.01,0.01,0.02,0.984,1.138,0.20,25
$GNSS,2024-08-03T09:20:05.600Z,50.8524005,3.1500982,19.340,-0.04,0.05,0.03,0.983,1.135,0.19,25
$GNSS,2024-08-03T09:20:05.800Z,50.8524005,3.1500984,19.342,0.05,-0.01,0.04,0.982,1.132,0.17,25
$GNSS,2024-08-03T09:20:06.000Z,50.8524006,3.1500985,19.366,-0.01,0.00,0.00,0.981,1.129,0.21,25
$GNSS,2024-08-03T09:20:06.200Z,50.8524007,3.1500986,19.411,-0.15,0.00,-0.13,0.981,1.126,0.19,25
$GNSS,2024-08-03T09:20:06.400Z,50.8524005,3.1500987,19.417,0.11,0.03,-0.01,0.980,1.124,0.23,25
$GNSS,2024-08-03T09:20:06.600Z,50.8524005,3.1500989,19.396,-0.04,-0.04,0.05,0.980,1.122,0.22,25
$GNSS,2024-08-03T09:20:06.800Z,50.8524005,3.1500989,19.407,-0.10,0.00,0.05,0.979,1.121,0.25,26
$GNSS,2024-08-03T09:20:07.000Z,50.8524004,3.1500989,19.413,0.03,-0.03,-0.02,0.979,1.120,0.21,26
$GNSS,2024-08-03T09:20:07.200Z,50.8524007,3.1500990,19.436,0.05,0.06,0.07,0.979,1.121,0.26,26
$GNSS,2024-08-03T09:20:07.400Z,50.8524008,3.1500992,19.440,0.03,0.01,0.08,0.980,1.123,0.28,26
$GNSS,2024-08-03T09:20:07.600Z,50.8524010,3.1500992,19.454,0.07,-0.01,0.03,0.981,1.124,0.21,26
$GNSS,2024-08-03T09:20:07.800Z,50.8524012,3.1500992,19.454,0.04,-0.05,0.03,0.981,1.124,0.13,26
$GNSS,2024-08-03T09:20:08.000Z,50.8524012,3.1500993,19.460,0.01,0.06,-0.03,0.981,1.124,0.14,25
$GNSS,2024-08-03T09:20:08.200Z,50.8524011,3.1500998,19.411,0.09,0.12,0.15,0.982,1.124,0.23,25
$GNSS,2024-08-03T09:20:08.400Z,50.8524011,3.1501003,19.322,0.32,0.13,0.22,0.983,1.127,0.28,25
$GNSS,2024-08-03T09:20:08.600Z,50.8524011,3.1501012,19.229,0.01,0.34,0.13,0.984,1.127,0.17,25
$GNSS,2024-08-03T09:20:08.800Z,50.8524013,3.1501022,19.253,0.07,0.30,-0.15,0.983,1.128,0.20,25
$GNSS,2024-08-03T09:20:09.000Z,50.8524013,3.1501029,19.236,0.06,0.16,0.31,0.984,1.131,0.29,25
$GNSS,2024-08-03T09:20:09.200Z,50.8524017,3.1501034,19.219,0.17,0.19,0.32,0.985,1.134,0.26,25
$GNSS,2024-08-03T09:20:09.400Z,50.8524026,3.1501039,19.281,0.24,0.20,0.24,0.986,1.137,0.25,25
$GNSS,2024-08-03T09:20:09.600Z,50.8524030,3.1501046,19.247,0.33,0.18,0.02,0.986,1.137,0.26,25
$GNSS,2024-08-03T09:20:09.800Z,50.8524037,3.1501052,19.251,0.41,0.21,0.03,0.986,1.137,0.28,25
$GNSS,2024-08-03T09:20:10.000Z,50.8524042,3.1501058,19.256,0.16,0.16,0.04,0.987,1.137,0.24,25
$GNSS,2024-08-03T09:20:10.200Z,50.8524042,3.1501063,19.236,0.00,0.10,0.01,0.989,1.138,0.16,25
$GNSS,2024-08-03T09:20:10.400Z,50.8524038,3.1501067,19.158,-0.05,0.08,0.18,0.992,1.142,0.32,24
$GNSS,2024-08-03T09:20:10.600Z,50.8524037,3.1501071,19.082,0.15,0.17,0.21,0.992,1.141,0.23,24
$GNSS,2024-08-03T09:20:10.800Z,50.8524040,3.1501077,19.077,-0.06,0.23,0.24,0.995,1.143,0.25,23
$GNSS,2024-08-03T09:20:11.000Z,50.8524039,3.1501082,18.997,0.06,0.09,0.34,0.998,1.145,0.29,24
$GNSS,2024-08-03T09:20:11.200Z,50.8524044,3.1501084,18.998,0.02,0.03,0.21,1.002,1.149,0.29,24
$GNSS,2024-08-03T09:20:11.400Z,50.8524045,3.1501085,18.999,-0.08,0.02,0.12,1.005,1.151,0.35,23
$GNSS,2024-08-03T09:20:11.600Z,50.8524045,3.1501085,19.013,-0.19,0.03,0.08,1.008,1.153,0.33,23
$GNSS,2024-08-03T09:20:11.800Z,50.8524043,3.1501087,19.002,-0.02,0.02,0.06,1.013,1.158,0.37,24
$GNSS,2024-08-03T09:20:12.000Z,50.8524042,3.1501089,18.975,-0.08,0.08,0.13,1.021,1.166,0.37,24
$GNSS,2024-08-03T09:20:12.200Z,50.8524039,3.1501090,18.946,-0.23,0.04,0.25,1.030,1.173,0.42,24
$GNSS,2024-08-03T09:20:12.400Z,50.8524037,3.1501091,18.919,-0.21,0.05,0.28,1.039,1.182,0.41,24
$GNSS,2024-08-03T09:20:12.600Z,50.8524033,3.1501092,18.876,-0.25,0.02,0.28,1.050,1.191,0.43,24
$GNSS,2024-08-03T09:20:12.800Z,50.8524031,3.1501093,18.854,-0.28,0.09,0.33,1.060,1.201,0.42,24
$GNSS,2024-08-03T09:20:13.000Z,50.8524027,3.1501094,18.806,-0.33,0.05,0.41,1.071,1.212,0.43,24
$GNSS,2024-08-03T09:20:13.200Z,50.8524024,3.1501095,18.768,-0.19,0.09,0.29,1.083,1.222,0.42,24
$GNSS,2024-08-03T09:20:13.400Z,50.8524023,3.1501096,18.753,-0.19,0.07,0.26,1.095,1.234,0.43,24
$GNSS,2024-08-03T09:20:13.600Z,50.8524025,3.1501096,18.771,-0.15,0.05,0.24,1.108,1.245,0.42,24
$GNSS,2024-08-03T09:20:13.800Z,50.8524025,3.1501096,18.754,-0.11,-0.04,0.11,1.120,1.257,0.44,23
$GNSS,2024-08-03T09:20:14.000Z,50.8524025,3.1501096,18.753,0.01,0.01,0.06,1.132,1.270,0.36,23
$GNSS,2024-08-03T09:20:14.200Z,50.8524026,3.1501095,18.753,-0.04,-0.01,-0.02,1.145,1.283,0.36,23
$GNSS,2024-08-03T09:20:14.400Z,50.8524027,3.1501095,18.778,0.03,-0.02,-0.07,1.157,1.297,0.43,24
$GNSS,2024-08-03T09:20:14.600Z,50.8524030,3.1501094,18.816,0.09,-0.01,-0.14,1.170,1.311,0.44,23
$GNSS,2024-08-03T09:20:14.800Z,50.8524032,3.1501094,18.834,0.19,-0.02,-0.21,1.186,1.326,0.47,23
$GNSS,2024-08-03T09:20:15.000Z,50.8524033,3.1501095,18.852,0.20,0.02,-0.24,1.203,1.343,0.47,24
$GNSS,2024-08-03T09:20:15.200Z,50.8524035,3.1501095,18.871,0.23,-0.04,-0.30,1.221,1.359,0.46,24
$GNSS,2024-08-03T09:20:15.400Z,50.8524033,3.1501095,18.862,0.23,-0.13,-0.41,1.238,1.372,0.43,24
$GNSS,2024-08-03T09:20:15.600Z,50.8524032,3.1501095,18.842,0.21,-0.07,-0.32,1.246,1.377,0.41,25
$GNSS,2024-08-03T09:20:15.800Z,50.8524030,3.1501094,18.826,0.23,-0.11,-0.37,1.252,1.386,0.41,25
$GNSS,2024-08-03T09:20:16.000Z,50.8524033,3.1501092,18.870,0.35,-0.05,-0.41,1.260,1.400,0.43,22
$GNSS,2024-08-03T09:20:16.200Z,50.8524030,3.1501094,18.881,0.02,-0.03,-0.54,1.270,1.417,0.41,22
$GNSS,2024-08-03T09:20:16.400Z,50.8524027,3.1501096,18.878,0.26,0.00,-0.38,1.280,1.433,0.45,22
$GNSS,2024-08-03T09:20:16.600Z,50.8524029,3.1501098,18.858,0.52,-0.02,-0.39,1.288,1.445,0.47,22
$GNSS,2024-08-03T09:20:16.800Z,50.8524038,3.1501103,18.906,0.56,0.21,-0.41,1.290,1.452,0.43,22
$GNSS,2024-08-03T09:20:17.000Z,50.8524045,3.1501113,18.839,0.72,0.05,-0.29,1.285,1.456,0.43,22
$GNSS,2024-08-03T09:20:17.200Z,50.8524056,3.1501117,18.867,0.48,0.10,-0.24,1.282,1.465,0.39,22
$GNSS,2024-08-03T09:20:17.400Z,50.8524065,3.1501121,18.909,0.43,0.05,-0.20,1.281,1.469,0.39,22
$GNSS,2024-08-03T09:20:17.600Z,50.8524072,3.1501113,18.976,0.30,-0.53,-0.36,1.288,1.482,0.40,22
$GNSS,2024-08-03T09:20:17.800Z,50.8524077,3.1501105,19.022,0.35,-0.19,-0.32,1.297,1.495,0.45,22
$GNSS,2024-08-03T09:20:18.000Z,50.8524080,3.1501101,19.033,0.06,-0.20,-0.26,1.302,1.505,0.45,22
$GNSS,2024-08-03T09:20:18.200Z,50.8524079,3.1501099,19.014,0.09,-0.13,-0.23,1.305,1.511,0.41,22
$GNSS,2024-08-03T09:20:18.400Z,50.8524081,3.1501099,19.007,0.16,-0.11,-0.28,1.304,1.515,0.41,22
$GNSS,2024-08-03T09:20:18.600Z,50.8524082,3.1501103,18.971,0.11,0.04,-0.27,1.304,1.520,0.39,22
$GNSS,2024-08-03T09:20:18.800Z,50.8524083,3.1501106,18.949,0.08,-0.04,-0.15,1.305,1.525,0.41,22
$GNSS,2024-08-03T09:20:19.000Z,50.8524084,3.1501108,18.948,0.12,0.04,-0.14,1.307,1.531,0.41,22
$GNSS,2024-08-03T09:20:19.200Z,50.8524084,3.1501111,18.924,0.00,0.03,-0.07,1.310,1.538,0.38,22
$GNSS,2024-08-03T09:20:19.400Z,50.8524083,3.1501112,18.914,-0.03,-0.04,-0.06,1.302,1.523,0.28,22
$GNSS,2024-08-03T09:20:19.600Z,50.8524082,3.1501114,18.881,0.05,0.00,-0.12,1.294,1.514,0.29,22
$GNSS,2024-08-03T09:20:19.800Z,50.8524083,3.1501119,18.830,0.22,0.03,-0.08,1.289,1.509,0.29,22
$GNSS,2024-08-03T09:20:20.000Z,50.8524086,3.1501125,18.752,0.30,0.06,-0.11,1.284,1.503,0.27,22
$GNSS,2024-08-03T09:20:20.200Z,50.8524088,3.1501128,18.750,0.10,0.05,-0.19,1.279,1.499,0.26,22
$GNSS,2024-08-03T09:20:20.400Z,50.8524085,3.1501136,18.673,-0.07,0.12,-0.14,1.275,1.493,0.17,22
$GNSS,2024-08-03T09:20:20.600Z,50.8524083,3.1501142,18.682,-0.26,0.23,-0.24,1.266,1.485,0.18,22
$GNSS,2024-08-03T09:20:20.800Z,50.8524082,3.1501149,18.680,0.25,0.09,-0.13,1.259,1.481,0.25,22
$GNSS,2024-08-03T09:20:21.000Z,50.8524085,3.1501152,18.686,0.05,0.12,0.08,1.253,1.476,0.27,22
$GNSS,2024-08-03T09:20:21.200Z,50.8524087,3.1501156,18.667,0.13,0.19,0.13,1.253,1.475,0.28,22
$GNSS,2024-08-03T09:20:21.400Z,50.8524093,3.1501162,18.621,0.52,0.26,0.36,1.255,1.472,0.33,22
$GNSS,2024-08-03T09:20:21.600Z,50.8524099,3.1501168,18.592,-0.03,0.18,0.26,1.256,1.468,0.32,22
$GNSS,2024-08-03T09:20:21.800Z,50.8524101,3.1501171,18.609,0.02,0.21,0.08,1.257,1.466,0.28,22
$GNSS,2024-08-03T09:20:22.000Z,50.8524105,3.1501171,18.663,-0.01,0.11,0.04,1.260,1.464,0.26,22
$GNSS,2024-08-03T09:20:22.200Z,50.8524108,3.1501173,18.652,0.15,0.03,0.22,1.262,1.463,0.30,22
$GNSS,2024-08-03T09:20:22.400Z,50.8524120,3.1501166,18.777,0.34,-0.06,-0.14,1.256,1.457,0.23,22
$GNSS,2024-08-03T09:20:22.600Z,50.8524130,3.1501166,18.870,0.33,0.24,-0.21,1.249,1.452,0.23,22
$GNSS,2024-08-03T09:20:22.800Z,50.8524135,3.1501171,18.854,0.36,0.08,0.13,1.244,1.447,0.24,22
$GNSS,2024-08-03T09:20:23.000Z,50.8524142,3.1501174,18.886,0.22,0.27,-0.07,1.239,1.441,0.22,22
$GNSS,2024-08-03T09:20:23.200Z,50.8524148,3.1501178,18.893,0.39,0.07,0.02,1.234,1.436,0.28,22
$GNSS,2024-08-03T09:20:23.400Z,50.8524153,3.1501180,18.865,0.11,0.07,0.18,1.230,1.434,0.33,22
$GNSS,2024-08-03T09:20:23.600Z,50.8524154,3.1501180,18.860,0.03,-0.03,-0.01,1.228,1.432,0.25,23
$GNSS,2024-08-03T09:20:23.800Z,50.8524153,3.1501178,18.860,-0.08,-0.13,-0.02,1.227,1.432,0.34,22
$GNSS,2024-08-03T09:20:24.000Z,50.8524152,3.1501177,18.861,0.03,0.02,0.01,1.227,1.432,0.34,23
$GNSS,2024-08-03T09:20:24.200Z,50.8524151,3.1501175,18.881,-0.15,-0.06,-0.02,1.224,1.427,0.29,23
$GNSS,2024-08-03T09:20:24.400Z,50.8524150,3.1501176,18.865,0.05,0.10,0.00,1.218,1.422,0.22,23
$GNSS,2024-08-03T09:20:24.600Z,50.8524152,3.1501183,18.851,0.27,0.36,-0.07,1.213,1.417,0.23,23
$GNSS,2024-08-03T09:20:24.800Z,50.8524157,3.1501196,18.830,0.44,0.41,-0.07,1.207,1.414,0.24,23
$GNSS,2024-08-03T09:20:25.000Z,50.8524165,3.1501208,18.876,0.31,0.70,0.11,1.203,1.410,0.22,23
$GNSS,2024-08-03T09:20:25.200Z,50.8524173,3.1501233,18.838,0.52,1.07,0.28,1.200,1.408,0.31,23
$GNSS,2024-08-03T09:20:25.400Z,50.8524181,3.1501254,18.901,0.31,0.64,-0.52,1.198,1.405,0.26,23
$GNSS,2024-08-03T09:20:25.600Z,50.8524179,3.1501262,18.975,-0.23,-0.07,-0.32,1.197,1.404,0.27,23
$GNSS,2024-08-03T09:20:25.800Z,50.8524175,3.1501266,19.000,-0.14,0.25,0.00,1.197,1.402,0.24,23
$GNSS,2024-08-03T09:20:26.000Z,50.8524170,3.1501273,18.983,-0.17,0.36,0.10,1.199,1.400,0.28,24
$GNSS,2024-08-03T09:20:26.200Z,50.8524163,3.1501282,18.934,-0.31,0.23,0.02,1.203,1.399,0.39,24
$GNSS,2024-08-03T09:20:26.400Z,50.8524161,3.1501285,18.925,0.15,0.01,0.01,1.209,1.402,0.46,24
$GNSS,2024-08-03T09:20:26.600Z,50.8524161,3.1501286,18.975,0.04,0.39,-0.12,1.217,1.407,0.36,25
$GNSS,2024-08-03T09:20:26.800Z,50.8524156,3.1501292,18.973,-0.38,0.12,0.07,1.226,1.414,0.46,25
$GNSS,2024-08-03T09:20:27.000Z,50.8524147,3.1501298,18.950,-0.65,0.27,0.16,1.234,1.425,0.44,25
$GNSS,2024-08-03T09:20:27.200Z,50.8524143,3.1501314,18.859,0.24,0.64,0.30,1.245,1.440,0.49,25
$GNSS,2024-08-03T09:20:27.400Z,50.8524135,3.1501334,18.804,-0.78,0.32,-0.10,1.261,1.461,0.66,25
$GNSS,2024-08-03T09:20:27.600Z,50.8524126,3.1501338,18.801,-0.16,-0.32,-0.27,1.283,1.486,0.68,25
$GNSS,2024-08-03T09:20:27.800Z,50.8524122,3.1501334,18.708,-0.01,-0.38,0.20,1.307,1.514,0.65,25
$GNSS,2024-08-03T09:20:28.000Z,50.8524119,3.1501330,18.734,-0.13,0.02,0.07,1.332,1.543,0.66,25
$GNSS,2024-08-03T09:20:28.200Z,50.8524113,3.1501332,18.778,-0.36,0.20,-0.06,1.359,1.573,0.63,24
$GNSS,2024-08-03T09:20:28.400Z,50.8524101,3.1501341,18.859,-0.83,0.42,-0.30,1.389,1.603,0.67,24
$GNSS,2024-08-03T09:20:28.600Z,50.8524094,3.1501350,18.961,-0.01,0.21,-0.35,1.417,1.637,0.76,24
$GNSS,2024-08-03T09:20:28.800Z,50.8524093,3.1501357,19.095,-0.01,0.35,-0.38,1.446,1.673,0.76,24
$GNSS,2024-08-03T09:20:29.000Z,50.8524087,3.1501367,19.066,-0.35,0.24,-0.07,1.477,1.709,0.63,25
$GNSS,2024-08-03T09:20:29.200Z,50.8524075,3.1501375,19.092,-0.50,0.17,-0.21,1.508,1.745,0.73,25
$GNSS,2024-08-03T09:20:29.400Z,50.8524067,3.1501375,19.147,-0.37,-0.07,-0.05,1.535,1.779,0.84,25
$GNSS,2024-08-03T09:20:29.600Z,50.8524061,3.1501384,19.140,-0.05,0.38,-0.05,1.560,1.811,0.55,25
$GNSS,2024-08-03T09:20:29.800Z,50.8524060,3.1501394,19.212,-0.07,0.37,-0.14,1.585,1.845,0.63,25
$GNSS,2024-08-03T09:20:30.000Z,50.8524054,3.1501398,19.205,-0.30,-0.06,0.00,1.612,1.883,0.87,25
$GNSS,2024-08-03T09:20:30.200Z,50.8524051,3.1501403,19.170,-0.12,0.28,0.08,1.639,1.923,0.56,25
$GNSS,2024-08-03T09:20:30.400Z,50.8524052,3.1501401,19.102,0.27,-0.36,0.24,1.665,1.961,0.63,25
$GNSS,2024-08-03T09:20:30.600Z,50.8524051,3.1501394,19.045,-0.09,-0.29,0.17,1.689,2.000,0.79,25
$GNSS,2024-08-03T09:20:30.800Z,50.8524046,3.1501391,18.954,-0.26,-0.13,0.21,1.715,2.037,0.87,24
$GNSS,2024-08-03T09:20:31.000Z,50.8524033,3.1501395,18.772,-0.59,0.07,0.38,1.743,2.068,0.69,25
$GNSS,2024-08-03T09:20:31.200Z,50.8524022,3.1501394,18.713,-0.54,-0.14,0.20,1.771,2.098,0.87,25
$GNSS,2024-08-03T09:20:31.400Z,50.8524008,3.1501396,18.472,-0.67,-0.10,0.59,1.798,2.128,0.77,23
$GNSS,2024-08-03T09:20:31.600Z,50.8523994,3.1501390,18.388,-0.86,-0.26,0.46,1.825,2.158,0.85,23
$GNSS,2024-08-03T09:20:31.800Z,50.8523982,3.1501386,18.242,-0.69,-0.04,0.70,1.853,2.194,0.79,23
$GNSS,2024-08-03T09:20:32.000Z,50.8523973,3.1501380,18.235,-0.58,-0.15,0.62,1.880,2.228,0.79,23
$GNSS,2024-08-03T09:20:32.200Z,50.8523971,3.1501379,18.248,-0.26,0.28,0.52,1.905,2.264,0.66,23
$GNSS,2024-08-03T09:20:32.400Z,50.8523960,3.1501383,18.222,-0.60,-0.10,0.11,1.930,2.296,0.80,23
$GNSS,2024-08-03T09:20:32.600Z,50.8523953,3.1501393,18.249,-0.31,0.59,-0.08,1.953,2.322,0.55,22
$GNSS,2024-08-03T09:20:32.800Z,50.8523950,3.1501406,18.053,0.06,0.29,0.64,1.975,2.343,0.69,22
$GNSS,2024-08-03T09:20:33.000Z,50.8523945,3.1501407,18.041,-0.49,0.22,0.46,1.993,2.361,0.58,22
$GNSS,2024-08-03T09:20:33.200Z,50.8523943,3.1501411,18.044,-0.04,0.27,0.38,2.009,2.367,0.59,23
$GNSS,2024-08-03T09:20:33.400Z,50.8523940,3.1501401,18.018,-0.31,-0.58,0.17,2.021,2.371,0.73,23
$GNSS,2024-08-03T09:20:33.600Z,50.8523940,3.1501391,18.095,-0.13,0.03,-0.14,2.032,2.380,0.68,23
$GNSS,2024-08-03T09:20:33.800Z,50.8523938,3.1501393,18.093,-0.21,0.03,-0.21,2.042,2.392,0.69,23
$GNSS,2024-08-03T09:20:34.000Z,50.8523926,3.1501401,17.930,-0.62,-0.04,-0.15,2.051,2.403,0.70,23
$GNSS,2024-08-03T09:20:34.200Z,50.8523924,3.1501417,17.836,0.17,0.64,-0.08,2.061,2.414,0.71,23
$GNSS,2024-08-03T09:20:34.400Z,50.8523923,3.1501419,17.786,-0.52,0.12,0.48,2.072,2.430,0.65,23
$GNSS,2024-08-03T09:20:34.600Z,50.8523919,3.1501421,17.563,0.04,-0.19,0.59,2.081,2.446,0.76,23
$GNSS,2024-08-03T09:20:34.800Z,50.8523918,3.1501420,17.565,-0.17,0.15,0.05,2.085,2.456,0.35,23
$GNSS,2024-08-03T09:20:35.000Z,50.8523917,3.1501427,17.496,-0.20,0.24,0.03,2.089,2.464,0.38,23
$GNSS,2024-08-03T09:20:35.200Z,50.8523919,3.1501431,17.369,0.22,0.05,0.29,2.095,2.473,0.75,23
$GNSS,2024-08-03T09:20:35.400Z,50.8523922,3.1501431,17.321,-0.09,0.12,0.10,2.105,2.476,0.44,23
$GNSS,2024-08-03T09:20:35.600Z,50.8523925,3.1501433,17.255,0.06,0.08,0.13,2.113,2.479,0.64,23
$GNSS,2024-08-03T09:20:35.800Z,50.8523930,3.1501432,17.233,0.01,0.03,0.18,2.118,2.483,0.64,23
$GNSS,2024-08-03T09:20:36.000Z,50.8523930,3.1501426,17.160,-0.20,-0.34,0.11,2.126,2.487,0.75,23
$GNSS,2024-08-03T09:20:36.200Z,50.8523928,3.1501418,17.164,-0.40,-0.01,-0.10,2.136,2.487,0.71,23
$GNSS,2024-08-03T09:20:36.400Z,50.8523928,3.1501418,17.060,0.08,-0.04,0.08,2.145,2.486,0.49,23
$GNSS,2024-08-03T09:20:36.600Z,50.8523929,3.1501424,16.959,0.15,0.19,0.04,2.150,2.484,0.58,23
$GNSS,2024-08-03T09:20:36.800Z,50.8523926,3.1501430,16.854,-0.07,0.14,0.05,2.154,2.481,0.34,24
$GNSS,2024-08-03T09:20:37.000Z,50.8523923,3.1501434,16.791,-0.01,0.21,0.09,2.159,2.479,0.42,24
$GNSS,2024-08-03T09:20:37.200Z,50.8523921,3.1501438,16.755,-0.03,0.22,0.14,2.161,2.474,0.39,24
$GNSS,2024-08-03T09:20:37.400Z,50.8523917,3.1501446,16.665,-0.10,0.24,0.10,2.162,2.471,0.32,23
$GNSS,2024-08-03T09:20:37.600Z,50.8523917,3.1501448,16.575,-0.15,0.07,0.27,2.163,2.471,0.50,23
$GNSS,2024-08-03T09:20:37.800Z,50.8523916,3.1501454,16.521,-0.12,0.20,0.10,2.164,2.472,0.32,23
$GNSS,2024-08-03T09:20:38.000Z,50.8523918,3.1501458,16.490,-0.17,0.20,0.18,2.167,2.476,0.36,24
$GNSS,2024-08-03T09:20:38.200Z,50.8523919,3.1501461,16.473,-0.01,0.18,0.16,2.168,2.478,0.38,24
$GNSS,2024-08-03T09:20:38.400Z,50.8523919,3.1501465,16.421,-0.08,0.17,0.15,2.169,2.475,0.35,24
$GNSS,2024-08-03T09:20:38.600Z,50.8523921,3.1501465,16.380,0.05,0.12,0.05,2.173,2.473,0.55,24
$GNSS,2024-08-03T09:20:38.800Z,50.8523919,3.1501470,16.333,-0.14,0.13,-0.12,2.179,2.472,0.39,24
$GNSS,2024-08-03T09:20:39.000Z,50.8523918,3.1501473,16.268,0.01,0.07,0.05,2.185,2.472,0.41,24
$GNSS,2024-08-03T09:20:39.200Z,50.8523918,3.1501477,16.207,0.12,0.14,0.05,2.192,2.479,0.59,23
$GNSS,2024-08-03T09:20:39.400Z,50.8523920,3.1501477,16.156,-0.12,0.05,0.06,2.200,2.488,0.43,23
$GNSS,2024-08-03T09:20:39.600Z,50.8523918,3.1501482,16.112,-0.06,0.21,-0.10,2.208,2.499,0.60,23
$GNSS,2024-08-03T09:20:39.800Z,50.8523919,3.1501483,16.072,-0.08,0.07,0.10,2.218,2.509,0.47,23
$GNSS,2024-08-03T09:20:40.000Z,50.8523921,3.1501487,15.981,0.11,0.12,0.14,2.227,2.520,0.51,23
$GNSS,2024-08-03T09:20:40.200Z,50.8523923,3.1501494,15.936,0.01,0.20,-0.04,2.236,2.532,0.60,23
$GNSS,2024-08-03T09:20:40.400Z,50.8523927,3.1501499,15.984,0.13,0.25,-0.33,2.244,2.540,0.75,24
$GNSS,2024-08-03T09:20:40.600Z,50.8523932,3.1501499,16.012,0.05,0.10,-0.08,2.254,2.550,0.78,24
$GNSS,2024-08-03T09:20:40.800Z,50.8523932,3.1501500,15.954,-0.10,0.13,0.16,2.265,2.558,0.47,24
$GNSS,2024-08-03T09:20:41.000Z,50.8523933,3.1501507,15.881,0.11,0.27,0.15,2.274,2.564,0.59,24
$GNSS,2024-08-03T09:20:41.200Z,50.8523933,3.1501511,15.845,-0.10,-0.04,0.16,2.281,2.570,0.64,23
$GNSS,2024-08-03T09:20:41.400Z,50.8523922,3.1501517,15.707,-0.39,-0.02,0.18,2.283,2.572,0.49,24
$GNSS,2024-08-03T09:20:41.600Z,50.8523915,3.1501522,15.643,-0.16,0.17,0.09,2.284,2.573,0.31,25
$GNSS,2024-08-03T09:20:41.800Z,50.8523917,3.1501523,15.631,-0.10,0.15,0.22,2.289,2.578,0.45,24
$GNSS,2024-08-03T09:20:42.000Z,50.8523920,3.1501520,15.646,0.02,-0.02,0.10,2.293,2.581,0.61,24
$GNSS,2024-08-03T09:20:42.200Z,50.8523924,3.1501517,15.693,-0.03,0.11,-0.02,2.298,2.587,0.47,24
$GNSS,2024-08-03T09:20:42.400Z,50.8523926,3.1501509,15.720,-0.16,-0.18,0.13,2.303,2.593,0.68,24
$GNSS,2024-08-03T09:20:42.600Z,50.8523929,3.1501500,15.738,0.00,-0.17,0.13,2.307,2.600,0.59,24
$GNSS,2024-08-03T09:20:42.800Z,50.8523932,3.1501493,15.759,0.03,-0.11,0.06,2.311,2.605,0.49,24
$GNSS,2024-08-03T09:20:43.000Z,50.8523935,3.1501491,15.764,0.10,0.04,0.04,2.315,2.608,0.42,24
$GNSS,2024-08-03T09:20:43.200Z,50.8523937,3.1501492,15.738,0.05,-0.01,0.08,2.318,2.609,0.45,24
$GNSS,2024-08-03T09:20:43.400Z,50.8523939,3.1501490,15.744,0.01,-0.13,0.05,2.323,2.612,0.50,24
$GNSS,2024-08-03T09:20:43.600Z,50.8523938,3.1501490,15.703,-0.03,0.05,0.06,2.327,2.619,0.43,24
$GNSS,2024-08-03T09:20:43.800Z,50.8523935,3.1501492,15.673,-0.14,-0.08,-0.16,2.331,2.626,0.52,24
$GNSS,2024-08-03T09:20:44.000Z,50.8523933,3.1501493,15.684,0.00,0.11,-0.12,2.334,2.633,0.62,24
$GNSS,2024-08-03T09:20:44.200Z,50.8523934,3.1501496,15.714,0.01,0.13,-0.14,2.337,2.641,0.62,24
$GNSS,2024-08-03T09:20:44.400Z,50.8523935,3.1501498,15.754,-0.01,0.05,-0.17,2.340,2.648,0.64,24
$GNSS,2024-08-03T09:20:44.600Z,50.8523936,3.1501497,15.775,-0.01,0.04,-0.01,2.343,2.654,0.45,24
$GNSS,2024-08-03T09:20:44.800Z,50.8523939,3.1501491,15.818,-0.09,-0.14,0.03,2.345,2.656,0.54,24
$GNSS,2024-08-03T09:20:45.000Z,50.8523940,3.1501488,15.827,0.02,-0.02,-0.02,2.346,2.659,0.37,23
$GNSS,2024-08-03T09:20:45.200Z,50.8523940,3.1501489,15.828,0.01,0.05,-0.11,2.348,2.662,0.63,24
$GNSS,2024-08-03T09:20:45.400Z,50.8523942,3.1501487,15.842,0.09,-0.02,0.05,2.350,2.665,0.40,24
$GNSS,2024-08-03T09:20:45.600Z,50.8523944,3.1501484,15.858,0.02,-0.09,-0.04,2.352,2.668,0.34,24
$GNSS,2024-08-03T09:20:45.800Z,50.8523945,3.1501481,15.902,-0.02,-0.11,-0.19,2.356,2.673,0.46,24
$GNSS,2024-08-03T09:20:46.000Z,50.8523944,3.1501484,15.887,0.09,0.18,-0.10,2.360,2.679,0.62,24
$GNSS,2024-08-03T09:20:46.200Z,50.8523949,3.1501485,15.952,0.13,0.09,-0.13,2.364,2.684,0.61,24
$GNSS,2024-08-03T09:20:46.400Z,50.8523956,3.1501488,16.024,0.34,0.18,-0.15,2.367,2.687,0.62,24
$GNSS,2024-08-03T09:20:46.600Z,50.8523957,3.1501489,16.016,-0.05,-0.18,-0.17,2.372,2.693,0.64,24
$GNSS,2024-08-03T09:20:46.800Z,50.8523956,3.1501485,16.003,0.01,-0.10,-0.09,2.379,2.700,0.54,24
$GNSS,2024-08-03T09:20:47.000Z,50.8523949,3.1501488,15.942,-0.08,0.10,-0.30,2.383,2.705,0.61,25
$GNSS,2024-08-03T09:20:47.200Z,50.8523952,3.1501488,15.990,0.11,0.15,-0.21,2.389,2.714,0.67,24
$GNSS,2024-08-03T09:20:47.400Z,50.8523953,3.1501485,16.039,-0.16,-0.01,-0.21,2.394,2.722,0.65,25
$GNSS,2024-08-03T09:20:47.600Z,50.8523956,3.1501481,16.056,0.19,0.08,-0.07,2.396,2.728,0.64,25
$GNSS,2024-08-03T09:20:47.800Z,50.8523957,3.1501482,16.024,-0.01,0.11,0.02,2.396,2.732,0.42,25
$GNSS,2024-08-03T09:20:48.000Z,50.8523961,3.1501479,16.070,0.06,0.00,-0.04,2.396,2.738,0.63,24
$GNSS,2024-08-03T09:20:48.200Z,50.8523964,3.1501478,16.102,0.06,0.11,-0.04,2.398,2.746,0.63,24
$GNSS,2024-08-03T09:20:48.400Z,50.8523963,3.1501475,16.120,-0.26,-0.04,0.09,2.404,2.758,0.76,24
$GNSS,2024-08-03T09:20:48.600Z,50.8523963,3.1501466,16.176,-0.14,-0.14,0.02,2.410,2.770,0.73,25
$GNSS,2024-08-03T09:20:48.800Z,50.8523962,3.1501459,16.122,0.09,-0.32,0.05,2.416,2.782,0.53,25
$GNSS,2024-08-03T09:20:49.000Z,50.8523964,3.1501444,16.203,-0.31,-0.34,-0.06,2.423,2.793,0.75,25
$GNSS,2024-08-03T09:20:49.200Z,50.8523967,3.1501430,16.228,0.15,-0.33,0.09,2.429,2.805,0.52,25
$GNSS,2024-08-03T09:20:49.400Z,50.8523967,3.1501423,16.284,-0.35,0.02,-0.11,2.436,2.819,0.81,25
$GNSS,2024-08-03T09:20:49.600Z,50.8523966,3.1501426,16.203,0.20,0.04,0.04,2.445,2.829,0.81,25
$GNSS,2024-08-03T09:20:49.800Z,50.8523965,3.1501426,16.126,-0.02,-0.06,0.08,2.455,2.841,0.80,25
$GNSS,2024-08-03T09:20:50.000Z,50.8523962,3.1501421,16.105,-0.14,-0.27,-0.06,2.466,2.856,0.80,25
$GNSS,2024-08-03T09:20:50.200Z,50.8523955,3.1501415,16.081,-0.31,-0.22,-0.16,2.476,2.873,0.86,25
$GNSS,2024-08-03T09:20:50.400Z,50.8523955,3.1501412,16.126,-0.10,0.01,-0.14,2.486,2.889,0.79,25
$GNSS,2024-08-03T09:20:50.600Z,50.8523954,3.1501411,16.132,-0.12,0.08,-0.08,2.495,2.911,0.82,25
$GNSS,2024-08-03T09:20:50.800Z,50.8523956,3.1501412,16.211,0.18,0.08,-0.28,2.506,2.935,0.85,25
$GNSS,2024-08-03T09:20:51.000Z,50.8523960,3.1501416,16.449,-0.07,0.21,-0.78,2.515,2.960,0.92,25
$GNSS,2024-08-03T09:20:51.200Z,50.8523968,3.1501420,16.455,0.49,0.29,-0.03,2.521,2.985,0.81,25
$GNSS,2024-08-03T09:20:51.400Z,50.8523975,3.1501417,16.580,0.05,-0.14,-0.20,2.528,3.012,0.76,25
$GNSS,2024-08-03T09:20:51.600Z,50.8523968,3.1501420,16.470,0.08,0.07,-0.27,2.536,3.036,0.88,25
$GNSS,2024-08-03T09:20:51.800Z,50.8523969,3.1501427,16.387,0.39,0.35,0.01,2.542,3.056,0.82,25
$GNSS,2024-08-03T09:20:52.000Z,50.8523980,3.1501435,16.286,0.56,0.41,0.45,2.547,3.070,0.80,26
$GNSS,2024-08-03T09:20:52.200Z,50.8523983,3.1501442,16.108,0.18,0.15,0.42,2.552,3.085,0.84,26
$GNSS,2024-08-03T09:20:52.400Z,50.8523982,3.1501440,15.972,-0.27,-0.06,0.51,2.556,3.099,0.80,26
$GNSS,2024-08-03T09:20:52.600Z,50.8523980,3.1501437,15.846,-0.17,0.04,0.51,2.556,3.105,0.75,26
$GNSS,2024-08-03T09:20:52.800Z,50.8523972,3.1501431,15.730,-0.61,-0.24,0.31,2.556,3.115,0.70,26
$GNSS,2024-08-03T09:20:53.000Z,50.8523970,3.1501421,15.753,-0.48,-0.14,0.33,2.556,3.123,0.75,26
$GNSS,2024-08-03T09:20:53.200Z,50.8523971,3.1501414,15.797,-0.42,-0.11,0.26,2.556,3.131,0.74,26
$GNSS,2024-08-03T09:20:53.400Z,50.8523972,3.1501416,15.831,-0.02,0.40,-0.01,2.556,3.142,0.51,26
$GNSS,2024-08-03T09:20:53.600Z,50.8523977,3.1501425,15.882,0.10,0.42,-0.15,2.555,3.150,0.69,26
$GNSS,2024-08-03T09:20:53.800Z,50.8523980,3.1501430,15.781,0.04,0.22,0.39,2.556,3.159,0.67,26
$GNSS,2024-08-03T09:20:54.000Z,50.8523984,3.1501430,15.754,-0.07,0.05,0.38,2.559,3.168,0.74,26
$GNSS,2024-08-03T09:20:54.200Z,50.8523986,3.1501433,15.814,-0.16,0.27,0.00,2.561,3.174,0.41,26
$GNSS,2024-08-03T09:20:54.400Z,50.8523996,3.1501434,15.995,-0.09,-0.01,0.04,2.559,3.175,0.66,27
$GNSS,2024-08-03T09:20:54.600Z,50.8524007,3.1501432,16.173,-0.09,-0.02,0.05,2.556,3.176,0.66,27
$GNSS,2024-08-03T09:20:54.800Z,50.8524014,3.1501432,16.271,-0.02,-0.02,0.07,2.552,3.177,0.73,27
$GNSS,2024-08-03T09:20:55.000Z,50.8524022,3.1501436,16.474,-0.05,0.09,-0.32,2.549,3.181,0.74,27
$GNSS,2024-08-03T09:20:55.200Z,50.8524029,3.1501440,16.640,-0.55,0.38,0.17,2.548,3.184,0.41,27
$GNSS,2024-08-03T09:20:55.400Z,50.8524023,3.1501444,16.466,0.10,-0.16,0.37,2.548,3.195,0.80,26
$GNSS,2024-08-03T09:20:55.600Z,50.8524026,3.1501442,16.567,0.08,0.04,-0.26,2.546,3.203,0.79,26
$GNSS,2024-08-03T09:20:55.800Z,50.8524030,3.1501441,16.578,0.13,-0.01,-0.17,2.543,3.210,0.67,26
$GNSS,2024-08-03T09:20:56.000Z,50.8524038,3.1501438,16.536,0.22,-0.07,0.29,2.539,3.216,0.83,26
$GNSS,2024-08-03T09:20:56.200Z,50.8524039,3.1501436,16.548,-0.07,-0.13,-0.08,2.539,3.223,0.75,26
$GNSS,2024-08-03T09:20:56.400Z,50.8524049,3.1501436,16.689,0.11,-0.03,-0.10,2.538,3.229,0.56,27
$GNSS,2024-08-03T09:20:56.600Z,50.8524055,3.1501439,16.841,-0.14,-0.06,-0.28,2.537,3.237,0.89,27
$GNSS,2024-08-03T09:20:56.800Z,50.8524064,3.1501438,17.070,0.04,-0.03,-0.30,2.536,3.243,0.77,27
$GNSS,2024-08-03T09:20:57.000Z,50.8524072,3.1501439,17.335,-0.19,0.05,-0.45,2.535,3.249,0.84,27
$GNSS,2024-08-03T09:20:57.200Z,50.8524072,3.1501436,17.365,-0.02,-0.17,-0.17,2.535,3.254,0.67,26
$GNSS,2024-08-03T09:20:57.400Z,50.8524071,3.1501427,17.304,0.00,-0.52,0.04,2.536,3.260,0.47,26
$GNSS,2024-08-03T09:20:57.600Z,50.8524072,3.1501416,17.326,-0.08,-0.19,-0.03,2.538,3.269,0.72,26
$GNSS,2024-08-03T09:20:57.800Z,50.8524077,3.1501415,17.313,0.22,0.09,0.10,2.541,3.277,0.81,25
$GNSS,2024-08-03T09:20:58.000Z,50.8524082,3.1501416,17.380,0.23,0.00,-0.20,2.542,3.283,0.69,25
$GNSS,2024-08-03T09:20:58.200Z,50.8524086,3.1501409,17.409,-0.07,-0.32,-0.05,2.544,3.290,0.60,25
$GNSS,2024-08-03T09:20:58.400Z,50.8524088,3.1501402,17.457,0.03,-0.19,-0.13,2.546,3.295,0.49,25
$GNSS,2024-08-03T09:20:58.600Z,50.8524100,3.1501402,17.612,0.24,-0.10,-0.10,2.547,3.295,0.52,26
$GNSS,2024-08-03T09:20:58.800Z,50.8524111,3.1501400,17.754,0.09,-0.14,0.03,2.547,3.295,0.45,26
$GNSS,2024-08-03T09:20:59.000Z,50.8524126,3.1501396,17.987,0.16,-0.25,-0.14,2.548,3.298,0.39,26
$GNSS,2024-08-03T09:20:59.200Z,50.8524138,3.1501393,18.193,0.11,-0.21,-0.32,2.548,3.304,0.60,26
$GNSS,2024-08-03T09:20:59.400Z,50.8524148,3.1501402,18.307,0.36,0.20,-0.38,2.548,3.309,0.81,26
$GNSS,2024-08-03T09:20:59.600Z,50.8524161,3.1501418,18.422,0.37,0.36,-0.33,2.548,3.314,0.82,26
$GNSS,2024-08-03T09:20:59.800Z,50.8524184,3.1501439,18.572,1.13,0.65,-0.33,2.548,3.318,0.80,26
$GNSS,2024-08-03T09:21:00.000Z,50.8524211,3.1501460,18.728,1.11,0.48,-0.40,2.549,3.323,0.80,26
$GNSS,2024-08-03T09:21:00.200Z,50.8524240,3.1501478,18.864,1.12,0.53,-0.12,2.549,3.330,0.80,26
$GNSS,2024-08-03T09:21:00.400Z,50.8524267,3.1501493,19.067,0.95,0.40,-0.28,2.548,3.337,0.76,26
$GNSS,2024-08-03T09:21:00.600Z,50.8524285,3.1501504,19.072,1.10,0.48,-0.15,2.546,3.343,0.75,25
$GNSS,2024-08-03T09:21:00.800Z,50.8524299,3.1501517,19.002,0.90,0.38,-0.07,2.543,3.349,0.73,25
$GNSS,2024-08-03T09:21:01.000Z,50.8524313,3.1501529,19.025,0.78,0.45,-0.30,2.540,3.353,0.70,25
$GNSS,2024-08-03T09:21:01.200Z,50.8524333,3.1501540,19.098,0.96,0.47,-0.06,2.536,3.356,0.69,25
$GNSS,2024-08-03T09:21:01.400Z,50.8524348,3.1501551,19.096,0.79,0.36,-0.13,2.532,3.358,0.67,25
$GNSS,2024-08-03T09:21:01.600Z,50.8524363,3.1501564,19.108,1.02,0.47,-0.33,2.527,3.360,0.66,25
$GNSS,2024-08-03T09:21:01.800Z,50.8524382,3.1501578,19.124,1.02,0.53,-0.18,2.521,3.362,0.64,25
$GNSS,2024-08-03T09:21:02.000Z,50.8524406,3.1501593,19.128,1.36,0.59,0.10,2.514,3.365,0.65,25
$GNSS,2024-08-03T09:21:02.200Z,50.8524432,3.1501612,19.190,1.31,0.80,-0.05,2.506,3.366,0.62,25
$GNSS,2024-08-03T09:21:02.400Z,50.8524451,3.1501631,19.129,1.07,0.58,0.03,2.502,3.369,0.69,25
$GNSS,2024-08-03T09:21:02.600Z,50.8524473,3.1501652,19.130,1.32,0.85,-0.10,2.499,3.371,0.66,25
$GNSS,2024-08-03T09:21:02.800Z,50.8524497,3.1501676,19.097,1.33,0.90,0.02,2.496,3.373,0.67,25
$GNSS,2024-08-03T09:21:03.000Z,50.8524523,3.1501700,19.080,1.40,0.87,0.18,2.494,3.379,0.70,25
$GNSS,2024-08-03T09:21:03.200Z,50.8524545,3.1501724,19.034,1.21,0.86,0.06,2.493,3.386,0.71,25
$GNSS,2024-08-03T09:21:03.400Z,50.8524571,3.1501745,19.075,1.29,0.77,0.10,2.492,3.394,0.73,25
$GNSS,2024-08-03T09:21:03.600Z,50.8524597,3.1501763,19.127,1.31,0.62,0.05,2.492,3.404,0.78,25
$GNSS,2024-08-03T09:21:03.800Z,50.8524622,3.1501781,19.154,1.04,0.78,0.19,2.493,3.415,0.78,25
$GNSS,2024-08-03T09:21:04.000Z,50.8524650,3.1501800,19.344,1.27,0.84,-0.10,2.496,3.422,0.83,25
$GNSS,2024-08-03T09:21:04.200Z,50.8524675,3.1501822,19.385,1.37,0.81,-0.03,2.501,3.431,0.86,25
$GNSS,2024-08-03T09:21:04.400Z,50.8524697,3.1501842,19.387,1.18,0.70,-0.02,2.506,3.441,0.86,25
$GNSS,2024-08-03T09:21:04.600Z,50.8524723,3.1501865,19.506,1.11,0.65,-0.10,2.510,3.448,0.80,26
$GNSS,2024-08-03T09:21:04.800Z,50.8524747,3.1501887,19.618,0.98,0.54,-0.16,2.513,3.455,0.77,26
$GNSS,2024-08-03T09:21:05.000Z,50.8524770,3.1501908,19.796,0.91,0.65,-0.29,2.514,3.459,0.73,26
$GNSS,2024-08-03T09:21:05.200Z,50.8524796,3.1501931,19.922,1.09,0.78,-0.08,2.514,3.462,0.76,26
$GNSS,2024-08-03T09:21:05.400Z,50.8524827,3.1501959,20.075,1.40,0.92,-0.04,2.515,3.461,0.74,26
$GNSS,2024-08-03T09:21:05.600Z,50.8524860,3.1501991,20.204,1.45,0.95,-0.05,2.516,3.459,0.75,25
$GNSS,2024-08-03T09:21:05.800Z,50.8524884,3.1502017,20.196,1.31,0.94,-0.04,2.517,3.460,0.77,24
$GNSS,2024-08-03T09:21:06.000Z,50.8524910,3.1502044,20.237,1.50,1.06,-0.13,2.519,3.463,0.82,24
$GNSS,2024-08-03T09:21:06.200Z,50.8524933,3.1502076,20.201,1.44,1.16,-0.18,2.522,3.468,0.87,24
$GNSS,2024-08-03T09:21:06.400Z,50.8524962,3.1502105,20.225,1.58,1.16,-0.02,2.528,3.476,0.90,24
$GNSS,2024-08-03T09:21:06.600Z,50.8524988,3.1502131,20.243,1.41,0.89,-0.04,2.534,3.484,0.92,24
$GNSS,2024-08-03T09:21:06.800Z,50.8525012,3.1502158,20.215,1.43,1.05,-0.07,2.540,3.491,0.92,24
$GNSS,2024-08-03T09:21:07.000Z,50.8525038,3.1502186,20.106,1.64,0.94,0.06,2.545,3.499,0.87,24
$GNSS,2024-08-03T09:21:07.200Z,50.8525058,3.1502221,20.002,1.22,1.15,-0.32,2.547,3.505,0.84,24
$GNSS,2024-08-03T09:21:07.400Z,50.8525079,3.1502254,19.956,1.35,1.21,-0.17,2.548,3.513,0.83,24
$GNSS,2024-08-03T09:21:07.600Z,50.8525102,3.1502287,19.941,1.33,1.20,-0.07,2.549,3.514,0.79,24
$GNSS,2024-08-03T09:21:07.800Z,50.8525126,3.1502315,19.962,1.21,1.06,0.02,2.550,3.515,0.79,24
$GNSS,2024-08-03T09:21:08.000Z,50.8525151,3.1502342,19.966,1.34,1.08,0.05,2.551,3.516,0.77,24
$GNSS,2024-08-03T09:21:08.200Z,50.8525176,3.1502367,19.989,1.23,1.04,0.06,2.553,3.509,0.73,24
$GNSS,2024-08-03T09:21:08.400Z,50.8525194,3.1502394,19.917,1.03,0.92,0.00,2.555,3.495,0.74,24
$GNSS,2024-08-03T09:21:08.600Z,50.8525216,3.1502428,19.845,1.64,1.15,-0.11,2.559,3.496,0.93,24
$GNSS,2024-08-03T09:21:08.800Z,50.8525234,3.1502457,19.800,0.91,0.96,-0.19,2.564,3.502,0.88,24
$GNSS,2024-08-03T09:21:09.000Z,50.8525252,3.1502486,19.861,1.07,0.98,-0.43,2.567,3.510,0.84,24
$GNSS,2024-08-03T09:21:09.200Z,50.8525274,3.1502517,19.813,1.41,1.14,-0.06,2.569,3.517,0.83,23
$GNSS,2024-08-03T09:21:09.400Z,50.8525293,3.1502550,19.775,1.15,1.05,-0.15,2.571,3.524,0.78,23
$GNSS,2024-08-03T09:21:09.600Z,50.8525313,3.1502571,19.704,1.16,0.51,0.06,2.573,3.531,0.78,23
$GNSS,2024-08-03T09:21:09.800Z,50.8525329,3.1502592,19.694,0.81,0.97,-0.07,2.572,3.524,0.65,23
$GNSS,2024-08-03T09:21:10.000Z,50.8525338,3.1502624,19.558,0.61,1.14,0.03,2.570,3.518,0.63,24
$GNSS,2024-08-03T09:21:10.200Z,50.8525345,3.1502658,19.361,0.62,1.01,0.18,2.570,3.510,0.67,24
$GNSS,2024-08-03T09:21:10.400Z,50.8525355,3.1502688,19.214,0.76,1.06,0.32,2.571,3.504,0.66,24
$GNSS,2024-08-03T09:21:10.600Z,50.8525368,3.1502721,19.130,0.67,1.07,-0.02,2.570,3.498,0.66,24
$GNSS,2024-08-03T09:21:10.800Z,50.8525375,3.1502750,18.987,0.41,0.91,0.13,2.566,3.493,0.60,24
$GNSS,2024-08-03T09:21:11.000Z,50.8525381,3.1502773,18.811,0.46,0.75,0.54,2.564,3.489,0.61,24
$GNSS,2024-08-03T09:21:11.200Z,50.8525395,3.1502792,18.840,0.55,0.83,0.19,2.561,3.485,0.59,24
$GNSS,2024-08-03T09:21:11.400Z,50.8525407,3.1502808,18.861,0.49,0.58,0.18,2.559,3.487,0.65,24
$GNSS,2024-08-03T09:21:11.600Z,50.8525421,3.1502818,19.039,0.36,0.47,-0.27,2.559,3.494,0.80,24
$GNSS,2024-08-03T09:21:11.800Z,50.8525433,3.1502833,19.208,0.41,0.71,-0.46,2.562,3.501,0.81,24
$GNSS,2024-08-03T09:21:12.000Z,50.8525449,3.1502854,19.402,0.73,0.94,-0.59,2.566,3.509,0.85,24
$GNSS,2024-08-03T09:21:12.200Z,50.8525459,3.1502878,19.415,0.60,0.72,-0.52,2.571,3.501,0.82,24
$GNSS,2024-08-03T09:21:12.400Z,50.8525469,3.1502896,19.330,0.64,0.54,-0.06,2.573,3.485,0.72,24
$GNSS,2024-08-03T09:21:12.600Z,50.8525481,3.1502916,19.194,0.77,0.64,0.09,2.573,3.468,0.71,24
$GNSS,2024-08-03T09:21:12.800Z,50.8525494,3.1502936,19.133,0.73,0.70,-0.02,2.573,3.456,0.73,24
$GNSS,2024-08-03T09:21:13.000Z,50.8525504,3.1502960,19.058,0.71,0.82,-0.12,2.574,3.448,0.78,25
$GNSS,2024-08-03T09:21:13.200Z,50.8525515,3.1502983,19.025,0.58,0.71,-0.07,2.576,3.445,0.82,24
$GNSS,2024-08-03T09:21:13.400Z,50.8525526,3.1503003,18.971,0.67,0.60,0.03,2.580,3.446,0.85,24
$GNSS,2024-08-03T09:21:13.600Z,50.8525536,3.1503027,18.904,0.77,0.73,-0.04,2.585,3.450,0.87,24
$GNSS,2024-08-03T09:21:13.800Z,50.8525558,3.1503056,18.985,0.85,0.84,0.03,2.589,3.452,0.81,26
$GNSS,2024-08-03T09:21:14.000Z,50.8525589,3.1503089,19.072,1.35,1.15,0.21,2.593,3.453,0.84,26
$GNSS,2024-08-03T09:21:14.200Z,50.8525625,3.1503125,19.183,1.53,1.17,0.19,2.596,3.452,0.80,26
$GNSS,2024-08-03T09:21:14.400Z,50.8525663,3.1503166,19.354,1.72,1.33,-0.12,2.599,3.455,0.83,26
$GNSS,2024-08-03T09:21:14.600Z,50.8525704,3.1503209,19.423,1.79,1.30,0.11,2.603,3.459,0.86,25
$GNSS,2024-08-03T09:21:14.800Z,50.8525744,3.1503247,19.598,1.60,1.26,0.03,2.605,3.463,0.81,25
$GNSS,2024-08-03T09:21:15.000Z,50.8525781,3.1503288,19.647,1.75,1.28,0.24,2.607,3.464,0.80,25
$GNSS,2024-08-03T09:21:15.200Z,50.8525814,3.1503327,19.732,1.53,1.25,0.02,2.607,3.466,0.71,25
$GNSS,2024-08-03T09:21:15.400Z,50.8525843,3.1503361,19.804,1.23,1.04,0.12,2.606,3.469,0.72,25
$GNSS,2024-08-03T09:21:15.600Z,50.8525875,3.1503391,19.952,1.50,1.05,-0.03,2.605,3.471,0.71,25
$GNSS,2024-08-03T09:21:15.800Z,50.8525912,3.1503427,20.047,1.90,1.26,0.03,2.605,3.467,0.74,25
$GNSS,2024-08-03T09:21:16.000Z,50.8525953,3.1503466,20.061,1.96,1.32,0.30,2.604,3.461,0.71,25
$GNSS,2024-08-03T09:21:16.200Z,50.8525993,3.1503506,20.018,1.98,1.23,0.48,2.602,3.457,0.70,24
$GNSS,2024-08-03T09:21:16.400Z,50.8526031,3.1503542,20.092,1.84,1.16,0.22,2.599,3.458,0.70,25
$GNSS,2024-08-03T09:21:16.600Z,50.8526070,3.1503574,20.238,1.81,1.00,0.05,2.593,3.454,0.64,25
$GNSS,2024-08-03T09:21:16.800Z,50.8526105,3.1503605,20.371,1.75,1.05,-0.16,2.586,3.448,0.62,24
$GNSS,2024-08-03T09:21:17.000Z,50.8526135,3.1503633,20.365,1.88,1.17,-0.20,2.584,3.446,0.66,22
$GNSS,2024-08-03T09:21:17.200Z,50.8526167,3.1503660,20.386,1.88,1.04,-0.26,2.585,3.444,0.71,22
$GNSS,2024-08-03T09:21:17.400Z,50.8526208,3.1503689,20.540,1.90,1.00,-0.03,2.585,3.442,0.69,24
$GNSS,2024-08-03T09:21:17.600Z,50.8526249,3.1503709,20.707,1.76,0.73,0.22,2.587,3.441,0.79,25
$GNSS,2024-08-03T09:21:17.800Z,50.8526286,3.1503730,20.822,1.68,0.76,0.07,2.589,3.436,0.79,25
$GNSS,2024-08-03T09:21:18.000Z,50.8526320,3.1503756,20.867,1.60,1.01,0.16,2.592,3.422,0.80,25
$GNSS,2024-08-03T09:21:18.200Z,50.8526354,3.1503783,20.966,1.55,0.91,0.11,2.594,3.411,0.74,25
$GNSS,2024-08-03T09:21:18.400Z,50.8526386,3.1503815,21.006,1.66,1.03,-0.09,2.596,3.403,0.79,25
$GNSS,2024-08-03T09:21:18.600Z,50.8526424,3.1503848,21.038,1.98,1.23,0.15,2.598,3.397,0.76,25
$GNSS,2024-08-03T09:21:18.800Z,50.8526460,3.1503882,21.100,1.80,0.98,-0.06,2.599,3.390,0.69,25
$GNSS,2024-08-03T09:21:19.000Z,50.8526494,3.1503910,21.237,1.47,0.95,-0.26,2.597,3.380,0.64,25
$GNSS,2024-08-03T09:21:19.200Z,50.8526529,3.1503934,21.362,1.54,0.87,-0.04,2.591,3.371,0.62,25
$GNSS,2024-08-03T09:21:19.400Z,50.8526568,3.1503952,21.547,1.54,0.66,-0.09,2.585,3.362,0.63,25
$GNSS,2024-08-03T09:21:19.600Z,50.8526601,3.1503975,21.669,1.55,0.79,-0.18,2.578,3.348,0.67,26
$GNSS,2024-08-03T09:21:19.800Z,50.8526633,3.1504007,21.751,1.71,1.01,-0.32,2.572,3.334,0.64,26
$GNSS,2024-08-03T09:21:20.000Z,50.8526667,3.1504042,21.841,1.67,0.99,-0.30,2.565,3.318,0.63,26
$GNSS,2024-08-03T09:21:20.200Z,50.8526699,3.1504076,21.889,1.59,0.93,-0.08,2.559,3.304,0.64,26
$GNSS,2024-08-03T09:21:20.400Z,50.8526729,3.1504112,21.970,1.49,1.05,-0.12,2.552,3.290,0.63,26
$GNSS,2024-08-03T09:21:20.600Z,50.8526761,3.1504146,22.139,1.55,1.08,-0.38,2.544,3.276,0.60,26
$GNSS,2024-08-03T09:21:20.800Z,50.8526795,3.1504183,22.272,1.60,1.18,-0.25,2.536,3.265,0.57,26
$GNSS,2024-08-03T09:21:21.000Z,50.8526830,3.1504219,22.373,1.49,1.10,-0.01,2.528,3.256,0.60,26
$GNSS,2024-08-03T09:21:21.200Z,50.8526862,3.1504256,22.498,1.27,1.12,-0.13,2.521,3.248,0.59,26
$GNSS,2024-08-03T09:21:21.400Z,50.8526896,3.1504286,22.649,1.46,1.07,-0.08,2.515,3.243,0.61,26
$GNSS,2024-08-03T09:21:21.600Z,50.8526933,3.1504315,22.831,1.39,1.05,-0.15,2.508,3.239,0.58,26
$GNSS,2024-08-03T09:21:21.800Z,50.8526968,3.1504346,22.979,1.52,1.12,-0.09,2.501,3.234,0.64,26
$GNSS,2024-08-03T09:21:22.000Z,50.8527002,3.1504381,23.041,1.52,1.03,0.12,2.495,3.230,0.62,25
$GNSS,2024-08-03T09:21:22.200Z,50.8527039,3.1504416,23.148,1.76,1.16,0.00,2.489,3.223,0.62,25
$GNSS,2024-08-03T09:21:22.400Z,50.8527078,3.1504443,23.350,1.54,1.01,-0.12,2.484,3.216,0.63,25
$GNSS,2024-08-03T09:21:22.600Z,50.8527115,3.1504475,23.534,1.71,1.16,-0.22,2.478,3.209,0.60,24
$GNSS,2024-08-03T09:21:22.800Z,50.8527154,3.1504505,23.760,1.72,1.11,-0.30,2.473,3.203,0.61,24
$GNSS,2024-08-03T09:21:23.000Z,50.8527193,3.1504534,23.955,1.66,1.10,-0.29,2.468,3.200,0.61,24
$GNSS,2024-08-03T09:21:23.200Z,50.8527232,3.1504567,24.125,1.78,1.10,-0.28,2.464,3.198,0.63,24
$GNSS,2024-08-03T09:21:23.400Z,50.8527272,3.1504605,24.300,1.91,1.25,-0.36,2.461,3.197,0.64,23
$GNSS,2024-08-03T09:21:23.600Z,50.8527313,3.1504642,24.483,1.85,1.17,-0.30,2.462,3.200,0.75,23
$GNSS,2024-08-03T09:21:23.800Z,50.8527350,3.1504680,24.685,1.60,1.18,-0.48,2.465,3.204,0.76,24
$GNSS,2024-08-03T09:21:24.000Z,50.8527387,3.1504711,24.907,1.62,0.99,-0.38,2.467,3.210,0.75,25
$GNSS,2024-08-03T09:21:24.200Z,50.8527426,3.1504747,25.083,1.91,1.15,-0.33,2.470,3.215,0.76,25
$GNSS,2024-08-03T09:21:24.400Z,50.8527463,3.1504787,25.262,1.67,1.18,-0.48,2.471,3.220,0.75,26
$GNSS,2024-08-03T09:21:24.600Z,50.8527498,3.1504829,25.391,1.64,1.20,-0.39,2.473,3.227,0.74,26
$GNSS,2024-08-03T09:21:24.800Z,50.8527531,3.1504873,25.537,1.54,1.30,-0.44,2.474,3.232,0.75,25
$GNSS,2024-08-03T09:21:25.000Z,50.8527568,3.1504911,25.658,1.77,1.16,-0.23,2.476,3.232,0.73,25
$GNSS,2024-08-03T09:21:25.200Z,50.8527607,3.1504949,25.790,1.93,1.17,-0.27,2.475,3.232,0.70,25
$GNSS,2024-08-03T09:21:25.400Z,50.8527648,3.1504986,25.926,1.95,1.22,-0.20,2.475,3.235,0.71,25
$GNSS,2024-08-03T09:21:25.600Z,50.8527687,3.1505031,26.028,1.95,1.39,-0.36,2.473,3.238,0.69,25
$GNSS,2024-08-03T09:21:25.800Z,50.8527726,3.1505074,26.162,1.83,1.30,-0.39,2.472,3.239,0.69,25
$GNSS,2024-08-03T09:21:26.000Z,50.8527767,3.1505112,26.300,2.04,1.21,-0.23,2.470,3.240,0.69,25
$GNSS,2024-08-03T09:21:26.200Z,50.8527806,3.1505156,26.400,1.83,1.28,-0.41,2.469,3.241,0.71,24
$GNSS,2024-08-03T09:21:26.400Z,50.8527842,3.1505202,26.510,1.80,1.36,-0.45,2.468,3.240,0.69,24
$GNSS,2024-08-03T09:21:26.600Z,50.8527880,3.1505242,26.616,1.77,1.27,-0.17,2.465,3.238,0.69,24
$GNSS,2024-08-03T09:21:26.800Z,50.8527920,3.1505280,26.662,1.92,1.22,0.08,2.464,3.238,0.71,24
$GNSS,2024-08-03T09:21:27.000Z,50.8527959,3.1505317,26.702,1.94,1.11,0.11,2.463,3.239,0.72,23
$GNSS,2024-08-03T09:21:27.200Z,50.8528002,3.1505366,26.738,2.31,1.58,-0.19,2.463,3.240,0.73,23
$GNSS,2024-08-03T09:21:27.400Z,50.8528045,3.1505412,26.786,2.05,1.27,-0.04,2.464,3.247,0.76,23
$GNSS,2024-08-03T09:21:27.600Z,50.8528084,3.1505454,26.879,1.80,1.37,-0.06,2.465,3.253,0.73,23
$GNSS,2024-08-03T09:21:27.800Z,50.8528122,3.1505495,26.986,1.71,1.34,-0.03,2.465,3.259,0.75,23
$GNSS,2024-08-03T09:21:28.000Z,50.8528158,3.1505539,27.021,1.81,1.32,0.05,2.465,3.262,0.72,23
$GNSS,2024-08-03T09:21:28.200Z,50.8528197,3.1505577,27.075,1.91,1.29,0.06,2.466,3.261,0.71,24
$GNSS,2024-08-03T09:21:28.400Z,50.8528236,3.1505621,27.054,2.02,1.17,0.07,2.465,3.267,0.69,24
$GNSS,2024-08-03T09:21:28.600Z,50.8528278,3.1505659,27.104,2.11,1.39,0.16,2.465,3.271,0.69,24
$GNSS,2024-08-03T09:21:28.800Z,50.8528316,3.1505703,27.141,1.75,1.46,0.10,2.465,3.276,0.73,25
$GNSS,2024-08-03T09:21:29.000Z,50.8528347,3.1505750,27.120,1.52,1.30,0.03,2.464,3.279,0.68,25
$GNSS,2024-08-03T09:21:29.200Z,50.8528380,3.1505793,27.089,1.72,1.35,0.20,2.463,3.277,0.66,25
$GNSS,2024-08-03T09:21:29.400Z,50.8528415,3.1505835,27.058,1.73,1.27,0.26,2.462,3.274,0.64,25
$GNSS,2024-08-03T09:21:29.600Z,50.8528448,3.1505871,27.144,1.53,1.33,0.04,2.461,3.270,0.59,24
$GNSS,2024-08-03T09:21:29.800Z,50.8528483,3.1505905,27.255,1.75,1.29,0.05,2.460,3.264,0.57,25
$GNSS,2024-08-03T09:21:30.000Z,50.8528522,3.1505936,27.338,1.84,1.24,0.23,2.458,3.258,0.58,25
$GNSS,2024-08-03T09:21:30.200Z,50.8528561,3.1505972,27.437,1.90,1.41,0.03,2.458,3.249,0.63,25
$GNSS,2024-08-03T09:21:30.400Z,50.8528599,3.1506008,27.501,1.84,1.16,0.09,2.457,3.242,0.61,25
$GNSS,2024-08-03T09:21:30.600Z,50.8528638,3.1506043,27.591,1.93,1.28,-0.06,2.456,3.230,0.57,26
$GNSS,2024-08-03T09:21:30.800Z,50.8528679,3.1506084,27.687,2.18,1.23,-0.42,2.455,3.219,0.62,25
$GNSS,2024-08-03T09:21:31.000Z,50.8528715,3.1506119,27.682,1.94,1.36,-0.21,2.456,3.216,0.71,25
$GNSS,2024-08-03T09:21:31.200Z,50.8528750,3.1506155,27.693,2.05,1.31,-0.28,2.458,3.215,0.73,25
$GNSS,2024-08-03T09:21:31.400Z,50.8528787,3.1506188,27.684,1.94,1.30,-0.12,2.461,3.212,0.70,25
$GNSS,2024-08-03T09:21:31.600Z,50.8528821,3.1506220,27.681,1.83,1.32,-0.10,2.464,3.208,0.71,25
$GNSS,2024-08-03T09:21:31.800Z,50.8528854,3.1506259,27.621,1.88,1.39,-0.02,2.466,3.200,0.65,24
$GNSS,2024-08-03T09:21:32.000Z,50.8528888,3.1506297,27.653,1.89,1.59,-0.33,2.467,3.195,0.65,24
$GNSS,2024-08-03T09:21:32.200Z,50.8528920,3.1506342,27.627,1.85,1.45,-0.30,2.468,3.190,0.72,24
$GNSS,2024-08-03T09:21:32.400Z,50.8528952,3.1506389,27.560,2.05,1.50,-0.27,2.470,3.181,0.69,25
$GNSS,2024-08-03T09:21:32.600Z,50.8528984,3.1506433,27.500,1.99,1.44,-0.21,2.469,3.174,0.63,25
$GNSS,2024-08-03T09:21:32.800Z,50.8529017,3.1506473,27.451,1.90,1.42,-0.13,2.466,3.171,0.61,26
$GNSS,2024-08-03T09:21:33.000Z,50.8529051,3.1506522,27.463,1.91,1.57,-0.18,2.464,3.170,0.62,27
$GNSS,2024-08-03T09:21:33.200Z,50.8529088,3.1506570,27.525,1.93,1.59,-0.19,2.462,3.169,0.62,27
$GNSS,2024-08-03T09:21:33.400Z,50.8529124,3.1506622,27.524,2.00,1.64,-0.02,2.458,3.170,0.62,27
$GNSS,2024-08-03T09:21:33.600Z,50.8529160,3.1506677,27.563,1.92,1.79,-0.20,2.454,3.171,0.62,27
$GNSS,2024-08-03T09:21:33.800Z,50.8529196,3.1506735,27.524,1.99,1.79,0.02,2.450,3.172,0.64,27
$GNSS,2024-08-03T09:21:34.000Z,50.8529233,3.1506782,27.507,1.84,1.60,0.35,2.447,3.173,0.64,26
$GNSS,2024-08-03T09:21:34.200Z,50.8529268,3.1506826,27.502,1.74,1.56,0.34,2.443,3.174,0.63,26
$GNSS,2024-08-03T09:21:34.400Z,50.8529302,3.1506872,27.505,1.76,1.62,0.21,2.439,3.176,0.61,26
$GNSS,2024-08-03T09:21:34.600Z,50.8529337,3.1506916,27.575,1.84,1.56,0.04,2.436,3.178,0.62,26
$GNSS,2024-08-03T09:21:34.800Z,50.8529373,3.1506964,27.587,1.90,1.58,0.07,2.433,3.181,0.62,26
$GNSS,2024-08-03T09:21:35.000Z,50.8529408,3.1507012,27.632,1.80,1.60,0.02,2.430,3.184,0.63,26
$GNSS,2024-08-03T09:21:35.200Z,50.8529446,3.1507054,27.751,1.74,1.61,0.07,2.428,3.188,0.66,26
$GNSS,2024-08-03T09:21:35.400Z,50.8529482,3.1507098,27.823,1.76,1.50,0.12,2.427,3.193,0.68,26
$GNSS,2024-08-03T09:21:35.600Z,50.8529516,3.1507142,27.894,1.66,1.47,-0.07,2.426,3.197,0.68,26
$GNSS,2024-08-03T09:21:35.800Z,50.8529550,3.1507183,27.986,1.61,1.41,-0.08,2.425,3.200,0.65,26
$GNSS,2024-08-03T09:21:36.000Z,50.8529584,3.1507229,27.998,1.82,1.56,0.04,2.424,3.206,0.67,26
$GNSS,2024-08-03T09:21:36.200Z,50.8529617,3.1507276,28.025,1.55,1.54,0.02,2.422,3.210,0.65,25
$GNSS,2024-08-03T09:21:36.400Z,50.8529650,3.1507324,28.093,1.74,1.65,-0.16,2.421,3.215,0.65,25
$GNSS,2024-08-03T09:21:36.600Z,50.8529682,3.1507374,28.180,1.63,1.70,-0.26,2.419,3.219,0.64,25
$GNSS,2024-08-03T09:21:36.800Z,50.8529717,3.1507428,28.239,1.95,1.81,-0.26,2.417,3.222,0.64,25
$GNSS,2024-08-03T09:21:37.000Z,50.8529756,3.1507480,28.366,1.92,1.78,-0.29,2.415,3.225,0.66,25
$GNSS,2024-08-03T09:21:37.200Z,50.8529789,3.1507535,28.442,1.76,1.76,-0.39,2.413,3.228,0.65,25
$GNSS,2024-08-03T09:21:37.400Z,50.8529823,3.1507591,28.505,1.81,1.81,-0.38,2.411,3.230,0.62,26
$GNSS,2024-08-03T09:21:37.600Z,50.8529859,3.1507646,28.619,1.86,1.89,-0.34,2.408,3.232,0.62,26
$GNSS,2024-08-03T09:21:37.800Z,50.8529895,3.1507700,28.729,1.88,1.79,-0.34,2.403,3.233,0.60,26
$GNSS,2024-08-03T09:21:38.000Z,50.8529930,3.1507755,28.725,2.01,1.81,0.00,2.399,3.233,0.59,25
$GNSS,2024-08-03T09:21:38.200Z,50.8529967,3.1507814,28.713,2.03,1.87,-0.07,2.394,3.230,0.56,25
$GNSS,2024-08-03T09:21:38.400Z,50.8530004,3.1507869,28.786,1.89,1.81,-0.14,2.388,3.228,0.56,25
$GNSS,2024-08-03T09:21:38.600Z,50.8530039,3.1507923,28.806,1.95,1.77,-0.09,2.382,3.225,0.55,25
$GNSS,2024-08-03T09:21:38.800Z,50.8530074,3.1507978,28.797,2.01,1.76,-0.02,2.376,3.225,0.58,25
$GNSS,2024-08-03T09:21:39.000Z,50.8530112,3.1508030,28.852,2.06,1.83,0.00,2.372,3.231,0.60,25
$GNSS,2024-08-03T09:21:39.200Z,50.8530152,3.1508082,28.940,2.21,1.83,-0.03,2.366,3.233,0.58,25
$GNSS,2024-08-03T09:21:39.400Z,50.8530191,3.1508135,29.018,2.12,1.77,-0.16,2.360,3.234,0.58,26
$GNSS,2024-08-03T09:21:39.600Z,50.8530230,3.1508187,29.045,2.21,1.77,-0.09,2.354,3.236,0.57,25
$GNSS,2024-08-03T09:21:39.800Z,50.8530268,3.1508241,29.001,2.22,1.80,0.14,2.347,3.237,0.56,25
$GNSS,2024-08-03T09:21:40.000Z,50.8530309,3.1508293,29.082,2.37,1.90,-0.11,2.341,3.239,0.57,25
$GNSS,2024-08-03T09:21:40.200Z,50.8530347,3.1508350,29.093,2.14,1.84,-0.22,2.335,3.240,0.56,25
$GNSS,2024-08-03T09:21:40.400Z,50.8530385,3.1508402,29.166,2.12,1.79,-0.24,2.330,3.243,0.57,25
$GNSS,2024-08-03T09:21:40.600Z,50.8530424,3.1508452,29.292,2.05,1.87,-0.24,2.325,3.247,0.56,25
$GNSS,2024-08-03T09:21:40.800Z,50.8530463,3.1508506,29.386,2.20,1.94,-0.26,2.321,3.250,0.57,25
$GNSS,2024-08-03T09:21:41.000Z,50.8530502,3.1508560,29.540,2.15,2.01,-0.45,2.316,3.256,0.56,25
$GNSS,2024-08-03T09:21:41.200Z,50.8530540,3.1508617,29.557,2.15,1.96,-0.17,2.312,3.261,0.53,25
$GNSS,2024-08-03T09:21:41.400Z,50.8530578,3.1508674,29.653,2.08,2.08,-0.28,2.309,3.266,0.58,25
$GNSS,2024-08-03T09:21:41.600Z,50.8530618,3.1508735,29.716,2.32,2.07,-0.28,2.307,3.274,0.61,25
$GNSS,2024-08-03T09:21:41.800Z,50.8530658,3.1508796,29.803,2.26,2.04,-0.50,2.306,3.282,0.61,25
$GNSS,2024-08-03T09:21:42.000Z,50.8530703,3.1508855,29.867,2.40,2.15,-0.13,2.305,3.292,0.61,25
$GNSS,2024-08-03T09:21:42.200Z,50.8530745,3.1508919,29.936,2.29,2.18,-0.27,2.304,3.298,0.61,25
$GNSS,2024-08-03T09:21:42.400Z,50.8530786,3.1508982,29.958,2.23,2.15,-0.23,2.302,3.303,0.61,25
$GNSS,2024-08-03T09:21:42.600Z,50.8530828,3.1509045,29.963,2.30,2.10,-0.07,2.301,3.307,0.64,25
$GNSS,2024-08-03T09:21:42.800Z,50.8530871,3.1509104,29.984,2.18,2.04,0.05,2.299,3.310,0.63,25
$GNSS,2024-08-03T09:21:43.000Z,50.8530915,3.1509160,30.014,2.41,1.96,0.13,2.297,3.312,0.63,25
$GNSS,2024-08-03T09:21:43.200Z,50.8530959,3.1509216,30.069,2.36,1.86,-0.20,2.296,3.314,0.63,25
$GNSS,2024-08-03T09:21:43.400Z,50.8531003,3.1509274,30.112,2.38,2.03,-0.21,2.294,3.316,0.64,25
$GNSS,2024-08-03T09:21:43.600Z,50.8531047,3.1509332,30.171,2.35,1.96,-0.17,2.293,3.321,0.66,25
$GNSS,2024-08-03T09:21:43.800Z,50.8531094,3.1509393,30.192,2.58,2.20,0.03,2.294,3.326,0.68,25
$GNSS,2024-08-03T09:21:44.000Z,50.8531139,3.1509456,30.257,2.23,2.17,-0.14,2.295,3.332,0.70,25
$GNSS,2024-08-03T09:21:44.200Z,50.8531185,3.1509518,30.289,2.42,2.13,0.17,2.296,3.340,0.69,25
$GNSS,2024-08-03T09:21:44.400Z,50.8531229,3.1509574,30.284,2.25,1.75,0.16,2.297,3.347,0.71,25
$GNSS,2024-08-03T09:21:44.600Z,50.8531272,3.1509627,30.302,2.22,1.83,0.17,2.298,3.352,0.69,25
$GNSS,2024-08-03T09:21:44.800Z,50.8531314,3.1509680,30.371,2.12,1.83,0.04,2.299,3.358,0.70,24
$GNSS,2024-08-03T09:21:45.000Z,50.8531352,3.1509733,30.448,1.91,1.73,-0.14,2.302,3.366,0.70,25
$GNSS,2024-08-03T09:21:45.200Z,50.8531387,3.1509788,30.505,1.77,1.87,-0.23,2.304,3.373,0.68,24
$GNSS,2024-08-03T09:21:45.400Z,50.8531422,3.1509842,30.609,1.81,1.76,-0.23,2.308,3.379,0.75,25
$GNSS,2024-08-03T09:21:45.600Z,50.8531455,3.1509891,30.671,1.61,1.65,-0.04,2.313,3.384,0.74,24
$GNSS,2024-08-03T09:21:45.800Z,50.8531479,3.1509945,30.491,1.46,1.60,0.10,2.316,3.383,0.68,24
$GNSS,2024-08-03T09:21:46.000Z,50.8531507,3.1509999,30.333,1.74,1.66,0.21,2.318,3.380,0.66,24
$GNSS,2024-08-03T09:21:46.200Z,50.8531537,3.1510050,30.273,1.64,1.57,0.15,2.320,3.383,0.69,26
$GNSS,2024-08-03T09:21:46.400Z,50.8531570,3.1510094,30.364,1.70,1.55,0.02,2.323,3.389,0.68,25
$GNSS,2024-08-03T09:21:46.600Z,50.8531603,3.1510142,30.380,1.65,1.71,0.16,2.326,3.397,0.67,25
$GNSS,2024-08-03T09:21:46.800Z,50.8531633,3.1510197,30.346,1.69,1.79,0.11,2.327,3.405,0.65,25
$GNSS,2024-08-03T09:21:47.000Z,50.8531664,3.1510250,30.316,1.60,1.66,0.17,2.328,3.410,0.62,25
$GNSS,2024-08-03T09:21:47.200Z,50.8531689,3.1510289,30.223,1.42,1.51,0.16,2.326,3.410,0.56,25
$GNSS,2024-08-03T09:21:47.400Z,50.8531716,3.1510325,30.114,1.69,1.43,0.30,2.324,3.408,0.59,25
$GNSS,2024-08-03T09:21:47.600Z,50.8531742,3.1510363,30.080,1.57,1.45,-0.17,2.321,3.407,0.54,25
$GNSS,2024-08-03T09:21:47.800Z,50.8531769,3.1510400,29.984,1.64,1.45,-0.02,2.318,3.404,0.52,24
$GNSS,2024-08-03T09:21:48.000Z,50.8531796,3.1510435,29.915,1.59,1.44,0.05,2.315,3.398,0.48,23
$GNSS,2024-08-03T09:21:48.200Z,50.8531823,3.1510474,29.828,1.74,1.52,0.00,2.311,3.392,0.49,23
$GNSS,2024-08-03T09:21:48.400Z,50.8531850,3.1510512,29.743,1.65,1.39,-0.07,2.307,3.386,0.50,23
$GNSS,2024-08-03T09:21:48.600Z,50.8531875,3.1510542,29.730,1.51,1.23,-0.16,2.305,3.383,0.56,23
$GNSS,2024-08-03T09:21:48.800Z,50.8531900,3.1510570,29.746,1.62,1.15,-0.28,2.306,3.383,0.63,23
$GNSS,2024-08-03T09:21:49.000Z,50.8531923,3.1510602,29.714,1.53,1.16,-0.40,2.308,3.384,0.61,24
$GNSS,2024-08-03T09:21:49.200Z,50.8531943,3.1510639,29.602,1.57,1.26,-0.36,2.310,3.382,0.61,24
$GNSS,2024-08-03T09:21:49.400Z,50.8531964,3.1510678,29.539,1.50,1.32,-0.46,2.311,3.380,0.60,25
$GNSS,2024-08-03T09:21:49.600Z,50.8531984,3.1510714,29.497,1.40,1.12,-0.42,2.314,3.381,0.62,25
$GNSS,2024-08-03T09:21:49.800Z,50.8532002,3.1510751,29.412,1.27,1.27,-0.29,2.317,3.383,0.63,25
$GNSS,2024-08-03T09:21:50.000Z,50.8532022,3.1510791,29.322,1.47,1.29,-0.23,2.320,3.385,0.62,25
$GNSS,2024-08-03T09:21:50.200Z,50.8532046,3.1510825,29.270,1.60,1.22,-0.24,2.323,3.384,0.61,24
$GNSS,2024-08-03T09:21:50.400Z,50.8532068,3.1510858,29.210,1.39,1.23,-0.23,2.326,3.380,0.61,25
$GNSS,2024-08-03T09:21:50.600Z,50.8532091,3.1510887,29.159,1.36,1.18,0.02,2.328,3.375,0.61,25
$GNSS,2024-08-03T09:21:50.800Z,50.8532111,3.1510925,29.048,1.46,1.20,-0.13,2.329,3.370,0.61,25
$GNSS,2024-08-03T09:21:51.000Z,50.8532134,3.1510960,28.978,1.50,1.29,-0.10,2.330,3.365,0.60,25
$GNSS,2024-08-03T09:21:51.200Z,50.8532161,3.1510994,28.892,1.65,1.33,0.14,2.331,3.358,0.63,25
$GNSS,2024-08-03T09:21:51.400Z,50.8532186,3.1511030,28.753,1.62,1.15,0.07,2.332,3.352,0.63,25
$GNSS,2024-08-03T09:21:51.600Z,50.8532211,3.1511070,28.598,1.67,1.36,0.04,2.334,3.346,0.63,25
$GNSS,2024-08-03T09:21:51.800Z,50.8532238,3.1511104,28.535,1.59,1.31,0.04,2.335,3.340,0.63,25
$GNSS,2024-08-03T09:21:52.000Z,50.8532263,3.1511143,28.468,1.53,1.34,-0.15,2.337,3.337,0.64,25
$GNSS,2024-08-03T09:21:52.200Z,50.8532288,3.1511181,28.449,1.61,1.47,-0.25,2.338,3.336,0.63,25
$GNSS,2024-08-03T09:21:52.400Z,50.8532316,3.1511222,28.388,1.74,1.56,-0.11,2.339,3.335,0.63,25
$GNSS,2024-08-03T09:21:52.600Z,50.8532344,3.1511264,28.309,1.65,1.50,0.00,2.340,3.336,0.65,25
$GNSS,2024-08-03T09:21:52.800Z,50.8532370,3.1511308,28.161,1.73,1.42,0.08,2.341,3.332,0.64,25
$GNSS,2024-08-03T09:21:53.000Z,50.8532395,3.1511348,28.056,1.50,1.33,-0.01,2.342,3.328,0.65,25
$GNSS,2024-08-03T09:21:53.200Z,50.8532421,3.1511386,27.937,1.66,1.38,0.13,2.343,3.323,0.65,25
$GNSS,2024-08-03T09:21:53.400Z,50.8532448,3.1511425,27.856,1.62,1.44,-0.01,2.345,3.318,0.65,25
$GNSS,2024-08-03T09:21:53.600Z,50.8532476,3.1511467,27.764,1.79,1.57,0.07,2.346,3.314,0.64,25
$GNSS,2024-08-03T09:21:53.800Z,50.8532506,3.1511509,27.706,1.77,1.57,0.06,2.344,3.308,0.64,26
$GNSS,2024-08-03T09:21:54.000Z,50.8532535,3.1511553,27.642,1.71,1.67,0.03,2.343,3.302,0.64,26
$GNSS,2024-08-03T09:21:54.200Z,50.8532566,3.1511591,27.598,1.78,1.52,0.20,2.341,3.291,0.65,26
$GNSS,2024-08-03T09:21:54.400Z,50.8532596,3.1511632,27.555,1.79,1.62,-0.09,2.339,3.279,0.62,27
$GNSS,2024-08-03T09:21:54.600Z,50.8532625,3.1511674,27.516,1.60,1.48,-0.15,2.337,3.267,0.62,27
$GNSS,2024-08-03T09:21:54.800Z,50.8532651,3.1511721,27.374,1.68,1.63,0.00,2.335,3.256,0.62,26
$GNSS,2024-08-03T09:21:55.000Z,50.8532682,3.1511762,27.328,1.87,1.64,0.04,2.334,3.246,0.64,27
$GNSS,2024-08-03T09:21:55.200Z,50.8532715,3.1511807,27.252,1.93,1.79,0.05,2.334,3.236,0.65,26
$GNSS,2024-08-03T09:21:55.400Z,50.8532749,3.1511856,27.166,2.05,1.84,0.05,2.334,3.225,0.65,26
$GNSS,2024-08-03T09:21:55.600Z,50.8532785,3.1511905,27.050,2.24,1.73,0.11,2.334,3.214,0.67,26
$GNSS,2024-08-03T09:21:55.800Z,50.8532822,3.1511953,26.920,2.17,1.72,0.19,2.335,3.206,0.70,26
$GNSS,2024-08-03T09:21:56.000Z,50.8532859,3.1511995,26.862,2.01,1.64,0.12,2.337,3.198,0.71,26
$GNSS,2024-08-03T09:21:56.200Z,50.8532892,3.1512044,26.785,2.02,1.68,-0.14,2.340,3.191,0.75,26
$GNSS,2024-08-03T09:21:56.400Z,50.8532927,3.1512098,26.730,2.15,1.98,-0.22,2.343,3.184,0.76,26
$GNSS,2024-08-03T09:21:56.600Z,50.8532964,3.1512146,26.693,2.11,1.79,-0.01,2.349,3.176,0.79,26
$GNSS,2024-08-03T09:21:56.800Z,50.8533002,3.1512188,26.666,2.14,1.64,0.07,2.354,3.171,0.82,25
$GNSS,2024-08-03T09:21:57.000Z,50.8533037,3.1512236,26.585,2.08,1.76,0.10,2.362,3.169,0.80,25
$GNSS,2024-08-03T09:21:57.200Z,50.8533072,3.1512285,26.550,2.00,1.76,-0.16,2.369,3.167,0.82,25
$GNSS,2024-08-03T09:21:57.400Z,50.8533106,3.1512334,26.468,1.99,1.73,0.01,2.377,3.166,0.82,25
$GNSS,2024-08-03T09:21:57.600Z,50.8533138,3.1512379,26.410,1.77,1.62,-0.02,2.384,3.161,0.76,25
$GNSS,2024-08-03T09:21:57.800Z,50.8533170,3.1512424,26.355,1.96,1.69,0.05,2.388,3.162,0.80,25
$GNSS,2024-08-03T09:21:58.000Z,50.8533207,3.1512473,26.264,2.30,1.83,0.15,2.394,3.165,0.82,25
$GNSS,2024-08-03T09:21:58.200Z,50.8533247,3.1512523,26.228,2.25,1.81,-0.03,2.400,3.170,0.81,25
$GNSS,2024-08-03T09:21:58.400Z,50.8533288,3.1512581,26.279,2.40,2.24,-0.37,2.406,3.179,0.85,25
$GNSS,2024-08-03T09:21:58.600Z,50.8533327,3.1512637,26.224,2.15,2.01,-0.02,2.413,3.188,0.82,25
$GNSS,2024-08-03T09:21:58.800Z,50.8533363,3.1512690,26.225,1.98,1.94,-0.11,2.420,3.199,0.80,25
$GNSS,2024-08-03T09:21:59.000Z,50.8533395,3.1512745,26.267,1.80,2.00,-0.34,2.424,3.210,0.76,26
$GNSS,2024-08-03T09:21:59.200Z,50.8533428,3.1512799,26.331,1.94,2.05,-0.34,2.428,3.222,0.71,26
$GNSS,2024-08-03T09:21:59.400Z,50.8533463,3.1512857,26.394,2.11,2.15,-0.45,2.431,3.232,0.68,26
$GNSS,2024-08-03T09:21:59.600Z,50.8533500,3.1512916,26.444,2.24,2.22,-0.46,2.434,3.242,0.69,25
$GNSS,2024-08-03T09:21:59.800Z,50.8533535,3.1512979,26.397,2.03,2.22,-0.31,2.436,3.251,0.68,25
$GNSS,2024-08-03T09:22:00.000Z,50.8533570,3.1513038,26.373,2.01,2.17,-0.11,2.439,3.261,0.70,25
$GNSS,2024-08-03T09:22:00.200Z,50.8533607,3.1513096,26.363,2.03,2.17,0.02,2.443,3.267,0.70,26
$GNSS,2024-08-03T09:22:00.400Z,50.8533643,3.1513153,26.340,1.98,2.17,-0.01,2.447,3.270,0.74,25
$GNSS,2024-08-03T09:22:00.600Z,50.8533676,3.1513217,26.259,2.07,2.26,-0.02,2.451,3.272,0.75,25
$GNSS,2024-08-03T09:22:00.800Z,50.8533711,3.1513281,26.185,2.07,2.34,0.09,2.455,3.275,0.75,25
$GNSS,2024-08-03T09:22:01.000Z,50.8533747,3.1513349,26.106,2.15,2.54,0.16,2.460,3.282,0.74,25
$GNSS,2024-08-03T09:22:01.200Z,50.8533784,3.1513414,26.015,2.11,2.22,0.29,2.464,3.289,0.77,26
$GNSS,2024-08-03T09:22:01.400Z,50.8533822,3.1513474,26.013,2.06,2.26,0.08,2.469,3.295,0.75,26
$GNSS,2024-08-03T09:22:01.600Z,50.8533860,3.1513535,26.067,2.24,2.25,-0.15,2.474,3.301,0.75,26
$GNSS,2024-08-03T09:22:01.800Z,50.8533896,3.1513597,26.068,2.12,2.24,-0.21,2.479,3.309,0.70,26
$GNSS,2024-08-03T09:22:02.000Z,50.8533928,3.1513659,26.032,2.11,2.23,-0.13,2.483,3.320,0.69,26
$GNSS,2024-08-03T09:22:02.200Z,50.8533964,3.1513717,26.032,2.10,2.03,-0.06,2.487,3.331,0.69,26
$GNSS,2024-08-03T09:22:02.400Z,50.8533997,3.1513774,26.061,1.98,2.09,-0.28,2.490,3.339,0.69,26
$GNSS,2024-08-03T09:22:02.600Z,50.8534027,3.1513830,26.081,1.73,2.01,-0.33,2.494,3.350,0.77,25
$GNSS,2024-08-03T09:22:02.800Z,50.8534055,3.1513887,26.159,1.71,2.14,-0.51,2.499,3.363,0.77,25
$GNSS,2024-08-03T09:22:03.000Z,50.8534083,3.1513947,26.128,1.87,2.14,-0.37,2.503,3.372,0.73,25
$GNSS,2024-08-03T09:22:03.200Z,50.8534112,3.1514005,26.177,1.83,2.05,-0.45,2.505,3.378,0.68,26
$GNSS,2024-08-03T09:22:03.400Z,50.8534142,3.1514060,26.291,1.65,2.00,-0.52,2.505,3.382,0.64,26
$GNSS,2024-08-03T09:22:03.600Z,50.8534171,3.1514110,26.305,1.79,1.82,-0.24,2.503,3.380,0.64,26
$GNSS,2024-08-03T09:22:03.800Z,50.8534200,3.1514160,26.281,1.83,1.83,-0.12,2.502,3.378,0.60,25
$GNSS,2024-08-03T09:22:04.000Z,50.8534233,3.1514210,26.290,1.97,1.88,-0.11,2.500,3.376,0.60,24
$GNSS,2024-08-03T09:22:04.200Z,50.8534269,3.1514259,26.337,2.03,1.82,-0.15,2.498,3.374,0.62,24
$GNSS,2024-08-03T09:22:04.400Z,50.8534302,3.1514308,26.305,1.82,1.72,-0.07,2.497,3.373,0.66,24
$GNSS,2024-08-03T09:22:04.600Z,50.8534333,3.1514356,26.318,1.81,1.88,-0.16,2.496,3.375,0.67,24
$GNSS,2024-08-03T09:22:04.800Z,50.8534366,3.1514399,26.363,1.80,1.48,-0.19,2.496,3.375,0.67,24
$GNSS,2024-08-03T09:22:05.000Z,50.8534399,3.1514444,26.398,1.96,1.84,-0.25,2.497,3.376,0.67,24
$GNSS,2024-08-03T09:22:05.200Z,50.8534430,3.1514497,26.390,1.86,1.72,-0.35,2.501,3.381,0.74,25
$GNSS,2024-08-03T09:22:05.400Z,50.8534463,3.1514547,26.332,1.93,1.78,-0.05,2.506,3.385,0.74,24
$GNSS,2024-08-03T09:22:05.600Z,50.8534493,3.1514597,26.297,1.86,1.76,-0.18,2.510,3.387,0.72,24
$GNSS,2024-08-03T09:22:05.800Z,50.8534524,3.1514651,26.195,2.05,1.93,-0.04,2.514,3.387,0.68,24
$GNSS,2024-08-03T09:22:06.000Z,50.8534556,3.1514711,26.082,2.15,2.05,0.02,2.518,3.388,0.70,24
$GNSS,2024-08-03T09:22:06.200Z,50.8534587,3.1514770,26.028,1.82,1.99,-0.14,2.522,3.388,0.70,24
$GNSS,2024-08-03T09:22:06.400Z,50.8534618,3.1514824,26.017,1.82,1.94,-0.02,2.528,3.390,0.65,24
$GNSS,2024-08-03T09:22:06.600Z,50.8534653,3.1514875,26.064,2.01,2.01,-0.06,2.532,3.391,0.65,23
$GNSS,2024-08-03T09:22:06.800Z,50.8534689,3.1514930,26.089,2.04,2.02,-0.12,2.536,3.393,0.64,22
$GNSS,2024-08-03T09:22:07.000Z,50.8534727,3.1514981,26.105,2.06,1.92,0.04,2.539,3.393,0.64,22
$GNSS,2024-08-03T09:22:07.200Z,50.8534764,3.1515027,26.097,1.90,1.82,0.23,2.542,3.394,0.62,22
$GNSS,2024-08-03T09:22:07.400Z,50.8534800,3.1515072,26.108,1.98,1.69,0.06,2.544,3.393,0.64,22
$GNSS,2024-08-03T09:22:07.600Z,50.8534839,3.1515115,26.173,2.09,1.77,-0.11,2.547,3.391,0.66,22
$GNSS,2024-08-03T09:22:07.800Z,50.8534881,3.1515163,26.264,2.41,1.94,-0.27,2.548,3.389,0.68,22
$GNSS,2024-08-03T09:22:08.000Z,50.8534920,3.1515213,26.274,2.16,1.78,-0.16,2.551,3.387,0.68,22
$GNSS,2024-08-03T09:22:08.200Z,50.8534950,3.1515265,26.179,1.94,1.76,-0.14,2.552,3.384,0.67,22
$GNSS,2024-08-03T09:22:08.400Z,50.8534982,3.1515316,26.089,2.13,1.70,-0.04,2.553,3.380,0.66,22
$GNSS,2024-08-03T09:22:08.600Z,50.8535016,3.1515362,26.029,2.05,1.61,-0.06,2.553,3.374,0.68,22
$GNSS,2024-08-03T09:22:08.800Z,50.8535047,3.1515411,25.933,2.12,1.63,-0.06,2.553,3.368,0.67,22
$GNSS,2024-08-03T09:22:09.000Z,50.8535085,3.1515455,25.980,2.03,1.71,-0.17,2.553,3.363,0.68,22
$GNSS,2024-08-03T09:22:09.200Z,50.8535115,3.1515510,25.941,1.96,1.73,-0.28,2.552,3.357,0.64,22
$GNSS,2024-08-03T09:22:09.400Z,50.8535147,3.1515561,25.920,2.01,1.80,-0.08,2.550,3.355,0.64,22
$GNSS,2024-08-03T09:22:09.600Z,50.8535181,3.1515612,25.917,2.02,1.84,-0.04,2.548,3.351,0.64,21
$GNSS,2024-08-03T09:22:09.800Z,50.8535216,3.1515660,25.938,2.03,1.68,0.02,2.546,3.350,0.61,21
$GNSS,2024-08-03T09:22:10.000Z,50.8535252,3.1515708,25.766,2.57,1.59,0.46,2.547,3.354,0.85,21
$GNSS,2024-08-03T09:22:10.200Z,50.8535293,3.1515761,25.687,2.43,1.99,0.26,2.551,3.362,0.84,21
$GNSS,2024-08-03T09:22:10.400Z,50.8535330,3.1515814,25.625,2.08,1.81,0.26,2.556,3.371,0.83,21
$GNSS,2024-08-03T09:22:10.600Z,50.8535360,3.1515864,25.570,1.81,1.65,0.11,2.561,3.377,0.79,21
$GNSS,2024-08-03T09:22:10.800Z,50.8535396,3.1515913,25.644,2.12,1.76,-0.06,2.564,3.377,0.72,22
$GNSS,2024-08-03T09:22:11.000Z,50.8535429,3.1515966,25.699,1.90,1.75,-0.25,2.565,3.372,0.65,22
$GNSS,2024-08-03T09:22:11.200Z,50.8535465,3.1516014,25.828,2.01,1.65,-0.38,2.565,3.360,0.64,22
$GNSS,2024-08-03T09:22:11.400Z,50.8535502,3.1516060,25.919,2.14,1.72,-0.34,2.566,3.349,0.68,22
$GNSS,2024-08-03T09:22:11.600Z,50.8535535,3.1516113,25.895,2.17,1.67,-0.18,2.567,3.342,0.69,23
$GNSS,2024-08-03T09:22:11.800Z,50.8535567,3.1516168,25.876,2.10,1.79,-0.32,2.567,3.337,0.67,23
$GNSS,2024-08-03T09:22:12.000Z,50.8535599,3.1516219,25.943,1.82,1.78,-0.44,2.566,3.337,0.67,23
$GNSS,2024-08-03T09:22:12.200Z,50.8535629,3.1516274,25.871,2.04,1.81,-0.01,2.564,3.337,0.67,23
$GNSS,2024-08-03T09:22:12.400Z,50.8535660,3.1516330,25.818,2.09,1.82,-0.11,2.560,3.336,0.66,23
$GNSS,2024-08-03T09:22:12.600Z,50.8535692,3.1516384,25.755,2.12,1.76,-0.02,2.556,3.335,0.66,23
$GNSS,2024-08-03T09:22:12.800Z,50.8535730,3.1516431,25.754,2.13,1.83,0.16,2.554,3.336,0.73,23
$GNSS,2024-08-03T09:22:13.000Z,50.8535762,3.1516482,25.756,2.00,1.75,-0.09,2.550,3.336,0.67,23
$GNSS,2024-08-03T09:22:13.200Z,50.8535796,3.1516528,25.718,1.96,1.60,0.14,2.546,3.336,0.67,23
$GNSS,2024-08-03T09:22:13.400Z,50.8535830,3.1516576,25.690,2.04,1.76,0.06,2.543,3.332,0.68,24
$GNSS,2024-08-03T09:22:13.600Z,50.8535860,3.1516631,25.618,2.10,1.79,-0.15,2.542,3.323,0.77,24
$GNSS,2024-08-03T09:22:13.800Z,50.8535894,3.1516680,25.542,2.14,1.65,0.07,2.541,3.314,0.79,24
$GNSS,2024-08-03T09:22:14.000Z,50.8535925,3.1516724,25.516,1.79,1.49,-0.05,2.542,3.306,0.83,24
$GNSS,2024-08-03T09:22:14.200Z,50.8535957,3.1516767,25.440,2.06,1.59,0.19,2.544,3.297,0.84,24
$GNSS,2024-08-03T09:22:14.400Z,50.8535994,3.1516810,25.326,2.19,1.52,0.35,2.546,3.292,0.81,24
$GNSS,2024-08-03T09:22:14.600Z,50.8536028,3.1516849,25.242,2.05,1.39,0.27,2.544,3.282,0.71,24
$GNSS,2024-08-03T09:22:14.800Z,50.8536062,3.1516886,25.146,2.27,1.39,0.25,2.540,3.273,0.65,25
$GNSS,2024-08-03T09:22:15.000Z,50.8536099,3.1516912,25.166,1.93,0.96,0.15,2.537,3.265,0.64,25
$GNSS,2024-08-03T09:22:15.200Z,50.8536135,3.1516935,25.172,2.03,0.95,0.17,2.530,3.259,0.64,25
$GNSS,2024-08-03T09:22:15.400Z,50.8536171,3.1516955,25.220,1.95,0.86,-0.08,2.523,3.254,0.69,25
$GNSS,2024-08-03T09:22:15.600Z,50.8536203,3.1516976,25.206,1.91,0.84,0.01,2.515,3.247,0.66,25
$GNSS,2024-08-03T09:22:15.800Z,50.8536231,3.1517005,25.109,1.99,0.88,-0.11,2.507,3.243,0.66,25
$GNSS,2024-08-03T09:22:16.000Z,50.8536267,3.1517023,25.095,2.19,0.77,0.09,2.502,3.242,0.72,25
$GNSS,2024-08-03T09:22:16.200Z,50.8536300,3.1517042,24.996,2.00,0.65,0.23,2.499,3.246,0.76,25
$GNSS,2024-08-03T09:22:16.400Z,50.8536333,3.1517064,24.923,2.15,0.70,-0.03,2.501,3.250,0.85,25
$GNSS,2024-08-03T09:22:16.600Z,50.8536365,3.1517084,24.863,1.92,0.64,-0.04,2.504,3.255,0.87,25
$GNSS,2024-08-03T09:22:16.800Z,50.8536394,3.1517103,24.817,1.83,0.62,-0.11,2.509,3.262,0.85,25
$GNSS,2024-08-03T09:22:17.000Z,50.8536426,3.1517120,24.798,1.99,0.57,-0.18,2.514,3.270,0.83,25
$GNSS,2024-08-03T09:22:17.200Z,50.8536464,3.1517129,24.808,2.17,0.37,0.03,2.518,3.280,0.87,26
$GNSS,2024-08-03T09:22:17.400Z,50.8536491,3.1517142,24.681,1.94,0.40,0.05,2.518,3.288,0.78,26
$GNSS,2024-08-03T09:22:17.600Z,50.8536515,3.1517157,24.509,1.89,0.43,0.11,2.517,3.295,0.83,25
$GNSS,2024-08-03T09:22:17.800Z,50.8536540,3.1517167,24.400,1.95,0.22,0.01,2.519,3.303,0.83,25
$GNSS,2024-08-03T09:22:18.000Z,50.8536568,3.1517170,24.296,1.79,0.11,0.15,2.523,3.310,0.89,24
$GNSS,2024-08-03T09:22:18.200Z,50.8536592,3.1517169,24.193,1.60,0.02,0.15,2.527,3.316,0.84,24
$GNSS,2024-08-03T09:22:18.400Z,50.8536619,3.1517160,24.105,1.85,-0.07,0.30,2.530,3.317,0.83,24
$GNSS,2024-08-03T09:22:18.600Z,50.8536645,3.1517149,24.098,1.79,-0.21,-0.09,2.530,3.313,0.76,24
$GNSS,2024-08-03T09:22:18.800Z,50.8536670,3.1517139,23.968,1.64,-0.28,0.13,2.526,3.312,0.76,24
$GNSS,2024-08-03T09:22:19.000Z,50.8536694,3.1517133,23.823,1.95,-0.27,0.04,2.523,3.314,0.79,25
$GNSS,2024-08-03T09:22:19.200Z,50.8536716,3.1517134,23.621,1.75,-0.19,-0.02,2.522,3.317,0.78,25
$GNSS,2024-08-03T09:22:19.400Z,50.8536735,3.1517132,23.497,1.54,-0.11,-0.08,2.520,3.326,0.75,25
$GNSS,2024-08-03T09:22:19.600Z,50.8536755,3.1517128,23.383,1.79,-0.25,-0.17,2.518,3.337,0.75,25
$GNSS,2024-08-03T09:22:19.800Z,50.8536771,3.1517129,23.317,1.32,-0.02,-0.38,2.516,3.347,0.72,25
$GNSS,2024-08-03T09:22:20.000Z,50.8536785,3.1517130,23.213,1.35,-0.10,-0.25,2.511,3.358,0.72,25
$GNSS,2024-08-03T09:22:20.200Z,50.8536799,3.1517129,23.219,1.31,0.01,-0.44,2.508,3.368,0.71,25
$GNSS,2024-08-03T09:22:20.400Z,50.8536811,3.1517123,23.181,1.22,-0.21,-0.12,2.502,3.378,0.67,26
$GNSS,2024-08-03T09:22:20.600Z,50.8536823,3.1517117,23.097,1.18,-0.28,0.00,2.496,3.386,0.66,26
$GNSS,2024-08-03T09:22:20.800Z,50.8536837,3.1517107,23.028,1.20,-0.32,0.09,2.490,3.394,0.69,25
$GNSS,2024-08-03T09:22:21.000Z,50.8536857,3.1517098,22.917,1.54,-0.40,0.19,2.484,3.403,0.75,25
$GNSS,2024-08-03T09:22:21.200Z,50.8536883,3.1517081,22.961,1.70,-0.43,-0.01,2.478,3.411,0.70,25
$GNSS,2024-08-03T09:22:21.400Z,50.8536909,3.1517063,23.000,1.56,-0.44,-0.04,2.474,3.420,0.70,24
$GNSS,2024-08-03T09:22:21.600Z,50.8536934,3.1517051,22.965,1.61,-0.44,-0.07,2.471,3.430,0.70,24
$GNSS,2024-08-03T09:22:21.800Z,50.8536960,3.1517035,22.939,1.59,-0.49,0.09,2.468,3.441,0.71,24
$GNSS,2024-08-03T09:22:22.000Z,50.8536987,3.1517024,22.818,1.77,-0.52,0.22,2.466,3.451,0.74,24
$GNSS,2024-08-03T09:22:22.200Z,50.8537019,3.1517010,22.763,1.87,-0.56,0.11,2.466,3.462,0.79,23
$GNSS,2024-08-03T09:22:22.400Z,50.8537055,3.1516995,22.629,2.13,-0.72,0.19,2.467,3.473,0.83,23
$GNSS,2024-08-03T09:22:22.600Z,50.8537093,3.1516972,22.599,2.10,-0.71,0.14,2.468,3.485,0.80,23
$GNSS,2024-08-03T09:22:22.800Z,50.8537125,3.1516953,22.566,1.77,-0.59,0.08,2.469,3.499,0.80,23
$GNSS,2024-08-03T09:22:23.000Z,50.8537150,3.1516934,22.525,1.64,-0.69,0.01,2.469,3.514,0.77,24
$GNSS,2024-08-03T09:22:23.200Z,50.8537173,3.1516919,22.381,1.56,-0.51,0.25,2.470,3.531,0.77,24
$GNSS,2024-08-03T09:22:23.400Z,50.8537194,3.1516901,22.439,1.59,-0.49,-0.04,2.466,3.546,0.70,24
$GNSS,2024-08-03T09:22:23.600Z,50.8537210,3.1516886,22.520,0.94,-0.28,-0.10,2.462,3.562,0.78,24
$GNSS,2024-08-03T09:22:23.800Z,50.8537220,3.1516879,22.593,0.85,-0.14,-0.25,2.459,3.578,0.77,24
$GNSS,2024-08-03T09:22:24.000Z,50.8537231,3.1516865,22.574,0.98,-0.57,0.07,2.457,3.596,0.79,25
$GNSS,2024-08-03T09:22:24.200Z,50.8537244,3.1516843,22.553,1.04,-0.83,0.08,2.455,3.614,0.80,25
$GNSS,2024-08-03T09:22:24.400Z,50.8537259,3.1516819,22.439,1.28,-0.81,0.36,2.453,3.632,0.79,25
$GNSS,2024-08-03T09:22:24.600Z,50.8537279,3.1516793,22.245,1.67,-1.09,0.50,2.451,3.650,0.80,25
$GNSS,2024-08-03T09:22:24.800Z,50.8537295,3.1516767,22.142,1.19,-0.88,0.41,2.448,3.669,0.82,25
$GNSS,2024-08-03T09:22:25.000Z,50.8537311,3.1516739,22.177,1.38,-0.91,0.17,2.446,3.689,0.84,25
$GNSS,2024-08-03T09:22:25.200Z,50.8537326,3.1516722,22.524,1.08,-0.18,-0.56,2.445,3.711,0.83,25
$GNSS,2024-08-03T09:22:25.400Z,50.8537341,3.1516705,22.858,1.21,-0.53,-0.76,2.445,3.733,0.86,25
$GNSS,2024-08-03T09:22:25.600Z,50.8537358,3.1516687,22.863,1.45,-0.79,-0.53,2.445,3.757,0.87,25
$GNSS,2024-08-03T09:22:25.800Z,50.8537373,3.1516660,22.866,1.06,-0.99,-0.22,2.447,3.781,0.89,25
$GNSS,2024-08-03T09:22:26.000Z,50.8537386,3.1516633,22.815,0.89,-1.01,-0.13,2.449,3.806,0.87,24
$GNSS,2024-08-03T09:22:26.200Z,50.8537396,3.1516609,22.803,0.75,-0.82,-0.12,2.451,3.830,0.89,24
$GNSS,2024-08-03T09:22:26.400Z,50.8537408,3.1516583,22.800,1.18,-1.02,-0.25,2.452,3.852,0.85,25
$GNSS,2024-08-03T09:22:26.600Z,50.8537422,3.1516558,22.758,1.17,-1.04,-0.33,2.450,3.869,0.81,26
$GNSS,2024-08-03T09:22:26.800Z,50.8537431,3.1516535,22.788,0.84,-0.83,-0.34,2.445,3.884,0.73,26
$GNSS,2024-08-03T09:22:27.000Z,50.8537441,3.1516515,22.760,0.96,-0.82,-0.28,2.440,3.899,0.72,26
$GNSS,2024-08-03T09:22:27.200Z,50.8537454,3.1516498,22.577,1.13,-0.78,-0.28,2.433,3.914,0.70,25
$GNSS,2024-08-03T09:22:27.400Z,50.8537471,3.1516478,22.511,1.10,-0.88,-0.40,2.432,3.931,0.72,25
$GNSS,2024-08-03T09:22:27.600Z,50.8537486,3.1516455,22.436,1.04,-0.86,-0.17,2.432,3.950,0.70,25
$GNSS,2024-08-03T09:22:27.800Z,50.8537502,3.1516430,22.194,1.02,-1.00,0.12,2.433,3.971,0.71,25
$GNSS,2024-08-03T09:22:28.000Z,50.8537512,3.1516405,21.947,0.70,-0.93,0.40,2.429,3.987,0.74,25
$GNSS,2024-08-03T09:22:28.200Z,50.8537521,3.1516382,21.656,0.79,-0.94,0.53,2.424,4.002,0.74,25
$GNSS,2024-08-03T09:22:28.400Z,50.8537535,3.1516364,21.504,0.90,-0.52,0.40,2.419,4.018,0.69,24
$GNSS,2024-08-03T09:22:28.600Z,50.8537545,3.1516344,21.478,0.72,-0.87,0.38,2.408,4.026,0.65,24
$GNSS,2024-08-03T09:22:28.800Z,50.8537554,3.1516320,21.417,0.65,-0.89,0.37,2.397,4.031,0.63,24
$GNSS,2024-08-03T09:22:29.000Z,50.8537563,3.1516299,21.329,0.67,-0.69,0.43,2.387,4.033,0.63,24
$GNSS,2024-08-03T09:22:29.200Z,50.8537575,3.1516284,21.156,0.82,-0.60,0.39,2.384,4.042,0.69,24
$GNSS,2024-08-03T09:22:29.400Z,50.8537583,3.1516266,21.020,0.46,-0.82,0.28,2.384,4.053,0.67,25
$GNSS,2024-08-03T09:22:29.600Z,50.8537591,3.1516248,20.823,0.73,-0.61,0.40,2.385,4.064,0.72,25
$GNSS,2024-08-03T09:22:29.800Z,50.8537599,3.1516232,20.593,0.58,-0.77,0.24,2.384,4.074,0.67,25
$GNSS,2024-08-03T09:22:30.000Z,50.8537609,3.1516218,20.473,0.85,-0.51,0.00,2.382,4.084,0.66,25
$GNSS,2024-08-03T09:22:30.200Z,50.8537617,3.1516201,20.401,0.66,-0.72,0.16,2.380,4.094,0.70,24
$GNSS,2024-08-03T09:22:30.400Z,50.8537624,3.1516184,20.380,0.60,-0.67,0.00,2.379,4.105,0.73,24
$GNSS,2024-08-03T09:22:30.600Z,50.8537628,3.1516166,20.383,0.49,-0.66,0.02,2.379,4.116,0.73,24
$GNSS,2024-08-03T09:22:30.800Z,50.8537631,3.1516150,20.317,0.42,-0.56,0.18,2.380,4.128,0.80,24
$GNSS,2024-08-03T09:22:31.000Z,50.8537636,3.1516134,20.203,0.65,-0.75,0.25,2.382,4.140,0.81,24
$GNSS,2024-08-03T09:22:31.200Z,50.8537640,3.1516119,19.999,0.34,-0.50,0.44,2.382,4.152,0.87,25
$GNSS,2024-08-03T09:22:31.400Z,50.8537643,3.1516110,19.800,0.37,-0.43,0.39,2.382,4.164,0.87,25
$GNSS,2024-08-03T09:22:31.600Z,50.8537645,3.1516101,19.739,0.35,-0.41,0.19,2.382,4.177,0.84,25
$GNSS,2024-08-03T09:22:31.800Z,50.8537645,3.1516091,19.754,0.18,-0.44,0.11,2.383,4.190,0.80,24
$GNSS,2024-08-03T09:22:32.000Z,50.8537646,3.1516081,19.663,0.34,-0.43,0.11,2.384,4.203,0.80,24
$GNSS,2024-08-03T09:22:32.200Z,50.8537649,3.1516070,19.551,0.35,-0.50,0.18,2.383,4.217,0.80,24
$GNSS,2024-08-03T09:22:32.400Z,50.8537648,3.1516060,19.493,0.04,-0.32,0.22,2.383,4.230,0.81,24
$GNSS,2024-08-03T09:22:32.600Z,50.8537649,3.1516053,19.408,0.19,-0.32,0.08,2.384,4.244,0.80,23
$GNSS,2024-08-03T09:22:32.800Z,50.8537651,3.1516049,19.391,0.16,-0.11,0.02,2.385,4.258,0.82,23
$GNSS,2024-08-03T09:22:33.000Z,50.8537654,3.1516042,19.472,0.30,-0.28,-0.06,2.385,4.274,0.82,22
$GNSS,2024-08-03T09:22:33.200Z,50.8537657,3.1516039,19.555,0.09,-0.09,-0.30,2.386,4.290,0.89,22
$GNSS,2024-08-03T09:22:33.400Z,50.8537660,3.1516038,19.507,0.31,-0.09,-0.44,2.387,4.305,0.89,22
$GNSS,2024-08-03T09:22:33.600Z,50.8537664,3.1516037,19.484,0.27,-0.02,-0.45,2.387,4.321,0.90,22
$GNSS,2024-08-03T09:22:33.800Z,50.8537666,3.1516036,19.482,0.14,0.02,-0.23,2.386,4.337,0.89,21
$GNSS,2024-08-03T09:22:34.000Z,50.8537663,3.1516036,19.424,-0.24,0.00,0.01,2.386,4.353,0.71,22
$GNSS,2024-08-03T09:22:34.200Z,50.8537660,3.1516034,19.381,-0.03,0.01,0.04,2.386,4.369,0.89,22
$GNSS,2024-08-03T09:22:34.400Z,50.8537659,3.1516034,19.276,0.01,0.03,0.09,2.385,4.384,0.79,23
$GNSS,2024-08-03T09:22:34.600Z,50.8537658,3.1516033,19.220,0.01,-0.04,0.01,2.383,4.396,0.72,23
$GNSS,2024-08-03T09:22:34.800Z,50.8537657,3.1516026,19.209,0.00,-0.24,0.22,2.381,4.407,0.79,23
$GNSS,2024-08-03T09:22:35.000Z,50.8537651,3.1516024,19.288,-0.44,0.05,0.09,2.380,4.419,0.72,23
$GNSS,2024-08-03T09:22:35.200Z,50.8537649,3.1516022,19.254,0.12,-0.17,0.05,2.379,4.432,0.76,24
$GNSS,2024-08-03T09:22:35.400Z,50.8537649,3.1516025,19.340,-0.06,0.21,-0.27,2.377,4.444,0.81,24
$GNSS,2024-08-03T09:22:35.600Z,50.8537648,3.1516028,19.362,-0.01,0.00,-0.25,2.375,4.456,0.83,24
$GNSS,2024-08-03T09:22:35.800Z,50.8537644,3.1516028,19.495,-0.08,0.06,-0.31,2.374,4.468,0.82,25
$GNSS,2024-08-03T09:22:36.000Z,50.8537641,3.1516034,19.463,0.06,0.22,-0.25,2.372,4.480,0.79,23
$GNSS,2024-08-03T09:22:36.200Z,50.8537642,3.1516037,19.396,0.18,-0.08,-0.17,2.371,4.491,0.83,23
$GNSS,2024-08-03T09:22:36.400Z,50.8537641,3.1516036,19.422,0.06,-0.11,-0.14,2.370,4.502,0.78,22
$GNSS,2024-08-03T09:22:36.600Z,50.8537638,3.1516036,19.469,-0.08,0.04,-0.03,2.369,4.513,0.74,24
$GNSS,2024-08-03T09:22:36.800Z,50.8537637,3.1516038,19.532,0.09,0.06,-0.22,2.368,4.524,0.85,24
$GNSS,2024-08-03T09:22:37.000Z,50.8537633,3.1516040,19.468,-0.10,0.00,0.00,2.368,4.535,0.68,25
$GNSS,2024-08-03T09:22:37.200Z,50.8537632,3.1516035,19.374,0.16,-0.29,0.09,2.367,4.545,0.78,25
$GNSS,2024-08-03T09:22:37.400Z,50.8537632,3.1516028,19.462,0.09,-0.17,0.11,2.367,4.555,0.80,25
$GNSS,2024-08-03T09:22:37.600Z,50.8537630,3.1516031,19.398,-0.05,0.18,-0.15,2.367,4.565,0.81,25
$GNSS,2024-08-03T09:22:37.800Z,50.8537629,3.1516034,19.462,0.07,-0.01,-0.32,2.366,4.574,0.86,25
$GNSS,2024-08-03T09:22:38.000Z,50.8537629,3.1516033,19.398,0.18,-0.13,-0.16,2.365,4.583,0.76,25
$GNSS,2024-08-03T09:22:38.200Z,50.8537629,3.1516035,19.273,0.09,0.03,-0.15,2.362,4.592,0.83,24
$GNSS,2024-08-03T09:22:38.400Z,50.8537628,3.1516040,19.119,0.02,0.21,0.00,2.360,4.601,0.56,24
$GNSS,2024-08-03T09:22:38.600Z,50.8537625,3.1516043,18.973,-0.07,0.03,0.23,2.358,4.611,0.85,24
$GNSS,2024-08-03T09:22:38.800Z,50.8537621,3.1516049,18.720,-0.11,0.21,0.25,2.357,4.619,0.75,24
$GNSS,2024-08-03T09:22:39.000Z,50.8537619,3.1516052,18.605,0.03,0.02,0.26,2.356,4.626,0.82,22
$GNSS,2024-08-03T09:22:39.200Z,50.8537618,3.1516053,18.565,-0.01,0.10,0.30,2.355,4.629,0.80,23
$GNSS,2024-08-03T09:22:39.400Z,50.8537615,3.1516056,18.480,-0.03,0.16,0.35,2.354,4.629,0.78,23
$GNSS,2024-08-03T09:22:39.600Z,50.8537613,3.1516061,18.245,0.01,0.10,0.29,2.354,4.630,0.81,23
$GNSS,2024-08-03T09:22:39.800Z,50.8537613,3.1516060,18.150,0.16,-0.19,0.25,2.355,4.631,0.83,24
$GNSS,2024-08-03T09:22:40.000Z,50.8537615,3.1516055,18.112,0.26,-0.22,0.14,2.356,4.630,0.80,24
$GNSS,2024-08-03T09:22:40.200Z,50.8537619,3.1516048,18.071,0.29,-0.27,0.27,2.358,4.630,0.84,25
$GNSS,2024-08-03T09:22:40.400Z,50.8537618,3.1516044,18.047,-0.01,-0.09,0.36,2.360,4.633,0.87,26
$GNSS,2024-08-03T09:22:40.600Z,50.8537613,3.1516047,18.001,-0.33,0.19,0.41,2.364,4.635,0.88,26
$GNSS,2024-08-03T09:22:40.800Z,50.8537606,3.1516055,17.998,-0.31,0.29,0.20,2.367,4.636,0.87,26
$GNSS,2024-08-03T09:22:41.000Z,50.8537604,3.1516057,18.031,0.11,-0.11,0.04,2.369,4.638,0.83,26
$GNSS,2024-08-03T09:22:41.200Z,50.8537605,3.1516056,17.982,0.20,-0.12,0.02,2.372,4.643,0.83,26
$GNSS,2024-08-03T09:22:41.400Z,50.8537607,3.1516055,18.049,0.20,-0.12,-0.14,2.375,4.649,0.87,26
$GNSS,2024-08-03T09:22:41.600Z,50.8537607,3.1516056,18.029,0.09,0.02,0.07,2.378,4.655,0.69,25
$GNSS,2024-08-03T09:22:41.800Z,50.8537607,3.1516061,17.990,0.03,0.05,0.04,2.382,4.663,0.59,25
$GNSS,2024-08-03T09:22:42.000Z,50.8537608,3.1516062,17.909,0.12,-0.14,0.07,2.386,4.672,0.83,23
$GNSS,2024-08-03T09:22:42.200Z,50.8537611,3.1516063,17.863,0.29,-0.04,0.00,2.390,4.677,0.76,25
$GNSS,2024-08-03T09:22:42.400Z,50.8537616,3.1516064,17.783,0.34,-0.14,0.02,2.393,4.682,0.80,24
$GNSS,2024-08-03T09:22:42.600Z,50.8537624,3.1516056,17.924,0.55,-0.38,-0.04,2.396,4.688,0.86,24
$GNSS,2024-08-03T09:22:42.800Z,50.8537628,3.1516055,17.877,0.17,0.06,0.01,2.400,4.694,0.58,23
$GNSS,2024-08-03T09:22:43.000Z,50.8537634,3.1516050,17.880,0.53,-0.29,0.01,2.404,4.699,0.85,23
$GNSS,2024-08-03T09:22:43.200Z,50.8537641,3.1516049,17.756,0.35,-0.10,0.02,2.408,4.705,0.80,23
$GNSS,2024-08-03T09:22:43.400Z,50.8537646,3.1516047,17.609,0.36,-0.15,0.22,2.410,4.710,0.75,24
$GNSS,2024-08-03T09:22:43.600Z,50.8537652,3.1516040,17.579,0.33,-0.30,0.29,2.412,4.715,0.79,24
$GNSS,2024-08-03T09:22:43.800Z,50.8537658,3.1516031,17.563,0.30,-0.33,0.21,2.412,4.721,0.77,24
$GNSS,2024-08-03T09:22:44.000Z,50.8537666,3.1516017,17.560,0.56,-0.53,0.27,2.412,4.726,0.76,24
$GNSS,2024-08-03T09:22:44.200Z,50.8537678,3.1516003,17.542,0.61,-0.55,0.05,2.411,4.733,0.76,24
$GNSS,2024-08-03T09:22:44.400Z,50.8537689,3.1515988,17.647,0.53,-0.46,-0.07,2.410,4.739,0.76,25
$GNSS,2024-08-03T09:22:44.600Z,50.8537702,3.1515975,17.719,0.75,-0.45,-0.23,2.408,4.744,0.74,25
$GNSS,2024-08-03T09:22:44.800Z,50.8537716,3.1515961,17.864,0.74,-0.41,-0.13,2.407,4.751,0.74,25
$GNSS,2024-08-03T09:22:45.000Z,50.8537731,3.1515945,17.881,0.97,-0.71,-0.15,2.405,4.757,0.71,26
$GNSS,2024-08-03T09:22:45.200Z,50.8537743,3.1515931,17.778,0.57,-0.45,0.02,2.402,4.761,0.68,26
$GNSS,2024-08-03T09:22:45.400Z,50.8537755,3.1515917,17.761,0.86,-0.57,0.06,2.399,4.764,0.69,26
$GNSS,2024-08-03T09:22:45.600Z,50.8537767,3.1515904,17.689,0.77,-0.48,0.16,2.396,4.767,0.68,26
$GNSS,2024-08-03T09:22:45.800Z,50.8537782,3.1515890,17.490,1.01,-0.75,0.06,2.392,4.772,0.68,26
$GNSS,2024-08-03T09:22:46.000Z,50.8537798,3.1515873,17.454,0.90,-0.65,0.08,2.389,4.779,0.69,25
$GNSS,2024-08-03T09:22:46.200Z,50.8537812,3.1515858,17.335,0.86,-0.67,0.15,2.386,4.786,0.71,25
$GNSS,2024-08-03T09:22:46.400Z,50.8537828,3.1515840,17.109,1.02,-0.85,0.24,2.384,4.795,0.70,24
$GNSS,2024-08-03T09:22:46.600Z,50.8537846,3.1515822,16.980,1.02,-0.76,0.15,2.382,4.805,0.73,24
$GNSS,2024-08-03T09:22:46.800Z,50.8537863,3.1515807,16.824,1.04,-0.61,0.23,2.380,4.813,0.71,25
$GNSS,2024-08-03T09:22:47.000Z,50.8537881,3.1515790,16.734,0.97,-0.72,0.40,2.378,4.822,0.69,25
$GNSS,2024-08-03T09:22:47.200Z,50.8537900,3.1515766,16.753,1.11,-0.92,0.48,2.377,4.832,0.72,24
$GNSS,2024-08-03T09:22:47.400Z,50.8537918,3.1515744,16.670,1.03,-0.89,0.46,2.376,4.841,0.72,24
$GNSS,2024-08-03T09:22:47.600Z,50.8537941,3.1515718,16.740,1.35,-0.87,0.61,2.376,4.849,0.78,22
$GNSS,2024-08-03T09:22:47.800Z,50.8537963,3.1515693,16.802,1.16,-1.03,0.33,2.377,4.866,0.84,23
$GNSS,2024-08-03T09:22:48.000Z,50.8537981,3.1515670,16.832,0.98,-0.78,0.35,2.379,4.886,0.83,23
$GNSS,2024-08-03T09:22:48.200Z,50.8537998,3.1515651,16.839,0.98,-0.78,0.07,2.382,4.905,0.85,23
$GNSS,2024-08-03T09:22:48.400Z,50.8538017,3.1515627,16.838,1.23,-0.98,0.07,2.386,4.926,0.83,23
$GNSS,2024-08-03T09:22:48.600Z,50.8538041,3.1515600,16.793,1.48,-1.05,0.14,2.389,4.946,0.80,23
$GNSS,2024-08-03T09:22:48.800Z,50.8538064,3.1515571,16.767,1.33,-1.18,0.06,2.393,4.966,0.80,23
$GNSS,2024-08-03T09:22:49.000Z,50.8538083,3.1515542,16.808,1.01,-1.04,-0.01,2.396,4.984,0.79,23
$GNSS,2024-08-03T09:22:49.200Z,50.8538100,3.1515516,16.746,1.09,-0.97,0.01,2.400,5.005,0.82,23
$GNSS,2024-08-03T09:22:49.400Z,50.8538119,3.1515489,16.799,1.16,-1.04,-0.09,2.405,5.031,0.80,23
$GNSS,2024-08-03T09:22:49.600Z,50.8538142,3.1515458,16.811,1.44,-1.30,-0.28,2.411,5.056,0.80,23
$GNSS,2024-08-03T09:22:49.800Z,50.8538169,3.1515417,16.866,1.71,-1.57,-0.18,2.418,5.081,0.86,23
$GNSS,2024-08-03T09:22:50.000Z,50.8538197,3.1515377,16.956,1.61,-1.40,-0.28,2.425,5.109,0.88,24
$GNSS,2024-08-03T09:22:50.200Z,50.8538228,3.1515343,17.078,1.85,-1.27,-0.55,2.434,5.137,0.88,24
$GNSS,2024-08-03T09:22:50.400Z,50.8538254,3.1515309,17.087,1.39,-1.28,-0.50,2.442,5.165,0.88,24
$GNSS,2024-08-03T09:22:50.600Z,50.8538274,3.1515273,16.887,1.15,-1.22,0.02,2.449,5.186,0.87,24
$GNSS,2024-08-03T09:22:50.800Z,50.8538296,3.1515244,16.865,1.32,-1.04,-0.17,2.455,5.211,0.86,23
$GNSS,2024-08-03T09:22:51.000Z,50.8538321,3.1515210,16.938,1.53,-1.25,-0.16,2.461,5.228,0.82,23
$GNSS,2024-08-03T09:22:51.200Z,50.8538347,3.1515176,17.066,1.43,-1.16,-0.25,2.466,5.234,0.79,23
$GNSS,2024-08-03T09:22:51.400Z,50.8538372,3.1515142,17.202,1.45,-1.19,-0.45,2.469,5.241,0.79,23
$GNSS,2024-08-03T09:22:51.600Z,50.8538397,3.1515107,17.134,1.39,-1.34,-0.34,2.473,5.255,0.84,23
$GNSS,2024-08-03T09:22:51.800Z,50.8538426,3.1515071,17.177,1.64,-1.43,-0.64,2.478,5.269,0.82,22
$GNSS,2024-08-03T09:22:52.000Z,50.8538452,3.1515026,17.148,1.41,-1.67,-0.43,2.482,5.281,0.78,23
$GNSS,2024-08-03T09:22:52.200Z,50.8538479,3.1514979,17.148,1.52,-1.69,-0.48,2.485,5.298,0.79,23
$GNSS,2024-08-03T09:22:52.400Z,50.8538505,3.1514928,17.186,1.47,-1.83,-0.34,2.490,5.317,0.80,23
$GNSS,2024-08-03T09:22:52.600Z,50.8538530,3.1514873,17.198,1.40,-1.89,-0.15,2.496,5.337,0.80,23
$GNSS,2024-08-03T09:22:52.800Z,50.8538560,3.1514821,17.214,1.78,-1.86,-0.24,2.502,5.357,0.81,23
$GNSS,2024-08-03T09:22:53.000Z,50.8538593,3.1514770,17.270,1.81,-1.95,-0.55,2.507,5.378,0.82,23
$GNSS,2024-08-03T09:22:53.200Z,50.8538618,3.1514725,17.363,1.29,-1.30,-0.43,2.514,5.402,0.85,23
$GNSS,2024-08-03T09:22:53.400Z,50.8538643,3.1514689,17.512,1.50,-1.22,-0.57,2.519,5.425,0.84,23
$GNSS,2024-08-03T09:22:53.600Z,50.8538670,3.1514651,17.709,1.49,-1.33,-0.70,2.524,5.451,0.83,23
$GNSS,2024-08-03T09:22:53.800Z,50.8538694,3.1514617,17.784,1.30,-1.24,-0.75,2.530,5.478,0.86,22
$GNSS,2024-08-03T09:22:54.000Z,50.8538718,3.1514584,18.010,1.32,-1.23,-0.98,2.536,5.504,0.88,22
$GNSS,2024-08-03T09:22:54.200Z,50.8538740,3.1514550,18.064,1.30,-1.16,-0.78,2.543,5.526,0.85,22
$GNSS,2024-08-03T09:22:54.400Z,50.8538763,3.1514508,18.178,1.34,-1.52,-0.55,2.549,5.547,0.81,22
$GNSS,2024-08-03T09:22:54.600Z,50.8538784,3.1514454,18.233,1.15,-2.05,-0.34,2.555,5.568,0.80,22
$GNSS,2024-08-03T09:22:54.800Z,50.8538804,3.1514391,18.413,1.15,-2.23,-0.34,2.561,5.592,0.79,22
$GNSS,2024-08-03T09:22:55.000Z,50.8538824,3.1514331,18.456,1.10,-1.96,-0.12,2.567,5.617,0.79,22
$GNSS,2024-08-03T09:22:55.200Z,50.8538843,3.1514281,18.234,1.16,-2.10,-0.21,2.574,5.639,0.78,22
$GNSS,2024-08-03T09:22:55.400Z,50.8538864,3.1514230,18.412,1.16,-1.70,-0.55,2.578,5.656,0.75,22
$GNSS,2024-08-03T09:22:55.600Z,50.8538885,3.1514183,18.396,1.14,-1.78,-0.56,2.580,5.661,0.72,23
$GNSS,2024-08-03T09:22:55.800Z,50.8538906,3.1514125,18.447,1.17,-2.09,-0.39,2.580,5.660,0.68,23
$GNSS,2024-08-03T09:22:56.000Z,50.8538927,3.1514061,18.545,1.11,-2.15,-0.22,2.578,5.661,0.67,23
$GNSS,2024-08-03T09:22:56.200Z,50.8538947,3.1513997,18.437,1.14,-2.32,-0.01,2.577,5.665,0.69,23
$GNSS,2024-08-03T09:22:56.400Z,50.8538964,3.1513935,18.517,0.79,-2.05,-0.30,2.577,5.672,0.70,23
$GNSS,2024-08-03T09:22:56.600Z,50.8538980,3.1513877,18.630,0.93,-2.02,-0.53,2.578,5.680,0.69,23
$GNSS,2024-08-03T09:22:56.800Z,50.8538992,3.1513820,18.649,0.51,-2.07,-0.63,2.578,5.686,0.73,23
$GNSS,2024-08-03T09:22:57.000Z,50.8539002,3.1513751,18.714,0.64,-2.42,-0.21,2.577,5.694,0.69,23
$GNSS,2024-08-03T09:22:57.200Z,50.8539013,3.1513688,18.898,0.64,-2.08,-0.57,2.578,5.700,0.72,23
$GNSS,2024-08-03T09:22:57.400Z,50.8539025,3.1513626,19.071,0.69,-2.05,-0.59,2.577,5.697,0.69,24
$GNSS,2024-08-03T09:22:57.600Z,50.8539039,3.1513576,18.989,0.85,-1.73,-0.56,2.576,5.694,0.66,24
$GNSS,2024-08-03T09:22:57.800Z,50.8539056,3.1513528,19.127,0.88,-1.53,-0.68,2.571,5.686,0.65,24
$GNSS,2024-08-03T09:22:58.000Z,50.8539074,3.1513479,19.193,0.98,-1.72,-0.59,2.567,5.676,0.62,24
$GNSS,2024-08-03T09:22:58.200Z,50.8539089,3.1513425,19.299,0.77,-1.85,-0.52,2.564,5.657,0.63,25
$GNSS,2024-08-03T09:22:58.400Z,50.8539101,3.1513371,19.461,0.52,-1.82,-0.69,2.561,5.639,0.63,25
$GNSS,2024-08-03T09:22:58.600Z,50.8539110,3.1513316,19.611,0.46,-1.96,-0.77,2.559,5.622,0.66,25
$GNSS,2024-08-03T09:22:58.800Z,50.8539120,3.1513257,19.621,0.41,-2.07,-0.63,2.558,5.607,0.67,25
$GNSS,2024-08-03T09:22:59.000Z,50.8539133,3.1513197,19.587,0.55,-1.94,-0.16,2.556,5.587,0.63,25
$GNSS,2024-08-03T09:22:59.200Z,50.8539143,3.1513131,19.597,0.34,-2.27,-0.06,2.551,5.567,0.66,25
$GNSS,2024-08-03T09:22:59.400Z,50.8539145,3.1513056,19.460,-0.06,-2.70,0.32,2.547,5.547,0.72,25
$GNSS,2024-08-03T09:22:59.600Z,50.8539145,3.1512986,19.336,-0.14,-2.27,0.37,2.543,5.526,0.77,24
$GNSS,2024-08-03T09:22:59.800Z,50.8539149,3.1512922,19.473,0.18,-2.14,-0.07,2.536,5.503,0.66,24
$GNSS,2024-08-03T09:23:00.000Z,50.8539151,3.1512859,19.699,-0.01,-2.11,-0.25,2.531,5.481,0.67,24
$GNSS,2024-08-03T09:23:00.200Z,50.8539149,3.1512795,19.652,-0.09,-2.27,-0.13,2.528,5.464,0.70,25
$GNSS,2024-08-03T09:23:00.400Z,50.8539143,3.1512723,19.389,-0.57,-2.58,0.30,2.526,5.449,0.80,25
$GNSS,2024-08-03T09:23:00.600Z,50.8539135,3.1512657,19.265,-0.47,-2.23,-0.01,2.525,5.436,0.77,25
$GNSS,2024-08-03T09:23:00.800Z,50.8539126,3.1512592,19.249,-0.32,-2.34,-0.06,2.526,5.418,0.74,26
$GNSS,2024-08-03T09:23:01.000Z,50.8539120,3.1512522,19.191,-0.34,-2.27,0.06,2.521,5.387,0.73,26
$GNSS,2024-08-03T09:23:01.200Z,50.8539115,3.1512460,18.997,-0.41,-2.02,0.10,2.512,5.357,0.74,26
$GNSS,2024-08-03T09:23:01.400Z,50.8539106,3.1512402,19.033,-0.50,-1.89,-0.02,2.506,5.324,0.75,26
$GNSS,2024-08-03T09:23:01.600Z,50.8539100,3.1512347,19.018,-0.43,-1.77,-0.30,2.501,5.293,0.75,26
$GNSS,2024-08-03T09:23:01.800Z,50.8539096,3.1512296,18.949,-0.32,-1.59,-0.26,2.496,5.263,0.73,26
$GNSS,2024-08-03T09:23:02.000Z,50.8539088,3.1512247,18.962,-0.65,-1.57,-0.40,2.493,5.242,0.77,26
$GNSS,2024-08-03T09:23:02.200Z,50.8539081,3.1512197,18.936,-0.43,-1.58,-0.20,2.489,5.220,0.75,26
$GNSS,2024-08-03T09:23:02.400Z,50.8539072,3.1512148,18.981,-0.48,-1.69,-0.32,2.485,5.200,0.74,26
$GNSS,2024-08-03T09:23:02.600Z,50.8539063,3.1512100,19.088,-0.41,-1.61,-0.27,2.481,5.174,0.69,25
$GNSS,2024-08-03T09:23:02.800Z,50.8539052,3.1512059,19.344,-0.55,-1.51,-0.28,2.478,5.148,0.75,25
$GNSS,2024-08-03T09:23:03.000Z,50.8539039,3.1512018,19.424,-0.77,-1.49,-0.13,2.478,5.129,0.79,27
$GNSS,2024-08-03T09:23:03.200Z,50.8539024,3.1511977,19.532,-0.81,-1.48,-0.31,2.480,5.114,0.86,27
$GNSS,2024-08-03T09:23:03.400Z,50.8539011,3.1511926,19.587,-0.69,-1.90,-0.54,2.483,5.097,0.86,26
$GNSS,2024-08-03T09:23:03.600Z,50.8538998,3.1511879,19.636,-0.69,-1.51,-0.35,2.488,5.077,0.88,27
$GNSS,2024-08-03T09:23:03.800Z,50.8538985,3.1511842,19.808,-0.53,-1.17,-0.22,2.491,5.056,0.85,27
$GNSS,2024-08-03T09:23:04.000Z,50.8538975,3.1511817,19.881,-0.49,-0.63,-0.20,2.494,5.036,0.88,27
$GNSS,2024-08-03T09:23:04.200Z,50.8538966,3.1511795,20.046,-0.46,-0.74,-0.42,2.495,5.026,0.86,27
$GNSS,2024-08-03T09:23:04.400Z,50.8538962,3.1511775,20.098,-0.32,-0.56,-0.25,2.495,5.016,0.83,27
$GNSS,2024-08-03T09:23:04.600Z,50.8538959,3.1511758,20.161,-0.17,-0.52,-0.20,2.494,5.002,0.83,27
$GNSS,2024-08-03T09:23:04.800Z,50.8538957,3.1511735,20.167,-0.36,-0.88,-0.15,2.493,4.984,0.81,26
$GNSS,2024-08-03T09:23:05.000Z,50.8538955,3.1511714,20.216,-0.22,-0.65,-0.17,2.493,4.965,0.81,25
$GNSS,2024-08-03T09:23:05.200Z,50.8538950,3.1511696,20.376,-0.43,-0.53,-0.10,2.494,4.944,0.85,25
$GNSS,2024-08-03T09:23:05.400Z,50.8538945,3.1511682,20.465,-0.34,-0.48,-0.02,2.494,4.924,0.84,25
$GNSS,2024-08-03T09:23:05.600Z,50.8538941,3.1511672,20.592,-0.24,-0.30,-0.15,2.492,4.903,0.82,26
$GNSS,2024-08-03T09:23:05.800Z,50.8538945,3.1511664,20.670,0.09,-0.20,-0.29,2.489,4.882,0.74,26
$GNSS,2024-08-03T09:23:06.000Z,50.8538949,3.1511655,20.695,-0.10,-0.31,-0.23,2.484,4.859,0.71,26
$GNSS,2024-08-03T09:23:06.200Z,50.8538948,3.1511653,20.849,-0.03,-0.02,0.04,2.479,4.837,0.75,26
$GNSS,2024-08-03T09:23:06.400Z,50.8538950,3.1511646,20.816,-0.23,-0.34,-0.05,2.474,4.815,0.67,26
$GNSS,2024-08-03T09:23:06.600Z,50.8538953,3.1511636,20.699,-0.12,-0.23,0.19,2.468,4.792,0.72,26
$GNSS,2024-08-03T09:23:06.800Z,50.8538952,3.1511630,20.709,-0.33,-0.19,0.22,2.463,4.770,0.71,26
$GNSS,2024-08-03T09:23:07.000Z,50.8538951,3.1511627,20.737,-0.19,-0.05,0.17,2.457,4.748,0.73,26
$GNSS,2024-08-03T09:23:07.200Z,50.8538951,3.1511622,20.770,-0.21,-0.13,-0.07,2.450,4.726,0.68,26
$GNSS,2024-08-03T09:23:07.400Z,50.8538951,3.1511615,20.774,-0.20,-0.17,-0.18,2.443,4.702,0.73,26
$GNSS,2024-08-03T09:23:07.600Z,50.8538949,3.1511613,20.814,-0.21,-0.10,-0.01,2.437,4.679,0.68,26
$GNSS,2024-08-03T09:23:07.800Z,50.8538950,3.1511607,20.814,-0.02,-0.26,-0.15,2.430,4.654,0.60,26
$GNSS,2024-08-03T09:23:08.000Z,50.8538952,3.1511605,20.783,0.03,-0.01,-0.02,2.424,4.629,0.48,26
$GNSS,2024-08-03T09:23:08.200Z,50.8538950,3.1511611,20.871,-0.04,0.02,0.05,2.418,4.605,0.63,25
$GNSS,2024-08-03T09:23:08.400Z,50.8538951,3.1511612,20.830,-0.06,0.00,-0.14,2.411,4.580,0.78,25
$GNSS,2024-08-03T09:23:08.600Z,50.8538952,3.1511613,20.861,0.04,-0.08,-0.15,2.404,4.557,0.68,26
$GNSS,2024-08-03T09:23:08.800Z,50.8538954,3.1511613,20.881,0.03,0.00,-0.09,2.398,4.533,0.72,26
$GNSS,2024-08-03T09:23:09.000Z,50.8538956,3.1511613,20.856,-0.03,-0.02,0.00,2.392,4.509,0.64,26
$GNSS,2024-08-03T09:23:09.200Z,50.8538957,3.1511614,20.827,-0.08,0.00,0.10,2.385,4.485,0.64,26
$GNSS,2024-08-03T09:23:09.400Z,50.8538958,3.1511617,20.827,0.07,0.10,0.06,2.379,4.462,0.66,26
$GNSS,2024-08-03T09:23:09.600Z,50.8538962,3.1511621,20.806,0.07,0.19,0.01,2.373,4.439,0.55,26
$GNSS,2024-08-03T09:23:09.800Z,50.8538964,3.1511626,20.855,0.03,0.09,-0.10,2.367,4.417,0.64,26
$GNSS,2024-08-03T09:23:10.000Z,50.8538966,3.1511628,20.865,0.00,0.07,-0.27,2.361,4.396,0.73,26
$GNSS,2024-08-03T09:23:10.200Z,50.8538967,3.1511629,20.841,-0.09,0.03,-0.14,2.356,4.375,0.71,26
$GNSS,2024-08-03T09:23:10.400Z,50.8538969,3.1511629,20.762,0.01,0.07,-0.09,2.350,4.355,0.65,27
$GNSS,2024-08-03T09:23:10.600Z,50.8538970,3.1511630,20.788,0.02,-0.04,-0.24,2.345,4.336,0.74,27
$GNSS,2024-08-03T09:23:10.800Z,50.8538970,3.1511628,20.821,-0.15,-0.19,-0.07,2.340,4.319,0.65,27
$GNSS,2024-08-03T09:23:11.000Z,50.8538969,3.1511626,20.773,-0.09,-0.06,0.13,2.335,4.301,0.67,27
$GNSS,2024-08-03T09:23:11.200Z,50.8538968,3.1511626,20.814,-0.10,-0.11,0.05,2.330,4.284,0.63,27
$GNSS,2024-08-03T09:23:11.400Z,50.8538967,3.1511621,20.798,-0.09,-0.28,-0.03,2.325,4.268,0.56,27
$GNSS,2024-08-03T09:23:11.600Z,50.8538966,3.1511613,20.785,-0.18,-0.29,-0.03,2.321,4.252,0.63,27
$GNSS,2024-08-03T09:23:11.800Z,50.8538963,3.1511603,20.761,-0.22,-0.41,0.04,2.316,4.236,0.58,27
$GNSS,2024-08-03T09:23:12.000Z,50.8538960,3.1511595,20.771,-0.20,-0.29,0.04,2.312,4.220,0.59,27
$GNSS,2024-08-03T09:23:12.200Z,50.8538957,3.1511587,20.753,-0.31,-0.39,0.10,2.308,4.207,0.61,27
$GNSS,2024-08-03T09:23:12.400Z,50.8538953,3.1511579,20.754,-0.26,-0.34,0.19,2.304,4.194,0.62,27
$GNSS,2024-08-03T09:23:12.600Z,50.8538948,3.1511573,20.772,-0.38,-0.28,0.00,2.299,4.181,0.64,27
$GNSS,2024-08-03T09:23:12.800Z,50.8538943,3.1511563,20.826,-0.40,-0.50,-0.21,2.296,4.170,0.67,27
$GNSS,2024-08-03T09:23:13.000Z,50.8538936,3.1511551,20.849,-0.53,-0.51,-0.12,2.293,4.160,0.67,27
$GNSS,2024-08-03T09:23:13.200Z,50.8538928,3.1511533,20.796,-0.68,-0.63,-0.22,2.291,4.151,0.70,27
$GNSS,2024-08-03T09:23:13.400Z,50.8538919,3.1511516,20.779,-0.69,-0.63,-0.01,2.289,4.143,0.69,26
$GNSS,2024-08-03T09:23:13.600Z,50.8538907,3.1511500,20.791,-0.75,-0.64,-0.11,2.288,4.137,0.68,26
$GNSS,2024-08-03T09:23:13.800Z,50.8538898,3.1511486,20.790,-0.59,-0.57,-0.02,2.286,4.130,0.66,26
$GNSS,2024-08-03T09:23:14.000Z,50.8538885,3.1511467,20.762,-0.97,-0.77,-0.06,2.284,4.123,0.66,26
$GNSS,2024-08-03T09:23:14.200Z,50.8538871,3.1511443,20.655,-0.92,-0.89,0.17,2.282,4.117,0.65,26
$GNSS,2024-08-03T09:23:14.400Z,50.8538859,3.1511423,20.631,-0.76,-0.77,0.15,2.280,4.111,0.65,26
$GNSS,2024-08-03T09:23:14.600Z,50.8538845,3.1511403,20.612,-0.93,-0.88,0.24,2.278,4.104,0.66,26
$GNSS,2024-08-03T09:23:14.800Z,50.8538830,3.1511382,20.631,-0.99,-0.88,-0.06,2.276,4.097,0.66,26
$GNSS,2024-08-03T09:23:15.000Z,50.8538815,3.1511355,20.637,-1.08,-1.06,-0.20,2.273,4.090,0.66,26
$GNSS,2024-08-03T09:23:15.200Z,50.8538798,3.1511325,20.588,-1.18,-1.14,-0.03,2.271,4.085,0.65,26
$GNSS,2024-08-03T09:23:15.400Z,50.8538780,3.1511290,20.461,-1.14,-1.24,0.16,2.269,4.079,0.65,26
$GNSS,2024-08-03T09:23:15.600Z,50.8538763,3.1511257,20.373,-1.23,-1.15,0.14,2.267,4.074,0.64,26
$GNSS,2024-08-03T09:23:15.800Z,50.8538743,3.1511222,20.279,-1.34,-1.30,0.18,2.264,4.068,0.65,26
$GNSS,2024-08-03T09:23:16.000Z,50.8538721,3.1511188,20.268,-1.47,-1.29,0.06,2.262,4.062,0.65,26
$GNSS,2024-08-03T09:23:16.200Z,50.8538698,3.1511149,20.181,-1.48,-1.36,-0.04,2.260,4.059,0.65,26
$GNSS,2024-08-03T09:23:16.400Z,50.8538675,3.1511112,20.105,-1.49,-1.38,0.16,2.258,4.057,0.65,26
$GNSS,2024-08-03T09:23:16.600Z,50.8538651,3.1511070,19.971,-1.52,-1.41,0.23,2.256,4.055,0.66,26
$GNSS,2024-08-03T09:23:16.800Z,50.8538626,3.1511029,19.841,-1.56,-1.39,0.22,2.255,4.055,0.67,26
$GNSS,2024-08-03T09:23:17.000Z,50.8538599,3.1510987,19.774,-1.59,-1.56,0.06,2.254,4.057,0.74,26
$GNSS,2024-08-03T09:23:17.200Z,50.8538571,3.1510936,19.648,-1.78,-1.77,0.08,2.255,4.059,0.75,26
$GNSS,2024-08-03T09:23:17.400Z,50.8538545,3.1510891,19.600,-1.47,-1.46,-0.02,2.257,4.062,0.76,26
$GNSS,2024-08-03T09:23:17.600Z,50.8538520,3.1510848,19.555,-1.43,-1.45,-0.14,2.261,4.065,0.79,26
$GNSS,2024-08-03T09:23:17.800Z,50.8538494,3.1510801,19.463,-1.51,-1.53,-0.11,2.265,4.068,0.80,27
$GNSS,2024-08-03T09:23:18.000Z,50.8538467,3.1510746,19.238,-1.63,-1.76,0.14,2.270,4.069,0.77,27
$GNSS,2024-08-03T09:23:18.200Z,50.8538438,3.1510697,19.170,-1.55,-1.66,0.17,2.275,4.068,0.79,27
$GNSS,2024-08-03T09:23:18.400Z,50.8538413,3.1510662,19.128,-1.18,-1.26,0.65,2.280,4.065,0.79,27
$GNSS,2024-08-03T09:23:18.600Z,50.8538391,3.1510625,19.023,-1.26,-1.31,0.50,2.285,4.064,0.81,27
$GNSS,2024-08-03T09:23:18.800Z,50.8538366,3.1510581,18.906,-1.35,-1.48,0.28,2.289,4.062,0.76,28
$GNSS,2024-08-03T09:23:19.000Z,50.8538343,3.1510546,18.977,-1.21,-1.27,0.02,2.295,4.061,0.82,26
$GNSS,2024-08-03T09:23:19.200Z,50.8538321,3.1510505,18.801,-1.41,-1.35,0.38,2.301,4.057,0.79,26
$GNSS,2024-08-03T09:23:19.400Z,50.8538297,3.1510462,18.664,-1.33,-1.44,0.34,2.304,4.054,0.77,27
$GNSS,2024-08-03T09:23:19.600Z,50.8538275,3.1510425,18.597,-1.08,-1.25,0.35,2.308,4.053,0.79,27
$GNSS,2024-08-03T09:23:19.800Z,50.8538249,3.1510392,18.683,-1.40,-1.35,0.28,2.312,4.051,0.78,26
$GNSS,2024-08-03T09:23:20.000Z,50.8538224,3.1510356,18.719,-1.20,-1.29,0.06,2.315,4.050,0.78,27
$GNSS,2024-08-03T09:23:20.200Z,50.8538201,3.1510320,18.629,-1.29,-1.18,0.40,2.319,4.048,0.77,27
$GNSS,2024-08-03T09:23:20.400Z,50.8538184,3.1510280,18.371,-0.98,-1.10,0.32,2.322,4.046,0.78,26
$GNSS,2024-08-03T09:23:20.600Z,50.8538162,3.1510240,18.277,-1.45,-1.50,0.22,2.324,4.043,0.74,26
$GNSS,2024-08-03T09:23:20.800Z,50.8538138,3.1510195,18.182,-1.34,-1.51,0.16,2.325,4.038,0.73,26
$GNSS,2024-08-03T09:23:21.000Z,50.8538116,3.1510153,18.129,-1.20,-1.47,0.17,2.325,4.034,0.72,26
$GNSS,2024-08-03T09:23:21.200Z,50.8538089,3.1510114,18.157,-1.64,-1.44,0.09,2.326,4.030,0.75,26
$GNSS,2024-08-03T09:23:21.400Z,50.8538057,3.1510071,18.226,-1.76,-1.62,-0.24,2.326,4.024,0.72,26
$GNSS,2024-08-03T09:23:21.600Z,50.8538025,3.1510028,18.311,-1.84,-1.61,-0.25,2.325,4.019,0.71,26
$GNSS,2024-08-03T09:23:21.800Z,50.8537994,3.1509988,18.329,-1.75,-1.35,-0.14,2.324,4.014,0.68,26
$GNSS,2024-08-03T09:23:22.000Z,50.8537963,3.1509943,18.258,-1.76,-1.66,-0.08,2.322,4.011,0.68,26
$GNSS,2024-08-03T09:23:22.200Z,50.8537934,3.1509897,18.232,-1.67,-1.55,-0.08,2.321,4.008,0.67,26
$GNSS,2024-08-03T09:23:22.400Z,50.8537905,3.1509853,18.197,-1.67,-1.54,-0.03,2.320,4.005,0.70,26
$GNSS,2024-08-03T09:23:22.600Z,50.8537875,3.1509809,18.162,-1.81,-1.54,0.04,2.320,4.000,0.69,26
$GNSS,2024-08-03T09:23:22.800Z,50.8537841,3.1509763,18.178,-1.94,-1.74,-0.10,2.320,3.996,0.71,26
$GNSS,2024-08-03T09:23:23.000Z,50.8537812,3.1509716,18.123,-1.60,-1.51,-0.13,2.320,3.991,0.73,26
$GNSS,2024-08-03T09:23:23.200Z,50.8537781,3.1509671,18.129,-1.82,-1.64,-0.07,2.320,3.987,0.73,26
$GNSS,2024-08-03T09:23:23.400Z,50.8537749,3.1509621,18.014,-1.89,-1.78,0.22,2.320,3.983,0.70,26
$GNSS,2024-08-03T09:23:23.600Z,50.8537713,3.1509567,17.974,-2.13,-1.96,0.04,2.320,3.977,0.71,26
$GNSS,2024-08-03T09:23:23.800Z,50.8537673,3.1509512,17.976,-2.31,-1.98,0.05,2.321,3.974,0.74,26
$GNSS,2024-08-03T09:23:24.000Z,50.8537636,3.1509459,17.897,-2.04,-1.80,0.20,2.321,3.971,0.74,26
$GNSS,2024-08-03T09:23:24.200Z,50.8537599,3.1509406,17.851,-2.16,-1.91,0.08,2.323,3.970,0.77,26
$GNSS,2024-08-03T09:23:24.400Z,50.8537563,3.1509352,17.777,-2.06,-1.81,0.07,2.326,3.969,0.75,26
$GNSS,2024-08-03T09:23:24.600Z,50.8537524,3.1509299,17.730,-2.22,-1.93,0.08,2.327,3.968,0.78,26
$GNSS,2024-08-03T09:23:24.800Z,50.8537487,3.1509242,17.623,-2.03,-1.89,0.04,2.329,3.969,0.77,25
$GNSS,2024-08-03T09:23:25.000Z,50.8537450,3.1509185,17.503,-2.15,-1.99,0.19,2.331,3.969,0.74,25
$GNSS,2024-08-03T09:23:25.200Z,50.8537412,3.1509121,17.388,-2.24,-2.15,-0.01,2.332,3.972,0.76,25
$GNSS,2024-08-03T09:23:25.400Z,50.8537372,3.1509061,17.397,-2.25,-2.13,-0.05,2.333,3.976,0.75,25
$GNSS,2024-08-03T09:23:25.600Z,50.8537331,3.1509001,17.345,-2.35,-2.11,0.08,2.334,3.979,0.73,25
$GNSS,2024-08-03T09:23:25.800Z,50.8537291,3.1508944,17.364,-2.13,-2.02,0.03,2.334,3.983,0.74,25
$GNSS,2024-08-03T09:23:26.000Z,50.8537252,3.1508886,17.316,-2.30,-2.08,0.13,2.334,3.983,0.72,25
$GNSS,2024-08-03T09:23:26.200Z,50.8537210,3.1508829,17.267,-2.33,-1.98,0.32,2.334,3.984,0.70,25
$GNSS,2024-08-03T09:23:26.400Z,50.8537166,3.1508772,17.195,-2.48,-2.02,0.27,2.332,3.984,0.68,25
$GNSS,2024-08-03T09:23:26.600Z,50.8537120,3.1508707,17.158,-2.60,-2.39,0.07,2.331,3.984,0.68,26
$GNSS,2024-08-03T09:23:26.800Z,50.8537074,3.1508640,17.110,-2.50,-2.26,0.05,2.329,3.983,0.66,26
$GNSS,2024-08-03T09:23:27.000Z,50.8537030,3.1508569,17.018,-2.42,-2.42,-0.08,2.327,3.982,0.66,26
$GNSS,2024-08-03T09:23:27.200Z,50.8536985,3.1508498,16.933,-2.54,-2.43,0.05,2.325,3.981,0.65,26
$GNSS,2024-08-03T09:23:27.400Z,50.8536940,3.1508429,16.846,-2.50,-2.38,0.11,2.324,3.980,0.67,26
$GNSS,2024-08-03T09:23:27.600Z,50.8536896,3.1508356,16.812,-2.50,-2.61,-0.01,2.324,3.980,0.67,26
$GNSS,2024-08-03T09:23:27.800Z,50.8536850,3.1508280,16.730,-2.62,-2.67,0.06,2.325,3.980,0.66,26
$GNSS,2024-08-03T09:23:28.000Z,50.8536803,3.1508203,16.705,-2.64,-2.69,0.03,2.325,3.979,0.66,26
$GNSS,2024-08-03T09:23:28.200Z,50.8536755,3.1508125,16.643,-2.75,-2.73,0.11,2.325,3.977,0.66,26
$GNSS,2024-08-03T09:23:28.400Z,50.8536703,3.1508045,16.601,-2.90,-2.90,0.20,2.325,3.976,0.66,26
$GNSS,2024-08-03T09:23:28.600Z,50.8536650,3.1507965,16.594,-2.87,-2.80,0.20,2.325,3.974,0.66,26
$GNSS,2024-08-03T09:23:28.800Z,50.8536598,3.1507883,16.610,-2.86,-2.89,-0.10,2.323,3.970,0.66,27
$GNSS,2024-08-03T09:23:29.000Z,50.8536544,3.1507802,16.675,-3.08,-2.90,-0.02,2.322,3.967,0.66,26
$GNSS,2024-08-03T09:23:29.200Z,50.8536490,3.1507724,16.723,-2.98,-2.68,-0.01,2.321,3.965,0.67,26
$GNSS,2024-08-03T09:23:29.400Z,50.8536434,3.1507643,16.764,-3.12,-2.98,-0.09,2.320,3.962,0.66,26
$GNSS,2024-08-03T09:23:29.600Z,50.8536378,3.1507558,16.716,-3.20,-2.98,0.20,2.320,3.960,0.66,27
$GNSS,2024-08-03T09:23:29.800Z,50.8536321,3.1507471,16.592,-3.18,-2.98,0.22,2.320,3.957,0.70,26
$GNSS,2024-08-03T09:23:30.000Z,50.8536263,3.1507389,16.552,-3.25,-2.88,0.37,2.319,3.954,0.68,27
$GNSS,2024-08-03T09:23:30.200Z,50.8536204,3.1507300,16.438,-3.29,-3.19,0.19,2.319,3.951,0.69,27
$GNSS,2024-08-03T09:23:30.400Z,50.8536143,3.1507210,16.478,-3.38,-3.13,-0.01,2.319,3.947,0.70,27
$GNSS,2024-08-03T09:23:30.600Z,50.8536078,3.1507118,16.513,-3.69,-3.29,-0.10,2.319,3.941,0.71,27
$GNSS,2024-08-03T09:23:30.800Z,50.8536009,3.1507024,16.599,-3.79,-3.40,-0.17,2.318,3.934,0.74,27
$GNSS,2024-08-03T09:23:31.000Z,50.8535940,3.1506922,16.571,-3.83,-3.57,-0.23,2.319,3.928,0.75,27
$GNSS,2024-08-03T09:23:31.200Z,50.8535869,3.1506820,16.636,-4.01,-3.63,-0.25,2.319,3.923,0.77,27
$GNSS,2024-08-03T09:23:31.400Z,50.8535793,3.1506717,16.765,-4.20,-3.72,-0.37,2.320,3.917,0.76,27
$GNSS,2024-08-03T09:23:31.600Z,50.8535715,3.1506610,16.815,-4.39,-3.84,-0.24,2.321,3.912,0.75,27
$GNSS,2024-08-03T09:23:31.800Z,50.8535635,3.1506500,16.844,-4.41,-3.86,-0.26,2.323,3.907,0.76,27
$GNSS,2024-08-03T09:23:32.000Z,50.8535554,3.1506389,16.934,-4.56,-4.03,-0.32,2.324,3.901,0.76,27
$GNSS,2024-08-03T09:23:32.200Z,50.8535470,3.1506272,17.007,-4.71,-4.26,-0.29,2.325,3.897,0.77,27
$GNSS,2024-08-03T09:23:32.400Z,50.8535380,3.1506151,17.035,-5.13,-4.39,-0.12,2.326,3.893,0.73,27
$GNSS,2024-08-03T09:23:32.600Z,50.8535283,3.1506023,17.057,-5.55,-4.74,0.04,2.326,3.890,0.73,26
$GNSS,2024-08-03T09:23:32.800Z,50.8535181,3.1505887,17.105,-5.70,-4.90,-0.10,2.326,3.887,0.73,27
$GNSS,2024-08-03T09:23:33.000Z,50.8535078,3.1505746,17.136,-5.67,-4.98,-0.28,2.326,3.884,0.75,27
$GNSS,2024-08-03T09:23:33.200Z,50.8534974,3.1505607,17.192,-5.83,-5.04,-0.01,2.327,3.884,0.77,27
$GNSS,2024-08-03T09:23:33.400Z,50.8534865,3.1505460,17.157,-6.12,-5.34,0.33,2.329,3.885,0.78,26
$GNSS,2024-08-03T09:23:33.600Z,50.8534754,3.1505304,17.130,-6.16,-5.57,0.07,2.332,3.887,0.78,27
$GNSS,2024-08-03T09:23:33.800Z,50.8534640,3.1505136,17.126,-6.47,-6.09,-0.03,2.335,3.890,0.77,27
$GNSS,2024-08-03T09:23:34.000Z,50.8534521,3.1504961,17.120,-6.68,-6.31,0.14,2.338,3.889,0.76,27
$GNSS,2024-08-03T09:23:34.200Z,50.8534399,3.1504779,17.144,-6.84,-6.60,0.13,2.338,3.888,0.73,27
$GNSS,2024-08-03T09:23:34.400Z,50.8534274,3.1504594,17.164,-6.99,-6.59,0.19,2.339,3.889,0.77,27
$GNSS,2024-08-03T09:23:34.600Z,50.8534147,3.1504402,17.170,-7.00,-6.83,-0.11,2.339,3.890,0.77,27
$GNSS,2024-08-03T09:23:34.800Z,50.8534018,3.1504204,17.148,-7.28,-7.13,0.23,2.341,3.893,0.78,27
$GNSS,2024-08-03T09:23:35.000Z,50.8533885,3.1503998,17.235,-7.35,-7.44,-0.10,2.343,3.895,0.74,27
$GNSS,2024-08-03T09:23:35.200Z,50.8533749,3.1503782,17.344,-7.65,-7.75,-0.35,2.345,3.898,0.74,26
$GNSS,2024-08-03T09:23:35.400Z,50.8533607,3.1503550,17.331,-7.93,-8.31,-0.41,2.346,3.901,0.74,28
$GNSS,2024-08-03T09:23:35.600Z,50.8533458,3.1503313,17.438,-8.51,-8.54,-0.22,2.348,3.905,0.75,29
$GNSS,2024-08-03T09:23:35.800Z,50.8533304,3.1503072,17.351,-8.62,-8.54,0.13,2.349,3.908,0.74,29
$GNSS,2024-08-03T09:23:36.000Z,50.8533147,3.1502833,17.369,-8.74,-8.55,0.20,2.351,3.911,0.74,29
$GNSS,2024-08-03T09:23:36.200Z,50.8532986,3.1502595,17.465,-8.97,-8.47,0.08,2.354,3.915,0.77,29
$GNSS,2024-08-03T09:23:36.400Z,50.8532823,3.1502352,17.489,-9.18,-8.71,0.00,2.356,3.919,0.77,29
$GNSS,2024-08-03T09:23:36.600Z,50.8532651,3.1502098,17.445,-9.78,-9.18,0.17,2.359,3.923,0.81,29
$GNSS,2024-08-03T09:23:36.800Z,50.8532473,3.1501836,17.609,-10.01,-9.39,-0.33,2.363,3.928,0.85,27
$GNSS,2024-08-03T09:23:37.000Z,50.8532293,3.1501569,17.748,-10.03,-9.53,-0.55,2.368,3.933,0.83,27
$GNSS,2024-08-03T09:23:37.200Z,50.8532109,3.1501302,18.003,-10.35,-9.67,-0.60,2.372,3.939,0.84,27
$GNSS,2024-08-03T09:23:37.400Z,50.8531921,3.1501020,18.020,-10.64,-10.21,-0.32,2.377,3.947,0.85,26
$GNSS,2024-08-03T09:23:37.600Z,50.8531728,3.1500725,18.040,-10.75,-10.46,-0.23,2.381,3.956,0.84,28
$GNSS,2024-08-03T09:23:37.800Z,50.8531527,3.1500423,18.180,-11.29,-10.82,-0.21,2.386,3.966,0.84,27
$GNSS,2024-08-03T09:23:38.000Z,50.8531317,3.1500116,18.357,-11.60,-11.01,0.08,2.390,3.975,0.82,27
$GNSS,2024-08-03T09:23:38.200Z,50.8531103,3.1499794,18.444,-11.98,-11.73,0.03,2.395,3.985,0.82,25
$GNSS,2024-08-03T09:23:38.400Z,50.8530885,3.1499464,18.474,-12.17,-11.85,0.29,2.398,3.995,0.77,25
$GNSS,2024-08-03T09:23:38.600Z,50.8530665,3.1499123,18.410,-12.40,-12.24,0.29,2.401,4.008,0.79,25
$GNSS,2024-08-03T09:23:38.800Z,50.8530440,3.1498770,18.326,-12.75,-12.67,0.34,2.405,4.019,0.79,25
$GNSS,2024-08-03T09:23:39.000Z,50.8530206,3.1498411,18.401,-13.10,-12.79,0.07,2.409,4.029,0.80,25
$GNSS,2024-08-03T09:23:39.200Z,50.8529967,3.1498047,18.382,-13.42,-13.00,0.20,2.413,4.039,0.81,25
$GNSS,2024-08-03T09:23:39.400Z,50.8529718,3.1497674,18.459,-13.91,-13.20,0.14,2.417,4.054,0.85,27
$GNSS,2024-08-03T09:23:39.600Z,50.8529458,3.1497289,18.457,-14.59,-13.63,0.12,2.423,4.069,0.90,27
$GNSS,2024-08-03T09:23:39.800Z,50.8529194,3.1496902,18.340,-14.77,-13.63,0.51,2.431,4.081,0.89,27
$GNSS,2024-08-03T09:23:40.000Z,50.8528924,3.1496508,18.316,-14.96,-13.90,0.46,2.438,4.090,0.88,27
$GNSS,2024-08-03T09:23:40.200Z,50.8528649,3.1496107,18.337,-15.24,-14.12,0.28,2.444,4.096,0.85,25
$GNSS,2024-08-03T09:23:40.400Z,50.8528371,3.1495704,18.431,-15.34,-14.15,0.20,2.449,4.109,0.83,25
$GNSS,2024-08-03T09:23:40.600Z,50.8528089,3.1495296,18.454,-15.73,-14.35,0.20,2.454,4.124,0.82,26
$GNSS,2024-08-03T09:23:40.800Z,50.8527798,3.1494875,18.422,-16.21,-14.90,0.10,2.458,4.139,0.80,27
$GNSS,2024-08-03T09:23:41.000Z,50.8527502,3.1494448,18.535,-16.37,-14.92,-0.14,2.462,4.154,0.80,27
$GNSS,2024-08-03T09:23:41.200Z,50.8527202,3.1494010,18.751,-16.54,-15.50,-0.40,2.465,4.172,0.81,27
$GNSS,2024-08-03T09:23:41.400Z,50.8526901,3.1493565,18.981,-16.59,-15.64,-0.45,2.469,4.191,0.80,27
$GNSS,2024-08-03T09:23:41.600Z,50.8526595,3.1493115,19.096,-17.02,-15.79,-0.40,2.472,4.212,0.81,27
$GNSS,2024-08-03T09:23:41.800Z,50.8526285,3.1492662,19.151,-17.30,-16.20,-0.19,2.477,4.236,0.87,25
$GNSS,2024-08-03T09:23:42.000Z,50.8525970,3.1492194,19.249,-17.33,-16.49,-0.28,2.481,4.258,0.82,27
$GNSS,2024-08-03T09:23:42.200Z,50.8525650,3.1491717,19.239,-17.83,-16.75,-0.15,2.484,4.277,0.82,27
$GNSS,2024-08-03T09:23:42.400Z,50.8525323,3.1491236,19.412,-18.12,-16.90,-0.07,2.487,4.294,0.81,27
$GNSS,2024-08-03T09:23:42.600Z,50.8524990,3.1490750,19.454,-18.63,-17.10,0.00,2.490,4.312,0.81,26
$GNSS,2024-08-03T09:23:42.800Z,50.8524650,3.1490252,19.448,-18.95,-17.67,0.11,2.492,4.329,0.80,25
$GNSS,2024-08-03T09:23:43.000Z,50.8524306,3.1489741,19.248,-19.30,-18.03,0.40,2.495,4.349,0.80,24
$GNSS,2024-08-03T09:23:43.200Z,50.8523958,3.1489220,18.989,-19.47,-18.40,0.58,2.497,4.366,0.80,24
$GNSS,2024-08-03T09:23:43.400Z,50.8523604,3.1488690,18.858,-19.78,-18.65,0.38,2.500,4.387,0.86,25
$GNSS,2024-08-03T09:23:43.600Z,50.8523248,3.1488156,18.767,-19.79,-18.84,0.41,2.505,4.406,0.86,24
$GNSS,2024-08-03T09:23:43.800Z,50.8522894,3.1487619,18.848,-19.52,-18.88,0.18,2.509,4.419,0.84,24
$GNSS,2024-08-03T09:23:44.000Z,50.8522539,3.1487079,18.733,-19.92,-18.99,0.37,2.512,4.429,0.83,24
$GNSS,2024-08-03T09:23:44.200Z,50.8522175,3.1486527,18.584,-20.51,-19.58,0.27,2.515,4.449,0.88,24
$GNSS,2024-08-03T09:23:44.400Z,50.8521804,3.1485970,18.208,-20.94,-19.47,0.68,2.522,4.471,0.96,25
$GNSS,2024-08-03T09:23:44.600Z,50.8521424,3.1485406,18.009,-21.10,-19.95,0.90,2.531,4.493,0.92,25
$GNSS,2024-08-03T09:23:44.800Z,50.8521039,3.1484839,17.850,-21.42,-19.86,0.84,2.540,4.512,0.93,25
$GNSS,2024-08-03T09:23:45.000Z,50.8520647,3.1484269,17.641,-21.86,-20.07,0.77,2.549,4.530,0.89,25
$GNSS,2024-08-03T09:23:45.200Z,50.8520250,3.1483691,17.600,-22.06,-20.37,0.61,2.555,4.545,0.85,25
$GNSS,2024-08-03T09:23:45.400Z,50.8519853,3.1483110,17.577,-22.09,-20.45,0.63,2.559,4.558,0.85,25
$GNSS,2024-08-03T09:23:45.600Z,50.8519451,3.1482518,17.685,-22.28,-21.01,0.57,2.562,4.569,0.83,25
$GNSS,2024-08-03T09:23:45.800Z,50.8519042,3.1481909,17.800,-22.66,-21.54,0.26,2.564,4.582,0.91,25
$GNSS,2024-08-03T09:23:46.000Z,50.8518632,3.1481292,17.867,-22.58,-21.80,0.23,2.569,4.594,0.93,25
$GNSS,2024-08-03T09:23:46.200Z,50.8518223,3.1480657,17.890,-22.69,-22.54,0.01,2.576,4.604,0.93,25
$GNSS,2024-08-03T09:23:46.400Z,50.8517809,3.1480017,18.050,-22.91,-22.53,-0.14,2.583,4.614,0.95,24
$GNSS,2024-08-03T09:23:46.600Z,50.8517393,3.1479372,18.088,-23.11,-22.74,-0.11,2.590,4.623,0.95,24
$GNSS,2024-08-03T09:23:46.800Z,50.8516979,3.1478722,18.076,-22.99,-22.84,-0.11,2.597,4.627,0.92,25
$GNSS,2024-08-03T09:23:47.000Z,50.8516559,3.1478063,18.017,-23.52,-23.23,0.00,2.602,4.628,0.91,25
$GNSS,2024-08-03T09:23:47.200Z,50.8516128,3.1477398,18.228,-24.09,-23.36,-0.32,2.606,4.626,0.95,25
$GNSS,2024-08-03T09:23:47.400Z,50.8515697,3.1476728,18.209,-23.94,-23.53,-0.13,2.612,4.623,0.94,25
$GNSS,2024-08-03T09:23:47.600Z,50.8515257,3.1476051,18.093,-24.55,-23.72,0.67,2.615,4.622,0.87,27
$GNSS,2024-08-03T09:23:47.800Z,50.8514812,3.1475364,18.025,-24.82,-24.17,0.56,2.616,4.615,0.78,27
$GNSS,2024-08-03T09:23:48.000Z,50.8514363,3.1474674,18.059,-24.88,-24.26,0.40,2.616,4.603,0.81,26
$GNSS,2024-08-03T09:23:48.200Z,50.8513904,3.1473979,18.322,-25.47,-24.44,0.03,2.617,4.594,0.82,26
$GNSS,2024-08-03T09:23:48.400Z,50.8513444,3.1473275,18.378,-25.33,-24.83,0.20,2.617,4.585,0.79,25
$GNSS,2024-08-03T09:23:48.600Z,50.8512982,3.1472561,18.464,-25.58,-25.03,-0.06,2.617,4.575,0.80,27
$GNSS,2024-08-03T09:23:48.800Z,50.8512515,3.1471842,18.604,-25.91,-25.22,-0.10,2.617,4.568,0.79,27
$GNSS,2024-08-03T09:23:49.000Z,50.8512044,3.1471118,18.717,-26.05,-25.39,-0.41,2.618,4.560,0.82,27
$GNSS,2024-08-03T09:23:49.200Z,50.8511568,3.1470390,18.815,-26.51,-25.59,-0.15,2.619,4.554,0.85,25
$GNSS,2024-08-03T09:23:49.400Z,50.8511085,3.1469657,18.949,-26.86,-25.71,-0.10,2.620,4.548,0.78,25
$GNSS,2024-08-03T09:23:49.600Z,50.8510597,3.1468915,19.054,-27.15,-26.11,-0.28,2.620,4.542,0.77,25
$GNSS,2024-08-03T09:23:49.800Z,50.8510106,3.1468169,19.130,-27.19,-26.08,-0.20,2.620,4.536,0.75,27
$GNSS,2024-08-03T09:23:50.000Z,50.8509611,3.1467419,19.117,-27.65,-26.33,-0.20,2.621,4.537,0.85,25
$GNSS,2024-08-03T09:23:50.200Z,50.8509109,3.1466659,19.058,-28.00,-26.74,0.09,2.623,4.541,0.82,28
$GNSS,2024-08-03T09:23:50.400Z,50.8508602,3.1465890,18.999,-28.20,-27.07,0.16,2.626,4.549,0.86,27
$GNSS,2024-08-03T09:23:50.600Z,50.8508090,3.1465116,19.066,-28.41,-27.17,-0.15,2.631,4.558,0.96,26
$GNSS,2024-08-03T09:23:50.800Z,50.8507568,3.1464340,19.045,-29.18,-27.15,-0.08,2.639,4.569,0.94,26
$GNSS,2024-08-03T09:23:51.000Z,50.8507045,3.1463562,19.126,-28.87,-27.34,-0.16,2.647,4.578,0.91,26
$GNSS,2024-08-03T09:23:51.200Z,50.8506520,3.1462779,19.253,-29.01,-27.51,-0.31,2.655,4.586,0.91,26
$GNSS,2024-08-03T09:23:51.400Z,50.8505992,3.1461995,19.367,-29.26,-27.44,-0.59,2.660,4.590,0.85,27
$GNSS,2024-08-03T09:23:51.600Z,50.8505454,3.1461205,19.477,-29.84,-27.77,-0.71,2.663,4.587,0.84,27
$GNSS,2024-08-03T09:23:51.800Z,50.8504912,3.1460411,19.594,-30.04,-27.70,-0.96,2.666,4.586,0.85,26
$GNSS,2024-08-03T09:23:52.000Z,50.8504363,3.1459619,19.915,-30.47,-27.76,-1.03,2.668,4.587,0.83,26
$GNSS,2024-08-03T09:23:52.200Z,50.8503811,3.1458826,20.262,-30.60,-27.88,-1.07,2.671,4.587,0.83,27
$GNSS,2024-08-03T09:23:52.400Z,50.8503257,3.1458030,20.513,-30.62,-27.97,-0.98,2.673,4.588,0.82,27
$GNSS,2024-08-03T09:23:52.600Z,50.8502699,3.1457227,20.887,-31.00,-28.25,-1.31,2.676,4.587,0.81,27
$GNSS,2024-08-03T09:23:52.800Z,50.8502145,3.1456429,21.255,-30.51,-27.71,-1.58,2.678,4.588,0.81,27
$GNSS,2024-08-03T09:23:53.000Z,50.8501597,3.1455636,21.614,-30.26,-27.77,-1.73,2.681,4.587,0.81,27
$GNSS,2024-08-03T09:23:53.200Z,50.8501043,3.1454838,21.909,-30.87,-28.08,-1.51,2.683,4.587,0.86,27
$GNSS,2024-08-03T09:23:53.400Z,50.8500478,3.1454031,22.413,-31.44,-28.58,-1.55,2.683,4.587,0.84,27
$GNSS,2024-08-03T09:23:53.600Z,50.8499909,3.1453210,22.823,-31.51,-28.72,-1.92,2.684,4.588,0.82,27
$GNSS,2024-08-03T09:23:53.800Z,50.8499341,3.1452387,23.278,-31.38,-28.81,-2.18,2.683,4.586,0.79,27
$GNSS,2024-08-03T09:23:54.000Z,50.8498776,3.1451565,24.052,-31.18,-28.92,-2.74,2.682,4.581,0.80,27
$GNSS,2024-08-03T09:23:54.200Z,50.8498212,3.1450735,24.796,-31.22,-29.32,-3.12,2.681,4.580,0.79,28
$GNSS,2024-08-03T09:23:54.400Z,50.8497645,3.1449898,25.521,-31.49,-29.34,-3.38,2.679,4.578,0.81,28
$GNSS,2024-08-03T09:23:54.600Z,50.8497074,3.1449057,26.111,-31.60,-29.42,-3.39,2.677,4.575,0.78,28
$GNSS,2024-08-03T09:23:54.800Z,50.8496504,3.1448219,26.996,-31.39,-29.42,-3.79,2.675,4.575,0.77,28
$GNSS,2024-08-03T09:23:55.000Z,50.8495944,3.1447376,27.834,-30.62,-29.63,-4.01,2.673,4.575,0.79,28
$GNSS,2024-08-03T09:23:55.200Z,50.8495389,3.1446530,28.756,-30.66,-29.63,-4.28,2.672,4.577,0.81,28
$GNSS,2024-08-03T09:23:55.400Z,50.8494836,3.1445678,29.440,-30.62,-29.81,-3.92,2.672,4.579,0.81,28
$GNSS,2024-08-03T09:23:55.600Z,50.8494274,3.1444826,30.224,-31.23,-29.75,-4.04,2.671,4.581,0.81,28
$GNSS,2024-08-03T09:23:55.800Z,50.8493708,3.1443974,31.061,-31.36,-29.82,-4.32,2.671,4.584,0.83,28
$GNSS,2024-08-03T09:23:56.000Z,50.8493140,3.1443117,31.885,-31.45,-30.10,-4.39,2.671,4.584,0.82,28
$GNSS,2024-08-03T09:23:56.200Z,50.8492577,3.1442250,32.620,-31.21,-30.27,-4.48,2.671,4.586,0.84,28
$GNSS,2024-08-03T09:23:56.400Z,50.8492016,3.1441379,33.502,-31.02,-30.42,-4.82,2.672,4.589,0.84,28
$GNSS,2024-08-03T09:23:56.600Z,50.8491453,3.1440511,34.442,-31.32,-30.33,-4.74,2.673,4.592,0.83,28
$GNSS,2024-08-03T09:23:56.800Z,50.8490885,3.1439645,35.496,-31.40,-30.39,-4.98,2.674,4.593,0.84,28
$GNSS,2024-08-03T09:23:57.000Z,50.8490314,3.1438783,36.668,-31.58,-30.17,-5.27,2.674,4.596,0.85,28
$GNSS,2024-08-03T09:23:57.200Z,50.8489744,3.1437929,37.979,-31.41,-29.76,-5.80,2.675,4.598,0.84,28
$GNSS,2024-08-03T09:23:57.400Z,50.8489179,3.1437089,39.249,-31.08,-29.35,-5.76,2.676,4.597,0.83,27
$GNSS,2024-08-03T09:23:57.600Z,50.8488623,3.1436252,40.444,-30.61,-29.20,-5.96,2.676,4.595,0.81,27
$GNSS,2024-08-03T09:23:57.800Z,50.8488060,3.1435421,41.888,-31.28,-29.14,-6.44,2.677,4.594,0.89,26
$GNSS,2024-08-03T09:23:58.000Z,50.8487496,3.1434593,43.319,-31.21,-29.01,-6.79,2.681,4.589,0.90,25
$GNSS,2024-08-03T09:23:58.200Z,50.8486932,3.1433766,44.661,-31.20,-29.06,-6.61,2.685,4.583,0.90,25
$GNSS,2024-08-03T09:23:58.400Z,50.8486376,3.1432940,45.960,-30.61,-28.82,-6.59,2.690,4.579,0.91,26
$GNSS,2024-08-03T09:23:58.600Z,50.8485815,3.1432113,47.322,-31.01,-29.00,-6.73,2.695,4.575,0.90,26
$GNSS,2024-08-03T09:23:58.800Z,50.8485246,3.1431287,48.646,-31.47,-28.90,-6.39,2.698,4.571,0.85,26
$GNSS,2024-08-03T09:23:59.000Z,50.8484676,3.1430461,50.005,-31.35,-28.97,-6.40,2.700,4.566,0.80,26
$GNSS,2024-08-03T09:23:59.200Z,50.8484105,3.1429632,51.421,-31.44,-29.07,-6.56,2.699,4.561,0.75,26
$GNSS,2024-08-03T09:23:59.400Z,50.8483532,3.1428801,52.909,-31.50,-29.18,-6.69,2.696,4.555,0.73,26
$GNSS,2024-08-03T09:23:59.600Z,50.8482964,3.1427966,54.331,-31.22,-29.30,-6.82,2.694,4.553,0.75,26
$GNSS,2024-08-03T09:23:59.800Z,50.8482401,3.1427132,55.802,-31.20,-29.22,-7.07,2.693,4.550,0.76,25
$GNSS,2024-08-03T09:24:00.000Z,50.8481840,3.1426297,57.345,-30.96,-29.24,-7.37,2.692,4.545,0.75,25
$GNSS,2024-08-03T09:24:00.200Z,50.8481283,3.1425466,58.936,-30.69,-29.01,-7.62,2.691,4.539,0.75,26
$GNSS,2024-08-03T09:24:00.400Z,50.8480730,3.1424635,60.589,-30.50,-29.21,-7.93,2.690,4.532,0.77,26
$GNSS,2024-08-03T09:24:00.600Z,50.8480185,3.1423799,62.166,-30.02,-29.28,-8.17,2.689,4.525,0.77,26
$GNSS,2024-08-03T09:24:00.800Z,50.8479640,3.1422961,63.881,-30.18,-29.58,-8.11,2.689,4.517,0.77,24
$GNSS,2024-08-03T09:24:01.000Z,50.8479098,3.1422118,65.575,-29.87,-29.70,-8.04,2.688,4.509,0.76,24
$GNSS,2024-08-03T09:24:01.200Z,50.8478559,3.1421271,67.147,-29.93,-29.82,-7.77,2.686,4.503,0.74,24
$GNSS,2024-08-03T09:24:01.400Z,50.8478024,3.1420423,68.709,-29.37,-29.89,-7.51,2.682,4.496,0.73,24
$GNSS,2024-08-03T09:24:01.600Z,50.8477500,3.1419571,70.251,-28.95,-29.86,-7.75,2.678,4.490,0.73,24
$GNSS,2024-08-03T09:24:01.800Z,50.8476982,3.1418715,71.830,-28.50,-30.03,-8.03,2.674,4.488,0.72,25
$GNSS,2024-08-03T09:24:02.000Z,50.8476470,3.1417860,73.404,-28.13,-29.94,-7.90,2.669,4.487,0.70,25
$GNSS,2024-08-03T09:24:02.200Z,50.8475966,3.1416995,74.987,-27.75,-30.46,-8.06,2.665,4.487,0.71,25
$GNSS,2024-08-03T09:24:02.400Z,50.8475466,3.1416123,76.542,-27.46,-30.59,-8.04,2.658,4.487,0.69,25
$GNSS,2024-08-03T09:24:02.600Z,50.8474972,3.1415251,78.077,-27.03,-30.50,-7.90,2.652,4.488,0.71,26
$GNSS,2024-08-03T09:24:02.800Z,50.8474486,3.1414382,79.576,-26.57,-30.48,-7.72,2.647,4.489,0.73,25
$GNSS,2024-08-03T09:24:03.000Z,50.8474004,3.1413506,81.175,-26.50,-30.93,-7.73,2.644,4.493,0.78,24
$GNSS,2024-08-03T09:24:03.200Z,50.8473527,3.1412621,82.679,-26.22,-31.18,-7.72,2.641,4.497,0.77,24
$GNSS,2024-08-03T09:24:03.400Z,50.8473053,3.1411735,84.249,-25.81,-31.16,-7.59,2.638,4.501,0.79,24
$GNSS,2024-08-03T09:24:03.600Z,50.8472585,3.1410857,85.844,-25.49,-30.78,-7.32,2.636,4.506,0.77,24
$GNSS,2024-08-03T09:24:03.800Z,50.8472120,3.1409978,87.477,-25.15,-31.05,-7.26,2.633,4.511,0.77,24
$GNSS,2024-08-03T09:24:04.000Z,50.8471662,3.1409086,89.136,-24.93,-31.48,-7.67,2.631,4.518,0.80,24
$GNSS,2024-08-03T09:24:04.200Z,50.8471205,3.1408188,91.010,-24.64,-31.77,-7.88,2.629,4.523,0.80,25
$GNSS,2024-08-03T09:24:04.400Z,50.8470758,3.1407298,92.681,-24.19,-31.16,-7.70,2.627,4.529,0.82,25
$GNSS,2024-08-03T09:24:04.600Z,50.8470325,3.1406415,94.239,-23.67,-31.09,-7.56,2.626,4.538,0.83,25
$GNSS,2024-08-03T09:24:04.800Z,50.8469900,3.1405517,95.820,-23.34,-31.80,-7.87,2.627,4.547,0.89,24
$GNSS,2024-08-03T09:24:05.000Z,50.8469484,3.1404604,97.206,-23.12,-32.20,-7.78,2.628,4.559,0.89,24
$GNSS,2024-08-03T09:24:05.200Z,50.8469072,3.1403691,98.707,-22.64,-32.10,-7.78,2.629,4.571,0.86,24
$GNSS,2024-08-03T09:24:05.400Z,50.8468662,3.1402774,100.215,-22.42,-32.46,-7.40,2.630,4.586,0.88,24
$GNSS,2024-08-03T09:24:05.600Z,50.8468255,3.1401848,101.795,-22.32,-32.74,-7.35,2.631,4.601,0.88,25
$GNSS,2024-08-03T09:24:05.800Z,50.8467857,3.1400918,103.340,-21.75,-32.73,-7.49,2.632,4.617,0.89,25
$GNSS,2024-08-03T09:24:06.000Z,50.8467468,3.1399984,104.887,-21.38,-32.87,-7.74,2.634,4.632,0.92,25
$GNSS,2024-08-03T09:24:06.200Z,50.8467083,3.1399043,106.523,-21.05,-33.28,-7.79,2.637,4.648,0.92,25
$GNSS,2024-08-03T09:24:06.400Z,50.8466711,3.1398103,108.157,-20.40,-33.00,-8.15,2.640,4.665,0.93,25
$GNSS,2024-08-03T09:24:06.600Z,50.8466343,3.1397155,109.632,-20.32,-33.52,-7.76,2.642,4.680,0.91,24
$GNSS,2024-08-03T09:24:06.800Z,50.8465977,3.1396194,111.182,-19.98,-33.90,-7.66,2.644,4.694,0.90,24
$GNSS,2024-08-03T09:24:07.000Z,50.8465617,3.1395224,112.784,-19.65,-34.25,-7.84,2.646,4.708,0.87,24
$GNSS,2024-08-03T09:24:07.200Z,50.8465258,3.1394242,114.216,-19.60,-34.61,-7.25,2.647,4.722,0.84,24
$GNSS,2024-08-03T09:24:07.400Z,50.8464904,3.1393261,115.839,-19.10,-34.52,-7.28,2.648,4.735,0.83,25
$GNSS,2024-08-03T09:24:07.600Z,50.8464565,3.1392284,117.486,-18.51,-34.33,-7.83,2.649,4.747,0.85,25
$GNSS,2024-08-03T09:24:07.800Z,50.8464229,3.1391306,119.301,-18.11,-34.54,-7.99,2.649,4.755,0.83,25
$GNSS,2024-08-03T09:24:08.000Z,50.8463903,3.1390331,121.020,-17.70,-34.29,-7.78,2.648,4.763,0.86,25
$GNSS,2024-08-03T09:24:08.200Z,50.8463585,3.1389356,122.636,-17.33,-34.42,-7.69,2.648,4.770,0.85,25
$GNSS,2024-08-03T09:24:08.400Z,50.8463271,3.1388384,124.337,-16.93,-34.27,-7.45,2.647,4.774,0.82,25
$GNSS,2024-08-03T09:24:08.600Z,50.8462966,3.1387404,125.856,-16.65,-34.77,-7.25,2.646,4.780,0.74,25
$GNSS,2024-08-03T09:24:08.800Z,50.8462667,3.1386414,127.405,-16.37,-35.01,-7.31,2.641,4.781,0.71,25
$GNSS,2024-08-03T09:24:09.000Z,50.8462371,3.1385416,128.926,-16.21,-35.39,-7.14,2.637,4.779,0.72,24
$GNSS,2024-08-03T09:24:09.200Z,50.8462081,3.1384414,130.369,-15.87,-35.37,-6.88,2.633,4.778,0.72,24
$GNSS,2024-08-03T09:24:09.400Z,50.8461801,3.1383405,131.663,-15.50,-35.61,-6.87,2.630,4.779,0.77,24
$GNSS,2024-08-03T09:24:09.600Z,50.8461527,3.1382391,132.937,-15.33,-35.91,-6.80,2.629,4.780,0.80,23
$GNSS,2024-08-03T09:24:09.800Z,50.8461255,3.1381376,134.278,-15.03,-35.84,-6.71,2.630,4.783,0.82,23
$GNSS,2024-08-03T09:24:10.000Z,50.8460987,3.1380364,135.654,-14.83,-35.75,-6.61,2.631,4.785,0.80,23
$GNSS,2024-08-03T09:24:10.200Z,50.8460724,3.1379345,136.986,-14.55,-36.08,-6.64,2.632,4.788,0.81,23
$GNSS,2024-08-03T09:24:10.400Z,50.8460467,3.1378318,138.321,-14.32,-36.35,-6.71,2.633,4.792,0.84,24
$GNSS,2024-08-03T09:24:10.600Z,50.8460213,3.1377285,139.661,-14.07,-36.51,-6.64,2.636,4.797,0.84,24
$GNSS,2024-08-03T09:24:10.800Z,50.8459962,3.1376250,140.832,-13.92,-36.57,-6.16,2.639,4.802,0.84,24
$GNSS,2024-08-03T09:24:11.000Z,50.8459715,3.1375216,142.077,-13.67,-36.54,-6.04,2.644,4.810,0.88,24
$GNSS,2024-08-03T09:24:11.200Z,50.8459470,3.1374179,143.363,-13.62,-36.69,-6.07,2.650,4.820,0.88,24
$GNSS,2024-08-03T09:24:11.400Z,50.8459229,3.1373145,144.583,-13.17,-36.58,-5.79,2.656,4.831,0.89,23
$GNSS,2024-08-03T09:24:11.600Z,50.8458998,3.1372108,145.845,-12.87,-36.56,-6.14,2.663,4.847,0.85,22
$GNSS,2024-08-03T09:24:11.800Z,50.8458774,3.1371074,147.098,-12.38,-36.45,-6.23,2.668,4.859,0.82,22
$GNSS,2024-08-03T09:24:12.000Z,50.8458554,3.1370036,148.357,-12.24,-36.64,-6.28,2.674,4.872,0.85,22
$GNSS,2024-08-03T09:24:12.200Z,50.8458341,3.1368998,149.698,-11.74,-36.59,-6.47,2.681,4.889,0.84,22
$GNSS,2024-08-03T09:24:12.400Z,50.8458128,3.1367960,151.113,-11.58,-36.69,-6.46,2.687,4.906,0.85,22
$GNSS,2024-08-03T09:24:12.600Z,50.8457918,3.1366917,152.494,-11.49,-36.78,-6.28,2.694,4.922,0.88,23
$GNSS,2024-08-03T09:24:12.800Z,50.8457713,3.1365876,153.820,-11.30,-36.66,-6.30,2.701,4.938,0.87,24
$GNSS,2024-08-03T09:24:13.000Z,50.8457509,3.1364839,155.332,-10.94,-36.70,-6.39,2.708,4.949,0.86,25
$GNSS,2024-08-03T09:24:13.200Z,50.8457306,3.1363788,156.746,-10.90,-37.03,-6.35,2.714,4.959,0.76,25
$GNSS,2024-08-03T09:24:13.400Z,50.8457105,3.1362732,158.135,-10.74,-37.09,-6.19,2.718,4.969,0.76,24
$GNSS,2024-08-03T09:24:13.600Z,50.8456907,3.1361673,159.463,-10.74,-37.22,-6.13,2.722,4.972,0.79,24
$GNSS,2024-08-03T09:24:13.800Z,50.8456707,3.1360608,160.668,-10.62,-37.41,-5.61,2.727,4.976,0.81,24
$GNSS,2024-08-03T09:24:14.000Z,50.8456513,3.1359536,161.892,-10.47,-37.79,-5.64,2.732,4.985,0.83,24
$GNSS,2024-08-03T09:24:14.200Z,50.8456331,3.1358469,163.115,-9.97,-37.33,-5.93,2.738,4.993,0.87,24
$GNSS,2024-08-03T09:24:14.400Z,50.8456159,3.1357411,164.248,-9.62,-37.17,-5.91,2.746,5.005,0.95,23
$GNSS,2024-08-03T09:24:14.600Z,50.8455991,3.1356361,165.544,-9.17,-37.02,-6.00,2.756,5.019,0.97,23
$GNSS,2024-08-03T09:24:14.800Z,50.8455830,3.1355303,166.716,-8.95,-37.34,-5.99,2.767,5.030,0.95,23
$GNSS,2024-08-03T09:24:15.000Z,50.8455672,3.1354248,168.048,-8.59,-37.24,-6.18,2.779,5.037,0.96,22
$GNSS,2024-08-03T09:24:15.200Z,50.8455522,3.1353186,169.281,-8.30,-37.46,-6.17,2.792,5.045,0.96,22
$GNSS,2024-08-03T09:24:15.400Z,50.8455376,3.1352115,170.452,-8.23,-37.75,-6.18,2.805,5.053,0.92,21
$GNSS,2024-08-03T09:24:15.600Z,50.8455237,3.1351049,171.701,-7.73,-37.45,-6.30,2.819,5.060,0.95,21
$GNSS,2024-08-03T09:24:15.800Z,50.8455100,3.1349975,172.918,-7.78,-37.84,-6.32,2.832,5.068,0.96,21
$GNSS,2024-08-03T09:24:16.000Z,50.8454971,3.1348888,173.982,-7.45,-38.09,-6.34,2.845,5.074,0.95,21
$GNSS,2024-08-03T09:24:16.200Z,50.8454848,3.1347803,175.007,-7.11,-38.01,-6.20,2.859,5.077,0.97,20
$GNSS,2024-08-03T09:24:16.400Z,50.8454723,3.1346709,175.932,-7.17,-38.40,-5.71,2.874,5.078,1.01,20
$GNSS,2024-08-03T09:24:16.600Z,50.8454605,3.1345618,176.951,-6.76,-38.33,-5.77,2.889,5.079,1.01,20
$GNSS,2024-08-03T09:24:16.800Z,50.8454486,3.1344518,177.903,-6.85,-38.64,-5.49,2.907,5.088,1.13,20
$GNSS,2024-08-03T09:24:17.000Z,50.8454364,3.1343415,178.913,-6.82,-38.94,-5.27,2.926,5.102,1.18,21
$GNSS,2024-08-03T09:24:17.200Z,50.8454246,3.1342327,179.965,-6.52,-38.40,-5.15,2.945,5.116,1.18,22
$GNSS,2024-08-03T09:24:17.400Z,50.8454128,3.1341238,181.097,-6.59,-38.59,-5.27,2.964,5.129,1.15,22
$GNSS,2024-08-03T09:24:17.600Z,50.8454014,3.1340147,182.193,-6.28,-38.51,-5.23,2.981,5.136,1.05,21
$GNSS,2024-08-03T09:24:17.800Z,50.8453912,3.1339061,183.327,-5.76,-38.30,-5.52,2.997,5.149,1.09,21
$GNSS,2024-08-03T09:24:18.000Z,50.8453812,3.1337966,184.321,-5.77,-38.52,-5.38,3.011,5.160,1.06,21
$GNSS,2024-08-03T09:24:18.200Z,50.8453716,3.1336883,185.539,-5.32,-38.30,-5.65,3.024,5.170,1.06,21
$GNSS,2024-08-03T09:24:18.400Z,50.8453619,3.1335803,186.729,-5.31,-38.16,-5.46,3.038,5.177,1.08,22
$GNSS,2024-08-03T09:24:18.600Z,50.8453528,3.1334721,187.850,-5.16,-38.19,-5.46,3.051,5.184,1.10,23
$GNSS,2024-08-03T09:24:18.800Z,50.8453439,3.1333634,188.976,-5.15,-38.42,-5.64,3.064,5.189,1.10,23
$GNSS,2024-08-03T09:24:19.000Z,50.8453353,3.1332544,190.144,-4.82,-38.53,-5.79,3.077,5.195,1.09,22
$GNSS,2024-08-03T09:24:19.200Z,50.8453262,3.1331449,191.391,-5.03,-38.80,-5.74,3.090,5.201,1.07,22
$GNSS,2024-08-03T09:24:19.400Z,50.8453180,3.1330349,192.330,-4.85,-38.76,-5.48,3.103,5.207,1.10,21
$GNSS,2024-08-03T09:24:19.600Z,50.8453096,3.1329244,193.188,-4.85,-38.95,-5.00,3.115,5.210,1.07,21
$GNSS,2024-08-03T09:24:19.800Z,50.8453013,3.1328135,194.077,-4.82,-39.16,-4.87,3.125,5.207,1.03,21
$GNSS,2024-08-03T09:24:20.000Z,50.8452932,3.1327036,195.022,-4.66,-38.70,-4.80,3.133,5.202,1.01,22
$GNSS,2024-08-03T09:24:20.200Z,50.8452847,3.1325938,196.107,-4.66,-38.94,-4.76,3.142,5.195,1.01,22
$GNSS,2024-08-03T09:24:20.400Z,50.8452767,3.1324842,197.218,-4.41,-38.76,-5.01,3.148,5.187,0.96,23
$GNSS,2024-08-03T09:24:20.600Z,50.8452686,3.1323746,198.375,-4.48,-38.75,-5.12,3.152,5.179,0.91,23
$GNSS,2024-08-03T09:24:20.800Z,50.8452604,3.1322660,199.599,-4.40,-38.42,-5.18,3.157,5.170,0.92,23
$GNSS,2024-08-03T09:24:21.000Z,50.8452530,3.1321576,200.690,-4.12,-38.30,-5.22,3.161,5.163,0.93,23
$GNSS,2024-08-03T09:24:21.200Z,50.8452458,3.1320483,201.690,-4.22,-38.63,-5.21,3.166,5.157,0.94,23
$GNSS,2024-08-03T09:24:21.400Z,50.8452386,3.1319391,202.660,-4.21,-38.50,-5.12,3.171,5.153,0.94,23
$GNSS,2024-08-03T09:24:21.600Z,50.8452309,3.1318299,203.660,-4.33,-38.56,-4.85,3.175,5.150,0.92,23
$GNSS,2024-08-03T09:24:21.800Z,50.8452234,3.1317203,204.520,-4.28,-38.72,-4.56,3.179,5.146,0.96,23
$GNSS,2024-08-03T09:24:22.000Z,50.8452162,3.1316116,205.464,-4.15,-38.28,-4.69,3.184,5.146,0.97,23
$GNSS,2024-08-03T09:24:22.200Z,50.8452091,3.1315037,206.542,-4.03,-38.17,-4.91,3.189,5.148,0.95,23
$GNSS,2024-08-03T09:24:22.400Z,50.8452016,3.1313947,207.643,-4.32,-38.66,-5.10,3.195,5.151,0.98,23
$GNSS,2024-08-03T09:24:22.600Z,50.8451940,3.1312848,208.654,-4.31,-38.86,-5.06,3.202,5.151,0.97,23
$GNSS,2024-08-03T09:24:22.800Z,50.8451867,3.1311757,209.686,-4.22,-38.39,-5.07,3.209,5.153,0.99,23
$GNSS,2024-08-03T09:24:23.000Z,50.8451793,3.1310669,210.840,-4.16,-38.58,-5.23,3.214,5.153,0.95,23
$GNSS,2024-08-03T09:24:23.200Z,50.8451719,3.1309585,211.982,-4.10,-38.23,-5.18,3.219,5.153,0.96,23
$GNSS,2024-08-03T09:24:23.400Z,50.8451644,3.1308498,213.046,-4.18,-38.45,-4.99,3.224,5.153,0.96,23
$GNSS,2024-08-03T09:24:23.600Z,50.8451573,3.1307403,214.019,-4.12,-38.70,-5.01,3.229,5.153,0.95,23
$GNSS,2024-08-03T09:24:23.800Z,50.8451501,3.1306304,214.920,-4.18,-38.70,-4.85,3.233,5.152,0.95,22
$GNSS,2024-08-03T09:24:24.000Z,50.8451423,3.1305206,215.979,-4.42,-38.88,-4.89,3.238,5.151,0.96,22
$GNSS,2024-08-03T09:24:24.200Z,50.8451345,3.1304107,217.058,-4.43,-38.88,-4.97,3.243,5.150,0.97,22
$GNSS,2024-08-03T09:24:24.400Z,50.8451271,3.1303003,218.050,-4.29,-38.98,-5.19,3.248,5.148,0.96,22
$GNSS,2024-08-03T09:24:24.600Z,50.8451198,3.1301890,219.020,-4.27,-39.30,-5.18,3.254,5.147,1.00,22
$GNSS,2024-08-03T09:24:24.800Z,50.8451126,3.1300773,219.978,-4.28,-39.41,-5.28,3.261,5.146,0.98,22
$GNSS,2024-08-03T09:24:25.000Z,50.8451052,3.1299660,221.070,-4.34,-39.32,-5.36,3.269,5.145,1.01,21
$GNSS,2024-08-03T09:24:25.200Z,50.8450985,3.1298547,221.997,-3.97,-39.27,-5.34,3.277,5.145,0.97,21
$GNSS,2024-08-03T09:24:25.400Z,50.8450919,3.1297424,222.804,-4.10,-39.53,-5.21,3.285,5.144,1.02,21
$GNSS,2024-08-03T09:24:25.600Z,50.8450859,3.1296300,223.777,-3.70,-39.74,-5.58,3.293,5.144,1.01,21
$GNSS,2024-08-03T09:24:25.800Z,50.8450801,3.1295181,224.917,-3.51,-39.61,-5.83,3.301,5.144,0.99,21
$GNSS,2024-08-03T09:24:26.000Z,50.8450750,3.1294060,226.084,-2.98,-39.71,-6.03,3.308,5.143,0.99,21
$GNSS,2024-08-03T09:24:26.200Z,50.8450697,3.1292932,227.133,-3.14,-39.84,-5.58,3.314,5.146,1.08,21
$GNSS,2024-08-03T09:24:26.400Z,50.8450643,3.1291813,228.162,-3.31,-39.41,-5.39,3.322,5.150,1.08,21
$GNSS,2024-08-03T09:24:26.600Z,50.8450589,3.1290705,229.200,-3.08,-39.06,-5.19,3.330,5.157,1.10,21
$GNSS,2024-08-03T09:24:26.800Z,50.8450533,3.1289595,230.265,-3.31,-39.24,-5.14,3.337,5.164,1.07,21
$GNSS,2024-08-03T09:24:27.000Z,50.8450470,3.1288477,231.479,-3.61,-39.67,-5.30,3.344,5.173,1.10,21
$GNSS,2024-08-03T09:24:27.200Z,50.8450401,3.1287353,232.725,-3.87,-39.76,-5.37,3.352,5.181,1.08,21
$GNSS,2024-08-03T09:24:27.400Z,50.8450328,3.1286224,233.937,-4.11,-39.93,-5.29,3.359,5.188,1.07,21
$GNSS,2024-08-03T09:24:27.600Z,50.8450262,3.1285107,235.064,-3.73,-39.35,-5.42,3.367,5.196,1.08,21
$GNSS,2024-08-03T09:24:27.800Z,50.8450197,3.1283987,236.202,-3.69,-39.53,-5.48,3.375,5.205,1.08,21
$GNSS,2024-08-03T09:24:28.000Z,50.8450140,3.1282873,237.333,-3.53,-39.40,-5.86,3.383,5.213,1.06,22
$GNSS,2024-08-03T09:24:28.200Z,50.8450076,3.1281741,238.393,-3.83,-40.03,-5.69,3.390,5.224,1.09,22
$GNSS,2024-08-03T09:24:28.400Z,50.8450008,3.1280611,239.579,-3.86,-39.79,-5.65,3.397,5.235,1.04,22
$GNSS,2024-08-03T09:24:28.600Z,50.8449944,3.1279484,240.751,-3.95,-39.83,-5.85,3.402,5.244,1.04,22
$GNSS,2024-08-03T09:24:28.800Z,50.8449878,3.1278351,241.830,-3.98,-40.03,-5.83,3.408,5.253,1.04,22
$GNSS,2024-08-03T09:24:29.000Z,50.8449810,3.1277214,242.860,-4.04,-40.05,-5.48,3.414,5.262,1.03,22
$GNSS,2024-08-03T09:24:29.200Z,50.8449743,3.1276083,243.938,-3.98,-39.83,-5.35,3.419,5.270,1.02,22
$GNSS,2024-08-03T09:24:29.400Z,50.8449673,3.1274960,245.070,-4.13,-39.48,-5.26,3.425,5.279,1.02,21
$GNSS,2024-08-03T09:24:29.600Z,50.8449603,3.1273834,246.119,-4.14,-39.70,-5.16,3.432,5.289,1.08,21
$GNSS,2024-08-03T09:24:29.800Z,50.8449536,3.1272710,247.253,-4.03,-39.64,-5.39,3.439,5.297,1.06,21
$GNSS,2024-08-03T09:24:30.000Z,50.8449472,3.1271588,248.415,-3.91,-39.54,-5.63,3.445,5.309,1.04,21
$GNSS,2024-08-03T09:24:30.200Z,50.8449414,3.1270469,249.493,-3.74,-39.43,-5.87,3.451,5.320,1.04,21
$GNSS,2024-08-03T09:24:30.400Z,50.8449356,3.1269338,250.784,-3.54,-40.03,-6.27,3.458,5.329,1.07,21
$GNSS,2024-08-03T09:24:30.600Z,50.8449298,3.1268193,252.034,-3.73,-40.34,-6.45,3.465,5.338,1.06,21
$GNSS,2024-08-03T09:24:30.800Z,50.8449234,3.1267042,253.306,-4.07,-40.48,-6.60,3.471,5.345,1.06,21
$GNSS,2024-08-03T09:24:31.000Z,50.8449175,3.1265905,254.404,-3.89,-39.89,-6.47,3.478,5.353,1.09,21
$GNSS,2024-08-03T09:24:31.200Z,50.8449109,3.1264782,255.779,-3.71,-39.30,-6.14,3.485,5.361,1.08,21
$GNSS,2024-08-03T09:24:31.400Z,50.8449047,3.1263664,257.158,-3.61,-39.38,-6.31,3.491,5.367,1.04,21
$GNSS,2024-08-03T09:24:31.600Z,50.8448986,3.1262543,258.749,-3.41,-39.40,-6.65,3.496,5.374,1.02,21
$GNSS,2024-08-03T09:24:31.800Z,50.8448922,3.1261400,260.297,-3.81,-40.46,-7.02,3.501,5.385,1.05,21
$GNSS,2024-08-03T09:24:32.000Z,50.8448857,3.1260257,261.892,-3.87,-40.07,-7.14,3.507,5.391,1.05,21
$GNSS,2024-08-03T09:24:32.200Z,50.8448799,3.1259129,263.361,-3.44,-39.61,-7.12,3.512,5.399,1.03,20
$GNSS,2024-08-03T09:24:32.400Z,50.8448741,3.1257998,264.909,-3.61,-39.79,-7.33,3.516,5.409,1.05,20
$GNSS,2024-08-03T09:24:32.600Z,50.8448680,3.1256862,266.431,-3.56,-39.96,-7.28,3.519,5.417,1.00,21
$GNSS,2024-08-03T09:24:32.800Z,50.8448611,3.1255712,267.879,-3.90,-40.37,-6.80,3.523,5.426,1.03,21
$GNSS,2024-08-03T09:24:33.000Z,50.8448540,3.1254556,269.230,-4.24,-40.67,-6.71,3.526,5.435,1.06,21
$GNSS,2024-08-03T09:24:33.200Z,50.8448475,3.1253416,270.464,-4.18,-39.94,-6.84,3.533,5.445,1.11,21
$GNSS,2024-08-03T09:24:33.400Z,50.8448403,3.1252282,271.801,-4.33,-39.80,-6.85,3.538,5.454,1.04,21
$GNSS,2024-08-03T09:24:33.600Z,50.8448335,3.1251147,272.864,-4.32,-39.99,-6.84,3.539,5.461,1.01,21
$GNSS,2024-08-03T09:24:33.800Z,50.8448263,3.1249997,273.934,-4.51,-40.65,-6.49,3.538,5.467,1.01,22
$GNSS,2024-08-03T09:24:34.000Z,50.8448188,3.1248843,275.035,-4.67,-40.57,-6.47,3.534,5.472,0.98,22
$GNSS,2024-08-03T09:24:34.200Z,50.8448108,3.1247695,276.155,-4.81,-40.27,-6.22,3.530,5.477,1.00,22
$GNSS,2024-08-03T09:24:34.400Z,50.8448029,3.1246565,277.337,-4.72,-39.61,-6.26,3.526,5.485,1.02,22
$GNSS,2024-08-03T09:24:34.600Z,50.8447951,3.1245438,278.584,-4.65,-39.63,-6.51,3.522,5.492,1.00,22
$GNSS,2024-08-03T09:24:34.800Z,50.8447876,3.1244313,279.892,-4.40,-39.54,-6.78,3.519,5.498,1.01,22
$GNSS,2024-08-03T09:24:35.000Z,50.8447803,3.1243182,281.239,-4.31,-39.85,-7.11,3.518,5.507,1.07,22
$GNSS,2024-08-03T09:24:35.200Z,50.8447728,3.1242036,282.635,-4.44,-40.32,-7.27,3.516,5.513,1.02,22
$GNSS,2024-08-03T09:24:35.400Z,50.8447648,3.1240872,283.977,-4.67,-41.06,-7.30,3.516,5.520,1.07,22
$GNSS,2024-08-03T09:24:35.600Z,50.8447572,3.1239710,285.150,-4.52,-40.78,-6.91,3.514,5.531,1.00,23
$GNSS,2024-08-03T09:24:35.800Z,50.8447496,3.1238553,286.407,-4.50,-40.67,-6.87,3.511,5.540,0.99,23
$GNSS,2024-08-03T09:24:36.000Z,50.8447420,3.1237398,287.789,-4.47,-40.67,-6.97,3.508,5.549,0.98,23
$GNSS,2024-08-03T09:24:36.200Z,50.8447340,3.1236234,288.773,-4.73,-40.98,-6.24,3.505,5.557,1.02,23
$GNSS,2024-08-03T09:24:36.400Z,50.8447257,3.1235067,289.950,-4.79,-41.02,-6.04,3.505,5.569,1.05,23
$GNSS,2024-08-03T09:24:36.600Z,50.8447171,3.1233896,291.073,-4.91,-41.17,-5.97,3.506,5.581,1.07,23
$GNSS,2024-08-03T09:24:36.800Z,50.8447088,3.1232721,291.954,-4.93,-41.35,-5.77,3.509,5.594,1.07,23
$GNSS,2024-08-03T09:24:37.000Z,50.8447001,3.1231545,293.291,-5.06,-41.44,-6.32,3.513,5.609,1.06,23
$GNSS,2024-08-03T09:24:37.200Z,50.8446913,3.1230370,294.477,-5.01,-41.31,-6.19,3.517,5.628,1.07,23
$GNSS,2024-08-03T09:24:37.400Z,50.8446829,3.1229203,295.649,-4.92,-41.05,-6.31,3.524,5.646,1.09,21
$GNSS,2024-08-03T09:24:37.600Z,50.8446752,3.1228047,296.766,-4.67,-40.78,-6.50,3.534,5.666,1.12,20
$GNSS,2024-08-03T09:24:37.800Z,50.8446670,3.1226891,297.846,-4.75,-40.65,-6.21,3.542,5.684,1.16,21
$GNSS,2024-08-03T09:24:38.000Z,50.8446589,3.1225737,298.976,-4.80,-40.67,-6.30,3.555,5.704,1.21,20
$GNSS,2024-08-03T09:24:38.200Z,50.8446508,3.1224591,300.111,-4.80,-40.39,-6.35,3.570,5.726,1.23,20
$GNSS,2024-08-03T09:24:38.400Z,50.8446416,3.1223439,301.492,-5.15,-40.54,-6.38,3.586,5.753,1.25,20
$GNSS,2024-08-03T09:24:38.600Z,50.8446325,3.1222297,302.864,-5.07,-40.24,-6.45,3.603,5.782,1.27,20
$GNSS,2024-08-03T09:24:38.800Z,50.8446224,3.1221146,304.569,-5.43,-40.48,-6.75,3.618,5.805,1.17,20
$GNSS,2024-08-03T09:24:39.000Z,50.8446133,3.1219992,305.922,-5.33,-40.88,-7.15,3.633,5.834,1.20,19
$GNSS,2024-08-03T09:24:39.200Z,50.8446043,3.1218842,307.045,-5.40,-40.49,-6.86,3.648,5.860,1.23,19
$GNSS,2024-08-03T09:24:39.400Z,50.8445943,3.1217688,308.444,-5.56,-40.68,-6.79,3.664,5.885,1.22,19
$GNSS,2024-08-03T09:24:39.600Z,50.8445844,3.1216535,309.829,-5.73,-40.66,-6.95,3.677,5.908,1.19,19
$GNSS,2024-08-03T09:24:39.800Z,50.8445741,3.1215383,311.333,-5.71,-40.57,-6.95,3.692,5.935,1.28,19
$GNSS,2024-08-03T09:24:40.000Z,50.8445631,3.1214228,312.763,-6.08,-40.47,-6.83,3.712,5.958,1.32,17
$GNSS,2024-08-03T09:24:40.200Z,50.8445533,3.1213096,314.148,-5.78,-40.00,-7.12,3.732,5.977,1.29,18
$GNSS,2024-08-03T09:24:40.400Z,50.8445435,3.1211951,315.414,-5.65,-40.40,-7.20,3.750,5.999,1.25,16
$GNSS,2024-08-03T09:24:40.600Z,50.8445335,3.1210799,316.853,-5.74,-40.54,-7.37,3.767,6.019,1.23,16
$GNSS,2024-08-03T09:24:40.800Z,50.8445238,3.1209652,318.265,-5.57,-40.34,-7.43,3.780,6.029,1.19,19
$GNSS,2024-08-03T09:24:41.000Z,50.8445142,3.1208511,319.507,-5.55,-40.01,-7.16,3.791,6.038,1.21,19
$GNSS,2024-08-03T09:24:41.200Z,50.8445040,3.1207366,320.835,-5.55,-40.14,-6.78,3.801,6.045,1.18,19
$GNSS,2024-08-03T09:24:41.400Z,50.8444943,3.1206226,321.912,-5.72,-40.04,-6.57,3.809,6.047,1.15,19
$GNSS,2024-08-03T09:24:41.600Z,50.8444832,3.1205061,323.170,-6.17,-40.95,-6.34,3.817,6.051,1.22,19
$GNSS,2024-08-03T09:24:41.800Z,50.8444714,3.1203875,324.263,-6.66,-41.52,-6.05,3.824,6.054,1.17,20
$GNSS,2024-08-03T09:24:42.000Z,50.8444597,3.1202698,325.259,-6.74,-41.15,-5.83,3.827,6.055,1.13,20
$GNSS,2024-08-03T09:24:42.200Z,50.8444483,3.1201533,326.287,-6.48,-40.85,-5.83,3.831,6.058,1.14,19
$GNSS,2024-08-03T09:24:42.400Z,50.8444368,3.1200377,327.422,-6.31,-40.36,-5.55,3.832,6.059,1.14,20
$GNSS,2024-08-03T09:24:42.600Z,50.8444246,3.1199224,328.623,-6.56,-40.22,-5.18,3.834,6.065,1.17,20
$GNSS,2024-08-03T09:24:42.800Z,50.8444123,3.1198070,329.804,-6.72,-40.31,-5.09,3.835,6.070,1.19,20
$GNSS,2024-08-03T09:24:43.000Z,50.8444002,3.1196914,330.960,-6.75,-40.53,-5.20,3.835,6.070,1.12,20
$GNSS,2024-08-03T09:24:43.200Z,50.8443878,3.1195749,332.024,-7.00,-40.80,-5.13,3.833,6.064,1.12,21
$GNSS,2024-08-03T09:24:43.400Z,50.8443758,3.1194583,332.938,-7.05,-40.83,-5.40,3.831,6.057,1.14,20
$GNSS,2024-08-03T09:24:43.600Z,50.8443636,3.1193418,333.951,-6.90,-40.63,-5.31,3.828,6.047,1.07,20
$GNSS,2024-08-03T09:24:43.800Z,50.8443513,3.1192257,335.155,-6.90,-40.51,-5.57,3.823,6.031,1.05,20
$GNSS,2024-08-03T09:24:44.000Z,50.8443388,3.1191106,336.579,-6.92,-40.16,-5.83,3.816,6.017,1.08,20
$GNSS,2024-08-03T09:24:44.200Z,50.8443273,3.1189953,337.621,-6.63,-40.55,-5.98,3.812,6.000,1.10,19
$GNSS,2024-08-03T09:24:44.400Z,50.8443156,3.1188793,338.835,-6.75,-40.77,-6.15,3.806,5.978,1.06,20
$GNSS,2024-08-03T09:24:44.600Z,50.8443042,3.1187637,340.033,-6.58,-40.58,-6.34,3.794,5.954,0.97,21
$GNSS,2024-08-03T09:24:44.800Z,50.8442927,3.1186476,341.144,-6.57,-40.81,-6.40,3.782,5.931,0.98,20
$GNSS,2024-08-03T09:24:45.000Z,50.8442813,3.1185310,342.294,-6.49,-41.04,-6.45,3.770,5.906,0.95,20
$GNSS,2024-08-03T09:24:45.200Z,50.8442699,3.1184142,343.402,-6.39,-40.97,-6.50,3.758,5.877,0.97,20
$GNSS,2024-08-03T09:24:45.400Z,50.8442594,3.1182976,344.455,-5.95,-41.03,-6.54,3.746,5.851,0.94,20
$GNSS,2024-08-03T09:24:45.600Z,50.8442490,3.1181809,345.653,-5.74,-40.90,-6.56,3.735,5.825,0.95,20
$GNSS,2024-08-03T09:24:45.800Z,50.8442392,3.1180645,346.775,-5.52,-41.10,-6.36,3.724,5.805,0.99,21
$GNSS,2024-08-03T09:24:46.000Z,50.8442302,3.1179480,347.978,-5.14,-41.17,-6.58,3.714,5.787,1.01,21
$GNSS,2024-08-03T09:24:46.200Z,50.8442218,3.1178311,349.135,-4.80,-41.33,-6.61,3.704,5.772,0.95,21
$GNSS,2024-08-03T09:24:46.400Z,50.8442139,3.1177140,350.284,-4.53,-41.32,-6.61,3.694,5.761,0.94,21
$GNSS,2024-08-03T09:24:46.600Z,50.8442063,3.1175976,351.283,-4.31,-40.97,-6.13,3.686,5.752,0.97,21
$GNSS,2024-08-03T09:24:46.800Z,50.8441991,3.1174811,352.226,-4.25,-41.14,-5.84,3.678,5.742,0.94,21
$GNSS,2024-08-03T09:24:47.000Z,50.8441920,3.1173642,353.119,-4.14,-41.31,-5.55,3.669,5.733,0.95,21
$GNSS,2024-08-03T09:24:47.200Z,50.8441850,3.1172465,353.904,-4.19,-41.57,-5.23,3.664,5.726,0.96,21
$GNSS,2024-08-03T09:24:47.400Z,50.8441780,3.1171294,354.819,-4.01,-41.31,-5.11,3.657,5.722,0.98,21
$GNSS,2024-08-03T09:24:47.600Z,50.8441703,3.1170114,355.795,-4.00,-41.31,-5.14,3.646,5.720,0.90,22
$GNSS,2024-08-03T09:24:47.800Z,50.8441627,3.1168932,356.881,-4.05,-41.45,-5.27,3.634,5.716,0.89,22
$GNSS,2024-08-03T09:24:48.000Z,50.8441551,3.1167750,357.915,-3.87,-41.37,-5.21,3.621,5.711,0.90,22
$GNSS,2024-08-03T09:24:48.200Z,50.8441483,3.1166569,358.878,-3.62,-41.43,-5.14,3.608,5.708,0.87,21
$GNSS,2024-08-03T09:24:48.400Z,50.8441419,3.1165389,359.882,-3.74,-41.61,-5.18,3.598,5.704,0.93,20
$GNSS,2024-08-03T09:24:48.600Z,50.8441354,3.1164213,361.036,-3.51,-41.46,-5.32,3.590,5.698,0.93,20
$GNSS,2024-08-03T09:24:48.800Z,50.8441297,3.1163036,362.172,-3.28,-41.53,-5.69,3.583,5.690,0.95,20
$GNSS,2024-08-03T09:24:49.000Z,50.8441244,3.1161857,363.231,-3.13,-41.57,-5.78,3.574,5.678,0.88,21
$GNSS,2024-08-03T09:24:49.200Z,50.8441192,3.1160670,364.424,-3.03,-42.00,-6.11,3.568,5.665,0.88,20
$GNSS,2024-08-03T09:24:49.400Z,50.8441139,3.1159476,365.532,-3.00,-42.13,-5.92,3.561,5.653,0.89,20
$GNSS,2024-08-03T09:24:49.600Z,50.8441089,3.1158279,366.635,-2.87,-42.23,-5.88,3.555,5.639,0.84,20
$GNSS,2024-08-03T09:24:49.800Z,50.8441044,3.1157079,367.843,-2.59,-42.34,-6.25,3.548,5.627,0.85,20
$GNSS,2024-08-03T09:24:50.000Z,50.8441000,3.1155876,369.016,-2.48,-42.41,-6.14,3.541,5.613,0.85,20
$GNSS,2024-08-03T09:24:50.200Z,50.8440958,3.1154675,370.159,-2.45,-42.24,-6.06,3.536,5.600,0.87,20
$GNSS,2024-08-03T09:24:50.400Z,50.8440919,3.1153474,371.295,-2.21,-42.30,-6.11,3.532,5.587,0.87,20
$GNSS,2024-08-03T09:24:50.600Z,50.8440879,3.1152271,372.434,-2.22,-42.36,-5.93,3.529,5.575,0.88,20
$GNSS,2024-08-03T09:24:50.800Z,50.8440844,3.1151068,373.527,-1.97,-42.34,-5.99,3.528,5.564,0.89,19
$GNSS,2024-08-03T09:24:51.000Z,50.8440814,3.1149869,374.664,-1.67,-42.14,-6.16,3.529,5.554,0.89,19
$GNSS,2024-08-03T09:24:51.200Z,50.8440792,3.1148681,375.918,-1.11,-41.76,-6.42,3.529,5.546,0.88,19
$GNSS,2024-08-03T09:24:51.400Z,50.8440770,3.1147484,377.078,-1.17,-42.13,-6.33,3.531,5.534,1.00,20
$GNSS,2024-08-03T09:24:51.600Z,50.8440748,3.1146282,378.221,-1.05,-42.25,-6.19,3.536,5.522,1.00,19
$GNSS,2024-08-03T09:24:51.800Z,50.8440733,3.1145080,379.295,-0.88,-42.34,-6.17,3.542,5.508,1.03,19
$GNSS,2024-08-03T09:24:52.000Z,50.8440723,3.1143881,380.382,-0.44,-42.31,-6.11,3.546,5.496,0.99,19
$GNSS,2024-08-03T09:24:52.200Z,50.8440725,3.1142682,381.445,-0.10,-42.37,-6.39,3.549,5.483,0.97,19
$GNSS,2024-08-03T09:24:52.400Z,50.8440727,3.1141480,382.470,0.01,-42.49,-6.16,3.547,5.470,0.92,20
$GNSS,2024-08-03T09:24:52.600Z,50.8440736,3.1140280,383.456,0.27,-42.38,-6.00,3.543,5.457,0.91,20
$GNSS,2024-08-03T09:24:52.800Z,50.8440746,3.1139076,384.469,0.44,-42.60,-5.97,3.537,5.445,0.93,20
$GNSS,2024-08-03T09:24:53.000Z,50.8440760,3.1137863,385.451,0.56,-42.94,-6.03,3.531,5.433,0.89,20
$GNSS,2024-08-03T09:24:53.200Z,50.8440779,3.1136649,386.473,0.83,-42.86,-6.02,3.523,5.418,0.86,21
$GNSS,2024-08-03T09:24:53.400Z,50.8440799,3.1135429,387.603,0.99,-43.07,-6.19,3.514,5.404,0.86,22
$GNSS,2024-08-03T09:24:53.600Z,50.8440825,3.1134214,388.814,1.37,-42.78,-6.51,3.506,5.390,0.85,22
$GNSS,2024-08-03T09:24:53.800Z,50.8440852,3.1133000,390.011,1.60,-42.75,-6.33,3.499,5.379,0.87,21
$GNSS,2024-08-03T09:24:54.000Z,50.8440888,3.1131796,391.264,2.12,-42.31,-6.51,3.492,5.369,0.88,21
$GNSS,2024-08-03T09:24:54.200Z,50.8440929,3.1130588,392.490,2.33,-42.62,-6.52,3.485,5.359,0.83,22
$GNSS,2024-08-03T09:24:54.400Z,50.8440979,3.1129374,393.610,2.74,-42.61,-6.68,3.477,5.348,0.77,23
$GNSS,2024-08-03T09:24:54.600Z,50.8441032,3.1128155,394.708,2.88,-42.78,-6.60,3.469,5.339,0.76,23
$GNSS,2024-08-03T09:24:54.800Z,50.8441092,3.1126935,395.827,3.13,-42.69,-6.78,3.461,5.331,0.77,23
$GNSS,2024-08-03T09:24:55.000Z,50.8441148,3.1125715,397.064,3.25,-42.72,-6.75,3.452,5.323,0.77,23
$GNSS,2024-08-03T09:24:55.200Z,50.8441211,3.1124497,398.306,3.44,-42.62,-7.00,3.443,5.314,0.76,23
$GNSS,2024-08-03T09:24:55.400Z,50.8441267,3.1123269,399.532,3.36,-42.86,-6.70,3.436,5.305,0.76,21
$GNSS,2024-08-03T09:24:55.600Z,50.8441325,3.1122042,400.725,3.51,-42.70,-6.57,3.428,5.293,0.72,21
$GNSS,2024-08-03T09:24:55.800Z,50.8441394,3.1120822,401.986,4.12,-42.62,-6.89,3.419,5.279,0.69,20
$GNSS,2024-08-03T09:24:56.000Z,50.8441470,3.1119601,403.288,4.37,-42.56,-7.00,3.411,5.264,0.69,19
$GNSS,2024-08-03T09:24:56.200Z,50.8441555,3.1118384,404.476,4.85,-42.47,-6.97,3.404,5.250,0.70,19
$GNSS,2024-08-03T09:24:56.400Z,50.8441648,3.1117169,405.595,5.10,-42.51,-6.84,3.395,5.236,0.69,20
$GNSS,2024-08-03T09:24:56.600Z,50.8441743,3.1115953,406.865,5.44,-42.49,-6.98,3.387,5.222,0.67,20
$GNSS,2024-08-03T09:24:56.800Z,50.8441827,3.1114722,408.384,5.41,-42.87,-6.87,3.376,5.207,0.68,20
$GNSS,2024-08-03T09:24:57.000Z,50.8441929,3.1113496,409.697,5.96,-42.72,-7.09,3.365,5.193,0.66,20
$GNSS,2024-08-03T09:24:57.200Z,50.8442037,3.1112272,411.075,6.26,-42.63,-7.19,3.354,5.181,0.67,20
$GNSS,2024-08-03T09:24:57.400Z,50.8442148,3.1111049,412.448,6.61,-42.53,-7.21,3.343,5.165,0.67,21
$GNSS,2024-08-03T09:24:57.600Z,50.8442262,3.1109828,413.861,6.76,-42.46,-7.15,3.331,5.151,0.66,21
$GNSS,2024-08-03T09:24:57.800Z,50.8442380,3.1108612,415.187,7.04,-42.31,-6.90,3.321,5.132,0.60,23
$GNSS,2024-08-03T09:24:58.000Z,50.8442503,3.1107397,416.428,7.06,-42.58,-6.75,3.313,5.116,0.66,23
$GNSS,2024-08-03T09:24:58.200Z,50.8442632,3.1106180,417.550,7.33,-42.64,-6.46,3.306,5.103,0.72,23
$GNSS,2024-08-03T09:24:58.400Z,50.8442762,3.1104965,418.749,7.45,-42.56,-6.28,3.301,5.090,0.81,24
$GNSS,2024-08-03T09:24:58.600Z,50.8442895,3.1103745,419.916,7.49,-42.87,-6.25,3.299,5.078,0.80,24
$GNSS,2024-08-03T09:24:58.800Z,50.8443034,3.1102525,421.158,7.90,-42.81,-6.58,3.299,5.067,0.80,24
$GNSS,2024-08-03T09:24:59.000Z,50.8443177,3.1101308,422.435,8.15,-42.62,-6.70,3.297,5.057,0.79,24
$GNSS,2024-08-03T09:24:59.200Z,50.8443324,3.1100087,423.673,8.46,-42.84,-6.60,3.296,5.047,0.80,24
$GNSS,2024-08-03T09:24:59.400Z,50.8443473,3.1098858,424.839,8.47,-42.98,-6.42,3.298,5.038,0.83,23
$GNSS,2024-08-03T09:24:59.600Z,50.8443622,3.1097622,425.996,8.49,-43.28,-6.27,3.301,5.031,0.87,23
$GNSS,2024-08-03T09:24:59.800Z,50.8443772,3.1096391,427.303,8.79,-43.12,-6.31,3.306,5.022,0.84,22
$GNSS,2024-08-03T09:25:00.000Z,50.8443930,3.1095160,428.614,9.07,-43.20,-6.46,3.309,5.015,0.82,23
$GNSS,2024-08-03T09:25:00.200Z,50.8444091,3.1093925,429.926,9.28,-43.36,-6.48,3.311,4.989,0.84,22
$GNSS,2024-08-03T09:25:00.400Z,50.8444258,3.1092697,431.287,9.71,-42.97,-6.52,3.313,4.964,0.83,22
$GNSS,2024-08-03T09:25:00.600Z,50.8444432,3.1091458,432.498,10.08,-43.34,-6.42,3.313,4.939,0.78,23
$GNSS,2024-08-03T09:25:00.800Z,50.8444611,3.1090218,433.712,10.42,-43.26,-6.17,3.313,4.922,0.80,22
$GNSS,2024-08-03T09:25:01.000Z,50.8444802,3.1088983,434.913,10.94,-43.06,-6.31,3.312,4.909,0.75,22
$GNSS,2024-08-03T09:25:01.200Z,50.8445000,3.1087754,436.086,11.20,-42.83,-6.33,3.310,4.896,0.72,22
$GNSS,2024-08-03T09:25:01.400Z,50.8445204,3.1086532,437.246,11.52,-42.49,-6.32,3.303,4.886,0.71,23
$GNSS,2024-08-03T09:25:01.600Z,50.8445412,3.1085312,438.490,12.08,-42.49,-6.30,3.294,4.872,0.64,23
$GNSS,2024-08-03T09:25:01.800Z,50.8445625,3.1084089,439.609,12.24,-42.53,-5.90,3.284,4.864,0.63,23
$GNSS,2024-08-03T09:25:02.000Z,50.8445849,3.1082875,440.657,12.63,-42.41,-5.77,3.271,4.854,0.60,23
$GNSS,2024-08-03T09:25:02.200Z,50.8446074,3.1081653,441.762,12.96,-42.69,-5.54,3.262,4.851,0.65,23
$GNSS,2024-08-03T09:25:02.400Z,50.8446300,3.1080434,442.839,12.74,-42.41,-5.40,3.253,4.845,0.67,23
$GNSS,2024-08-03T09:25:02.600Z,50.8446536,3.1079222,443.953,13.31,-42.40,-5.82,3.247,4.842,0.70,23
$GNSS,2024-08-03T09:25:02.800Z,50.8446787,3.1078016,445.151,13.85,-42.47,-6.32,3.242,4.841,0.70,23
$GNSS,2024-08-03T09:25:03.000Z,50.8447042,3.1076808,446.519,14.29,-42.34,-6.70,3.238,4.840,0.69,23
$GNSS,2024-08-03T09:25:03.200Z,50.8447302,3.1075601,447.819,14.50,-42.38,-6.70,3.234,4.842,0.69,22
$GNSS,2024-08-03T09:25:03.400Z,50.8447564,3.1074391,449.185,14.69,-42.43,-6.71,3.231,4.845,0.69,22
$GNSS,2024-08-03T09:25:03.600Z,50.8447829,3.1073182,450.588,14.89,-42.29,-6.84,3.228,4.849,0.68,22
$GNSS,2024-08-03T09:25:03.800Z,50.8448099,3.1071981,451.905,15.12,-42.07,-6.74,3.226,4.857,0.69,22
$GNSS,2024-08-03T09:25:04.000Z,50.8448377,3.1070783,453.202,15.55,-42.12,-6.82,3.225,4.867,0.71,22
$GNSS,2024-08-03T09:25:04.200Z,50.8448664,3.1069593,454.469,15.97,-41.76,-6.88,3.225,4.874,0.70,22
$GNSS,2024-08-03T09:25:04.400Z,50.8448953,3.1068401,455.813,16.09,-41.93,-6.92,3.225,4.880,0.69,22
$GNSS,2024-08-03T09:25:04.600Z,50.8449252,3.1067213,457.032,16.56,-41.84,-6.90,3.224,4.887,0.70,22
$GNSS,2024-08-03T09:25:04.800Z,50.8449549,3.1066018,458.306,16.78,-41.86,-6.79,3.222,4.890,0.71,22
$GNSS,2024-08-03T09:25:05.000Z,50.8449843,3.1064818,459.514,16.65,-41.87,-6.14,3.220,4.896,0.71,21
$GNSS,2024-08-03T09:25:05.200Z,50.8450143,3.1063625,460.680,16.82,-41.78,-6.16,3.217,4.899,0.72,23
$GNSS,2024-08-03T09:25:05.400Z,50.8450449,3.1062434,461.814,17.26,-41.70,-6.10,3.213,4.901,0.71,23
$GNSS,2024-08-03T09:25:05.600Z,50.8450750,3.1061236,463.123,17.20,-41.68,-5.87,3.209,4.902,0.72,23
$GNSS,2024-08-03T09:25:05.800Z,50.8451060,3.1060046,464.324,17.49,-41.56,-5.98,3.204,4.897,0.70,23
$GNSS,2024-08-03T09:25:06.000Z,50.8451370,3.1058853,465.508,17.50,-41.69,-5.80,3.198,4.892,0.69,23
$GNSS,2024-08-03T09:25:06.200Z,50.8451684,3.1057669,466.590,17.47,-41.37,-5.85,3.193,4.890,0.72,23
$GNSS,2024-08-03T09:25:06.400Z,50.8451996,3.1056479,467.855,17.94,-41.36,-5.61,3.187,4.889,0.73,23
$GNSS,2024-08-03T09:25:06.600Z,50.8452325,3.1055294,469.028,18.58,-41.42,-5.78,3.183,4.887,0.74,23
$GNSS,2024-08-03T09:25:06.800Z,50.8452660,3.1054112,470.318,18.76,-41.21,-5.99,3.178,4.886,0.73,22
$GNSS,2024-08-03T09:25:07.000Z,50.8453000,3.1052932,471.550,19.10,-41.28,-6.09,3.172,4.882,0.71,22
$GNSS,2024-08-03T09:25:07.200Z,50.8453343,3.1051755,472.737,19.29,-41.16,-5.93,3.165,4.876,0.68,22
$GNSS,2024-08-03T09:25:07.400Z,50.8453696,3.1050587,473.865,19.74,-40.87,-5.97,3.158,4.872,0.72,22
$GNSS,2024-08-03T09:25:07.600Z,50.8454051,3.1049419,475.073,19.98,-40.84,-5.94,3.151,4.869,0.72,22
$GNSS,2024-08-03T09:25:07.800Z,50.8454413,3.1048255,476.217,20.28,-40.71,-5.88,3.144,4.863,0.71,23
$GNSS,2024-08-03T09:25:08.000Z,50.8454782,3.1047099,477.421,20.67,-40.43,-6.16,3.138,4.860,0.71,22
$GNSS,2024-08-03T09:25:08.200Z,50.8455154,3.1045948,478.644,20.92,-40.23,-6.09,3.132,4.857,0.69,22
$GNSS,2024-08-03T09:25:08.400Z,50.8455534,3.1044796,479.711,21.31,-40.63,-5.90,3.124,4.854,0.70,22
$GNSS,2024-08-03T09:25:08.600Z,50.8455918,3.1043644,480.928,21.57,-40.13,-6.05,3.118,4.851,0.70,22
$GNSS,2024-08-03T09:25:08.800Z,50.8456302,3.1042495,482.175,21.64,-40.11,-5.90,3.111,4.849,0.69,22
$GNSS,2024-08-03T09:25:09.000Z,50.8456685,3.1041344,483.446,21.74,-40.11,-5.68,3.103,4.847,0.70,23
$GNSS,2024-08-03T09:25:09.200Z,50.8457077,3.1040198,484.646,22.02,-40.16,-5.86,3.090,4.841,0.68,23
$GNSS,2024-08-03T09:25:09.400Z,50.8457470,3.1039053,485.776,22.05,-40.08,-5.58,3.079,4.837,0.68,22
$GNSS,2024-08-03T09:25:09.600Z,50.8457866,3.1037917,486.998,22.13,-39.75,-5.83,3.069,4.833,0.67,22
$GNSS,2024-08-03T09:25:09.800Z,50.8458262,3.1036781,488.245,22.19,-39.86,-5.69,3.057,4.826,0.63,22
$GNSS,2024-08-03T09:25:10.000Z,50.8458667,3.1035651,489.328,22.67,-39.82,-5.67,3.046,4.818,0.64,22
$GNSS,2024-08-03T09:25:10.200Z,50.8459083,3.1034525,490.385,22.91,-39.89,-5.67,3.036,4.807,0.63,22
$GNSS,2024-08-03T09:25:10.400Z,50.8459500,3.1033399,491.499,23.02,-39.79,-5.58,3.030,4.798,0.66,21
$GNSS,2024-08-03T09:25:10.600Z,50.8459914,3.1032268,492.684,22.85,-39.97,-5.70,3.026,4.791,0.67,21
$GNSS,2024-08-03T09:25:10.800Z,50.8460328,3.1031134,493.831,22.88,-40.06,-5.63,3.023,4.789,0.72,21
$GNSS,2024-08-03T09:25:11.000Z,50.8460742,3.1030005,494.853,23.13,-39.56,-5.33,3.024,4.794,0.78,21
$GNSS,2024-08-03T09:25:11.200Z,50.8461164,3.1028884,495.835,23.52,-39.43,-5.20,3.027,4.800,0.75,21
$GNSS,2024-08-03T09:25:11.400Z,50.8461588,3.1027764,496.843,23.62,-39.35,-5.17,3.029,4.808,0.76,21
$GNSS,2024-08-03T09:25:11.600Z,50.8462015,3.1026644,497.773,23.76,-39.32,-5.11,3.030,4.814,0.73,22
$GNSS,2024-08-03T09:25:11.800Z,50.8462445,3.1025528,498.807,23.94,-39.16,-5.28,3.030,4.819,0.71,22
$GNSS,2024-08-03T09:25:12.000Z,50.8462864,3.1024401,500.106,23.73,-39.28,-5.17,3.030,4.825,0.74,22
$GNSS,2024-08-03T09:25:12.200Z,50.8463283,3.1023275,501.497,23.73,-39.23,-5.52,3.030,4.830,0.74,22
$GNSS,2024-08-03T09:25:12.400Z,50.8463703,3.1022156,502.949,23.89,-38.94,-5.86,3.029,4.834,0.73,23
$GNSS,2024-08-03T09:25:12.600Z,50.8464125,3.1021042,504.423,23.83,-38.89,-6.22,3.028,4.836,0.73,23
$GNSS,2024-08-03T09:25:12.800Z,50.8464552,3.1019933,505.721,24.04,-38.84,-6.23,3.027,4.839,0.77,23
$GNSS,2024-08-03T09:25:13.000Z,50.8464986,3.1018823,507.035,24.37,-39.00,-6.44,3.028,4.842,0.78,23
$GNSS,2024-08-03T09:25:13.200Z,50.8465420,3.1017709,508.330,24.43,-38.98,-6.21,3.029,4.847,0.81,23
$GNSS,2024-08-03T09:25:13.400Z,50.8465872,3.1016616,509.510,25.07,-38.48,-6.44,3.029,4.852,0.81,23
$GNSS,2024-08-03T09:25:13.600Z,50.8466328,3.1015522,510.669,25.28,-38.65,-6.37,3.031,4.857,0.78,22
$GNSS,2024-08-03T09:25:13.800Z,50.8466791,3.1014431,511.845,25.70,-38.49,-6.49,3.033,4.864,0.78,22
$GNSS,2024-08-03T09:25:14.000Z,50.8467259,3.1013349,513.134,26.05,-38.17,-6.49,3.035,4.873,0.77,24
$GNSS,2024-08-03T09:25:14.200Z,50.8467733,3.1012277,514.427,26.29,-37.91,-6.66,3.038,4.884,0.78,23
$GNSS,2024-08-03T09:25:14.400Z,50.8468214,3.1011210,515.619,26.58,-37.83,-6.58,3.042,4.894,0.78,23
$GNSS,2024-08-03T09:25:14.600Z,50.8468702,3.1010141,516.663,27.02,-38.03,-6.22,3.046,4.904,0.76,23
$GNSS,2024-08-03T09:25:14.800Z,50.8469189,3.1009057,517.715,26.97,-38.36,-5.88,3.052,4.916,0.78,21
$GNSS,2024-08-03T09:25:15.000Z,50.8469684,3.1007974,518.643,27.43,-38.23,-5.66,3.060,4.927,0.76,21
$GNSS,2024-08-03T09:25:15.200Z,50.8470190,3.1006904,519.500,27.68,-38.11,-5.73,3.066,4.935,0.73,23
$GNSS,2024-08-03T09:25:15.400Z,50.8470694,3.1005828,520.583,28.03,-38.17,-5.74,3.073,4.946,0.80,23
$GNSS,2024-08-03T09:25:15.600Z,50.8471200,3.1004739,521.729,28.39,-38.37,-5.62,3.083,4.962,0.78,21
$GNSS,2024-08-03T09:25:15.800Z,50.8471713,3.1003655,522.791,28.61,-38.08,-5.58,3.092,4.978,0.79,21
$GNSS,2024-08-03T09:25:16.000Z,50.8472230,3.1002578,523.874,28.81,-37.88,-5.63,3.101,4.993,0.78,21
$GNSS,2024-08-03T09:25:16.200Z,50.8472751,3.1001508,524.902,29.18,-37.75,-5.21,3.108,5.010,0.83,23
$GNSS,2024-08-03T09:25:16.400Z,50.8473280,3.1000434,525.913,29.55,-38.08,-5.20,3.115,5.031,0.91,23
$GNSS,2024-08-03T09:25:16.600Z,50.8473821,3.0999367,526.653,29.76,-38.14,-5.05,3.123,5.055,0.90,22
$GNSS,2024-08-03T09:25:16.800Z,50.8474357,3.0998301,527.437,29.79,-37.65,-4.57,3.131,5.077,0.92,22
$GNSS,2024-08-03T09:25:17.000Z,50.8474891,3.0997228,528.287,29.92,-37.88,-4.17,3.141,5.099,0.97,21
$GNSS,2024-08-03T09:25:17.200Z,50.8475430,3.0996163,529.263,30.10,-37.60,-4.16,3.150,5.123,1.01,22
$GNSS,2024-08-03T09:25:17.400Z,50.8475979,3.0995094,530.125,30.64,-38.03,-4.15,3.162,5.151,1.00,21
$GNSS,2024-08-03T09:25:17.600Z,50.8476539,3.0994026,530.792,31.18,-37.90,-3.75,3.177,5.177,0.98,21
$GNSS,2024-08-03T09:25:17.800Z,50.8477100,3.0992968,531.499,30.94,-37.60,-3.86,3.191,5.203,0.97,21
$GNSS,2024-08-03T09:25:18.000Z,50.8477666,3.0991905,532.176,31.28,-38.00,-3.91,3.203,5.227,0.94,21
$GNSS,2024-08-03T09:25:18.200Z,50.8478230,3.0990829,532.994,31.46,-38.11,-3.77,3.215,5.251,0.93,21
$GNSS,2024-08-03T09:25:18.400Z,50.8478798,3.0989753,533.658,31.59,-38.15,-3.38,3.226,5.274,0.92,21
$GNSS,2024-08-03T09:25:18.600Z,50.8479372,3.0988674,534.445,31.93,-38.16,-3.54,3.238,5.298,0.93,20
$GNSS,2024-08-03T09:25:18.800Z,50.8479959,3.0987596,535.271,32.67,-38.25,-3.86,3.251,5.322,0.97,20
$GNSS,2024-08-03T09:25:19.000Z,50.8480565,3.0986516,536.033,33.46,-38.67,-4.32,3.263,5.344,1.00,20
$GNSS,2024-08-03T09:25:19.200Z,50.8481172,3.0985438,536.601,33.49,-38.44,-3.94,3.276,5.367,0.96,20
$GNSS,2024-08-03T09:25:19.400Z,50.8481782,3.0984356,537.306,33.74,-38.50,-3.94,3.287,5.387,0.91,20
$GNSS,2024-08-03T09:25:19.600Z,50.8482396,3.0983277,538.047,33.95,-38.26,-3.93,3.297,5.406,0.92,20
$GNSS,2024-08-03T09:25:19.800Z,50.8483013,3.0982212,538.531,33.99,-38.02,-3.60,3.306,5.426,0.87,20
$GNSS,2024-08-03T09:25:20.000Z,50.8483643,3.0981143,539.035,34.85,-38.35,-3.61,3.314,5.447,0.89,20
$GNSS,2024-08-03T09:25:20.200Z,50.8484281,3.0980079,539.362,35.01,-38.22,-3.32,3.321,5.465,0.89,20
$GNSS,2024-08-03T09:25:20.400Z,50.8484923,3.0979009,540.047,35.57,-37.95,-3.32,3.319,5.469,0.84,20
$GNSS,2024-08-03T09:25:20.600Z,50.8485568,3.0977945,540.903,35.55,-37.71,-3.53,3.309,5.461,0.86,20
$GNSS,2024-08-03T09:25:20.800Z,50.8486216,3.0976877,541.762,35.91,-37.93,-3.58,3.297,5.445,0.80,20
$GNSS,2024-08-03T09:25:21.000Z,50.8486875,3.0975816,542.356,36.30,-38.01,-3.31,3.284,5.429,0.79,20
$GNSS,2024-08-03T09:25:21.200Z,50.8487536,3.0974755,542.989,36.59,-37.73,-3.20,3.280,5.432,0.84,20
$GNSS,2024-08-03T09:25:21.400Z,50.8488198,3.0973690,543.608,36.60,-37.95,-3.14,3.281,5.443,0.89,20
$GNSS,2024-08-03T09:25:21.600Z,50.8488868,3.0972619,544.272,37.06,-38.28,-3.45,3.280,5.451,0.91,21
$GNSS,2024-08-03T09:25:21.800Z,50.8489543,3.0971544,545.027,37.33,-38.15,-3.68,3.281,5.461,0.91,21
$GNSS,2024-08-03T09:25:22.000Z,50.8490224,3.0970468,545.688,37.79,-38.29,-3.53,3.283,5.473,0.95,21
$GNSS,2024-08-03T09:25:22.200Z,50.8490912,3.0969392,546.347,38.00,-38.28,-3.59,3.285,5.485,0.94,21
$GNSS,2024-08-03T09:25:22.400Z,50.8491599,3.0968329,547.137,37.94,-37.50,-3.85,3.290,5.500,1.02,21
$GNSS,2024-08-03T09:25:22.600Z,50.8492293,3.0967269,547.992,38.51,-37.67,-4.15,3.295,5.516,1.01,21
$GNSS,2024-08-03T09:25:22.800Z,50.8492988,3.0966214,549.038,38.43,-37.21,-4.60,3.301,5.533,1.03,21
$GNSS,2024-08-03T09:25:23.000Z,50.8493679,3.0965158,550.049,38.39,-37.13,-4.42,3.307,5.550,1.03,21
$GNSS,2024-08-03T09:25:23.200Z,50.8494374,3.0964110,550.941,38.54,-36.98,-4.29,3.313,5.567,1.00,21
$GNSS,2024-08-03T09:25:23.400Z,50.8495071,3.0963065,551.772,38.53,-36.99,-4.20,3.318,5.583,0.98,21
$GNSS,2024-08-03T09:25:23.600Z,50.8495782,3.0962013,552.738,39.47,-37.27,-4.61,3.323,5.598,0.97,20
$GNSS,2024-08-03T09:25:23.800Z,50.8496502,3.0960962,553.660,39.76,-37.19,-4.76,3.327,5.615,0.95,20
$GNSS,2024-08-03T09:25:24.000Z,50.8497227,3.0959913,554.523,39.94,-37.14,-4.76,3.330,5.631,0.93,20
$GNSS,2024-08-03T09:25:24.200Z,50.8497952,3.0958865,555.343,40.11,-37.03,-4.48,3.340,5.660,0.92,19
$GNSS,2024-08-03T09:25:24.400Z,50.8498690,3.0957826,556.024,40.59,-37.11,-4.63,3.353,5.691,0.95,18
$GNSS,2024-08-03T09:25:24.600Z,50.8499426,3.0956782,556.767,40.45,-37.06,-4.54,3.363,5.717,0.99,19
$GNSS,2024-08-03T09:25:24.800Z,50.8500159,3.0955737,557.530,40.53,-36.89,-4.18,3.375,5.744,1.09,19
$GNSS,2024-08-03T09:25:25.000Z,50.8500895,3.0954704,558.450,40.71,-36.31,-4.39,3.392,5.778,1.03,18
$GNSS,2024-08-03T09:25:25.200Z,50.8501639,3.0953672,559.414,41.07,-36.53,-4.73,3.412,5.811,1.05,18
$GNSS,2024-08-03T09:25:25.400Z,50.8502394,3.0952650,560.309,41.54,-36.42,-5.26,3.433,5.846,1.14,18
$GNSS,2024-08-03T09:25:25.600Z,50.8503155,3.0951615,561.464,42.12,-36.63,-5.51,3.451,5.873,1.16,19
$GNSS,2024-08-03T09:25:25.800Z,50.8503917,3.0950575,562.465,42.17,-36.80,-5.26,3.462,5.890,1.08,20
$GNSS,2024-08-03T09:25:26.000Z,50.8504693,3.0949542,563.144,42.80,-36.97,-4.95,3.470,5.904,1.07,20
$GNSS,2024-08-03T09:25:26.200Z,50.8505465,3.0948519,563.681,42.19,-36.66,-4.91,3.477,5.917,1.08,20
$GNSS,2024-08-03T09:25:26.400Z,50.8506228,3.0947477,564.593,42.31,-36.76,-4.67,3.479,5.927,1.04,21
$GNSS,2024-08-03T09:25:26.600Z,50.8506997,3.0946433,565.569,42.64,-36.86,-4.74,3.481,5.931,1.07,21
$GNSS,2024-08-03T09:25:26.800Z,50.8507761,3.0945401,566.236,42.05,-36.55,-4.48,3.482,5.933,1.01,21
$GNSS,2024-08-03T09:25:27.000Z,50.8508519,3.0944369,567.089,41.98,-36.35,-4.31,3.482,5.935,0.99,21
$GNSS,2024-08-03T09:25:27.200Z,50.8509281,3.0943335,567.771,42.12,-36.70,-4.17,3.480,5.934,0.96,21
$GNSS,2024-08-03T09:25:27.400Z,50.8510050,3.0942308,568.393,42.45,-36.39,-4.20,3.479,5.932,0.96,21
$GNSS,2024-08-03T09:25:27.600Z,50.8510815,3.0941271,569.402,42.45,-36.50,-4.44,3.479,5.928,0.97,20
$GNSS,2024-08-03T09:25:27.800Z,50.8511591,3.0940228,570.239,42.97,-37.02,-4.63,3.478,5.927,0.95,20
$GNSS,2024-08-03T09:25:28.000Z,50.8512368,3.0939176,571.229,42.92,-37.11,-4.92,3.477,5.927,0.94,20
$GNSS,2024-08-03T09:25:28.200Z,50.8513150,3.0938128,572.157,43.26,-37.07,-5.09,3.475,5.926,0.97,21
$GNSS,2024-08-03T09:25:28.400Z,50.8513927,3.0937076,572.786,42.73,-37.24,-4.50,3.473,5.917,0.96,22
$GNSS,2024-08-03T09:25:28.600Z,50.8514703,3.0936015,573.480,42.82,-37.71,-4.39,3.470,5.908,0.97,22
$GNSS,2024-08-03T09:25:28.800Z,50.8515485,3.0934950,574.207,43.12,-37.76,-4.75,3.467,5.899,0.97,22
$GNSS,2024-08-03T09:25:29.000Z,50.8516266,3.0933895,574.851,42.94,-37.28,-4.67,3.462,5.887,0.97,22
$GNSS,2024-08-03T09:25:29.200Z,50.8517041,3.0932842,575.900,42.65,-37.13,-5.06,3.456,5.874,0.94,22
$GNSS,2024-08-03T09:25:29.400Z,50.8517815,3.0931787,577.057,42.81,-37.28,-5.43,3.449,5.860,0.93,22
$GNSS,2024-08-03T09:25:29.600Z,50.8518589,3.0930733,578.028,42.83,-37.13,-5.19,3.441,5.848,0.89,22
$GNSS,2024-08-03T09:25:29.800Z,50.8519369,3.0929679,578.906,43.04,-37.49,-5.25,3.433,5.835,0.91,22
$GNSS,2024-08-03T09:25:30.000Z,50.8520149,3.0928624,579.739,42.97,-37.41,-5.24,3.426,5.827,0.95,21
$GNSS,2024-08-03T09:25:30.200Z,50.8520927,3.0927574,580.676,42.71,-37.24,-5.31,3.416,5.812,0.92,23
$GNSS,2024-08-03T09:25:30.400Z,50.8521702,3.0926532,581.413,42.63,-37.10,-5.25,3.402,5.793,0.92,23
$GNSS,2024-08-03T09:25:30.600Z,50.8522479,3.0925483,582.216,42.70,-37.43,-5.15,3.389,5.777,0.92,23
$GNSS,2024-08-03T09:25:30.800Z,50.8523260,3.0924426,583.203,43.12,-37.54,-5.48,3.377,5.767,0.94,23
$GNSS,2024-08-03T09:25:31.000Z,50.8524043,3.0923366,584.207,43.24,-37.57,-5.54,3.368,5.757,0.93,23
$GNSS,2024-08-03T09:25:31.200Z,50.8524830,3.0922310,585.009,43.23,-37.59,-5.67,3.359,5.746,0.85,23
$GNSS,2024-08-03T09:25:31.400Z,50.8525619,3.0921250,585.720,43.37,-37.81,-5.47,3.349,5.736,0.88,23
$GNSS,2024-08-03T09:25:31.600Z,50.8526408,3.0920179,586.269,43.24,-38.45,-5.18,3.339,5.725,0.94,23
$GNSS,2024-08-03T09:25:31.800Z,50.8527194,3.0919112,587.139,43.28,-37.76,-5.00,3.330,5.704,0.93,24
$GNSS,2024-08-03T09:25:32.000Z,50.8527982,3.0918047,587.981,43.23,-38.11,-5.07,3.320,5.682,0.91,24
$GNSS,2024-08-03T09:25:32.200Z,50.8528771,3.0916979,588.873,43.52,-37.91,-5.29,3.313,5.671,0.99,24
$GNSS,2024-08-03T09:25:32.400Z,50.8529561,3.0915901,589.863,43.47,-38.35,-5.58,3.312,5.668,1.05,23
$GNSS,2024-08-03T09:25:32.600Z,50.8530343,3.0914815,591.005,43.18,-38.42,-5.60,3.311,5.663,1.02,24
$GNSS,2024-08-03T09:25:32.800Z,50.8531126,3.0913737,592.153,43.32,-38.02,-5.87,3.309,5.656,0.98,24
$GNSS,2024-08-03T09:25:33.000Z,50.8531910,3.0912660,593.213,43.27,-38.16,-5.73,3.306,5.650,0.95,24
$GNSS,2024-08-03T09:25:33.200Z,50.8532690,3.0911577,594.415,43.03,-38.35,-5.97,3.303,5.644,0.95,24
$GNSS,2024-08-03T09:25:33.400Z,50.8533470,3.0910495,595.668,42.98,-38.29,-6.45,3.302,5.647,0.97,21
$GNSS,2024-08-03T09:25:33.600Z,50.8534251,3.0909422,596.572,42.85,-38.15,-6.25,3.301,5.646,0.93,22
$GNSS,2024-08-03T09:25:33.800Z,50.8535028,3.0908358,597.556,42.77,-37.61,-6.22,3.298,5.645,0.94,22
$GNSS,2024-08-03T09:25:34.000Z,50.8535805,3.0907286,598.768,42.98,-38.04,-6.32,3.295,5.644,0.95,22
$GNSS,2024-08-03T09:25:34.200Z,50.8536585,3.0906211,599.949,42.95,-38.17,-6.39,3.291,5.641,0.93,22
$GNSS,2024-08-03T09:25:34.400Z,50.8537367,3.0905132,600.878,43.06,-38.51,-6.29,3.286,5.638,0.90,21
$GNSS,2024-08-03T09:25:34.600Z,50.8538144,3.0904048,602.086,42.95,-38.38,-6.37,3.281,5.631,0.94,20
$GNSS,2024-08-03T09:25:34.800Z,50.8538921,3.0902976,603.137,42.79,-38.19,-6.35,3.275,5.621,0.91,20
$GNSS,2024-08-03T09:25:35.000Z,50.8539698,3.0901911,604.257,42.81,-37.89,-6.30,3.269,5.612,0.91,21
$GNSS,2024-08-03T09:25:35.200Z,50.8540474,3.0900849,605.513,42.85,-37.88,-6.52,3.263,5.603,0.91,21
$GNSS,2024-08-03T09:25:35.400Z,50.8541256,3.0899788,606.743,43.18,-37.93,-6.77,3.257,5.593,0.93,20
$GNSS,2024-08-03T09:25:35.600Z,50.8542032,3.0898730,607.884,42.78,-37.65,-6.33,3.252,5.582,0.89,20
$GNSS,2024-08-03T09:25:35.800Z,50.8542807,3.0897670,609.192,42.99,-37.55,-6.43,3.246,5.573,0.94,20
$GNSS,2024-08-03T09:25:36.000Z,50.8543589,3.0896607,610.570,43.15,-37.83,-6.90,3.240,5.569,0.93,22
$GNSS,2024-08-03T09:25:36.200Z,50.8544372,3.0895533,611.981,43.34,-38.19,-7.05,3.236,5.564,0.97,21
$GNSS,2024-08-03T09:25:36.400Z,50.8545156,3.0894463,613.288,43.33,-37.86,-7.06,3.235,5.562,0.98,20
$GNSS,2024-08-03T09:25:36.600Z,50.8545933,3.0893399,614.669,42.90,-37.74,-7.14,3.234,5.560,0.99,20
$GNSS,2024-08-03T09:25:36.800Z,50.8546707,3.0892338,616.031,43.02,-37.41,-6.87,3.234,5.559,0.98,20
$GNSS,2024-08-03T09:25:37.000Z,50.8547488,3.0891284,617.068,42.93,-37.52,-6.60,3.231,5.554,0.96,21
$GNSS,2024-08-03T09:25:37.200Z,50.8548275,3.0890225,618.148,43.35,-37.72,-6.73,3.228,5.551,0.92,21
$GNSS,2024-08-03T09:25:37.400Z,50.8549062,3.0889162,619.155,43.18,-37.80,-6.45,3.224,5.548,0.90,21
$GNSS,2024-08-03T09:25:37.600Z,50.8549849,3.0888100,620.109,43.29,-37.72,-6.34,3.221,5.547,0.93,21
$GNSS,2024-08-03T09:25:37.800Z,50.8550637,3.0887037,621.042,43.28,-37.84,-6.20,3.219,5.545,0.94,21
$GNSS,2024-08-03T09:25:38.000Z,50.8551424,3.0885974,622.112,43.26,-37.70,-6.40,3.218,5.545,0.95,20
$GNSS,2024-08-03T09:25:38.200Z,50.8552207,3.0884911,623.262,43.15,-37.67,-6.49,3.219,5.545,0.98,20
$GNSS,2024-08-03T09:25:38.400Z,50.8552981,3.0883838,624.662,42.94,-37.90,-6.45,3.219,5.546,0.99,20
$GNSS,2024-08-03T09:25:38.600Z,50.8553751,3.0882766,625.973,42.72,-37.74,-6.24,3.220,5.546,0.95,20
$GNSS,2024-08-03T09:25:38.800Z,50.8554524,3.0881702,627.092,42.79,-37.51,-5.97,3.221,5.546,0.95,20
$GNSS,2024-08-03T09:25:39.000Z,50.8555305,3.0880632,628.171,43.07,-37.97,-6.09,3.221,5.546,0.93,21
$GNSS,2024-08-03T09:25:39.200Z,50.8556090,3.0879548,629.233,43.27,-38.44,-6.18,3.222,5.547,0.92,20
$GNSS,2024-08-03T09:25:39.400Z,50.8556870,3.0878469,630.266,42.80,-38.03,-6.09,3.222,5.546,0.95,20
$GNSS,2024-08-03T09:25:39.600Z,50.8557648,3.0877397,631.353,42.87,-37.79,-6.27,3.225,5.551,0.97,20
$GNSS,2024-08-03T09:25:39.800Z,50.8558426,3.0876318,632.398,42.85,-38.18,-6.14,3.229,5.558,0.96,20
$GNSS,2024-08-03T09:25:40.000Z,50.8559206,3.0875239,633.354,42.99,-38.04,-5.95,3.236,5.569,0.96,19
$GNSS,2024-08-03T09:25:40.200Z,50.8559989,3.0874158,634.331,43.15,-38.18,-5.80,3.243,5.580,0.95,20
$GNSS,2024-08-03T09:25:40.400Z,50.8560769,3.0873078,635.291,42.87,-38.11,-5.79,3.249,5.592,0.96,20
$GNSS,2024-08-03T09:25:40.600Z,50.8561546,3.0872001,636.123,42.69,-38.08,-5.57,3.254,5.596,0.98,21
$GNSS,2024-08-03T09:25:40.800Z,50.8562326,3.0870929,637.049,42.83,-37.96,-5.95,3.258,5.601,0.97,21
$GNSS,2024-08-03T09:25:41.000Z,50.8563102,3.0869844,638.283,42.94,-38.21,-6.17,3.263,5.606,0.98,21
$GNSS,2024-08-03T09:25:41.200Z,50.8563875,3.0868750,639.563,42.83,-38.46,-6.12,3.267,5.610,0.95,21
$GNSS,2024-08-03T09:25:41.400Z,50.8564651,3.0867657,640.767,42.82,-38.66,-6.32,3.270,5.611,0.94,21
$GNSS,2024-08-03T09:25:41.600Z,50.8565421,3.0866570,641.907,42.52,-38.38,-6.27,3.272,5.613,1.00,20
$GNSS,2024-08-03T09:25:41.800Z,50.8566185,3.0865484,643.379,42.32,-38.29,-6.70,3.274,5.615,0.95,20
$GNSS,2024-08-03T09:25:42.000Z,50.8566950,3.0864393,644.821,42.46,-38.57,-6.96,3.275,5.616,0.93,20
$GNSS,2024-08-03T09:25:42.200Z,50.8567714,3.0863299,646.219,42.31,-38.53,-6.88,3.276,5.617,0.94,20
$GNSS,2024-08-03T09:25:42.400Z,50.8568478,3.0862197,647.650,42.41,-38.92,-6.93,3.278,5.619,0.93,20
$GNSS,2024-08-03T09:25:42.600Z,50.8569245,3.0861098,648.971,42.38,-38.67,-6.88,3.280,5.622,0.95,20
$GNSS,2024-08-03T09:25:42.800Z,50.8570020,3.0860001,650.131,42.75,-38.91,-6.87,3.282,5.628,0.93,18
$GNSS,2024-08-03T09:25:43.000Z,50.8570793,3.0858908,651.495,42.53,-38.46,-7.21,3.287,5.640,0.93,16
$GNSS,2024-08-03T09:25:43.200Z,50.8571564,3.0857820,652.745,42.45,-38.42,-7.09,3.290,5.650,0.95,17
$GNSS,2024-08-03T09:25:43.400Z,50.8572327,3.0856729,654.081,42.21,-38.36,-6.82,3.292,5.649,0.93,17
$GNSS,2024-08-03T09:25:43.600Z,50.8573086,3.0855630,655.370,42.16,-38.60,-6.40,3.293,5.647,0.87,17
$GNSS,2024-08-03T09:25:43.800Z,50.8573846,3.0854525,656.690,42.18,-38.83,-6.14,3.292,5.644,0.84,18
$GNSS,2024-08-03T09:25:44.000Z,50.8574605,3.0853425,658.085,42.12,-38.82,-6.20,3.289,5.640,0.82,19
$GNSS,2024-08-03T09:25:44.200Z,50.8575359,3.0852321,659.537,41.89,-38.82,-6.17,3.284,5.623,0.77,19
$GNSS,2024-08-03T09:25:44.400Z,50.8576116,3.0851216,660.820,42.00,-38.79,-6.27,3.276,5.608,0.84,20
$GNSS,2024-08-03T09:25:44.600Z,50.8576881,3.0850116,661.940,42.33,-38.67,-6.09,3.274,5.609,0.87,20
$GNSS,2024-08-03T09:25:44.800Z,50.8577654,3.0849024,663.015,42.64,-38.56,-6.16,3.272,5.609,0.86,20
$GNSS,2024-08-03T09:25:45.000Z,50.8578425,3.0847931,664.100,42.49,-38.65,-6.12,3.271,5.604,0.85,20
$GNSS,2024-08-03T09:25:45.200Z,50.8579197,3.0846837,665.033,42.56,-38.87,-5.88,3.268,5.594,0.82,20
$GNSS,2024-08-03T09:25:45.400Z,50.8579970,3.0845744,665.918,42.51,-38.74,-5.81,3.265,5.580,0.82,20
$GNSS,2024-08-03T09:25:45.600Z,50.8580738,3.0844651,666.962,42.47,-38.62,-5.68,3.262,5.564,0.81,20
$GNSS,2024-08-03T09:25:45.800Z,50.8581509,3.0843560,667.973,42.54,-38.71,-5.74,3.258,5.547,0.78,20
$GNSS,2024-08-03T09:25:46.000Z,50.8582277,3.0842480,668.961,42.31,-38.33,-5.72,3.254,5.531,0.83,20
$GNSS,2024-08-03T09:25:46.200Z,50.8583040,3.0841388,670.075,42.21,-38.72,-5.65,3.250,5.519,0.86,20
$GNSS,2024-08-03T09:25:46.400Z,50.8583806,3.0840304,671.197,42.24,-38.44,-6.13,3.246,5.508,0.89,20
$GNSS,2024-08-03T09:25:46.600Z,50.8584567,3.0839203,672.569,42.26,-38.80,-6.43,3.244,5.499,0.94,20
$GNSS,2024-08-03T09:25:46.800Z,50.8585329,3.0838097,673.918,42.24,-39.01,-6.55,3.242,5.491,0.96,20
$GNSS,2024-08-03T09:25:47.000Z,50.8586093,3.0836990,675.166,42.29,-38.95,-6.39,3.241,5.484,0.98,20
$GNSS,2024-08-03T09:25:47.200Z,50.8586855,3.0835884,676.314,42.12,-39.01,-6.15,3.242,5.480,1.01,20
$GNSS,2024-08-03T09:25:47.400Z,50.8587616,3.0834788,677.288,41.92,-38.79,-5.91,3.244,5.474,0.96,20
$GNSS,2024-08-03T09:25:47.600Z,50.8588371,3.0833690,678.403,41.67,-38.77,-5.96,3.243,5.463,0.94,20
$GNSS,2024-08-03T09:25:47.800Z,50.8589130,3.0832587,679.535,42.06,-39.05,-6.20,3.239,5.447,0.92,20
$GNSS,2024-08-03T09:25:48.000Z,50.8589896,3.0831478,680.647,42.17,-39.05,-6.32,3.233,5.431,0.88,20
$GNSS,2024-08-03T09:25:48.200Z,50.8590657,3.0830358,681.979,42.29,-39.29,-6.34,3.228,5.413,0.91,19
$GNSS,2024-08-03T09:25:48.400Z,50.8591418,3.0829241,683.223,42.02,-39.26,-6.39,3.224,5.401,0.94,19
$GNSS,2024-08-03T09:25:48.600Z,50.8592183,3.0828133,684.375,42.09,-39.12,-6.70,3.219,5.393,0.94,20
$GNSS,2024-08-03T09:25:48.800Z,50.8592941,3.0827016,685.594,41.73,-39.15,-6.42,3.217,5.390,0.92,20
$GNSS,2024-08-03T09:25:49.000Z,50.8593699,3.0825896,686.707,41.74,-39.62,-6.30,3.214,5.386,0.94,21
$GNSS,2024-08-03T09:25:49.200Z,50.8594458,3.0824770,687.897,41.81,-39.63,-6.53,3.212,5.383,0.91,22
$GNSS,2024-08-03T09:25:49.400Z,50.8595217,3.0823643,689.127,41.86,-39.66,-6.73,3.209,5.380,0.91,22
$GNSS,2024-08-03T09:25:49.600Z,50.8595970,3.0822517,690.360,41.42,-39.41,-6.59,3.206,5.377,0.92,22
$GNSS,2024-08-03T09:25:49.800Z,50.8596724,3.0821397,691.581,41.55,-39.55,-6.91,3.205,5.376,0.94,21
$GNSS,2024-08-03T09:25:50.000Z,50.8597477,3.0820280,692.733,41.50,-39.34,-6.89,3.204,5.375,0.92,21
$GNSS,2024-08-03T09:25:50.200Z,50.8598231,3.0819157,694.154,41.67,-39.46,-7.34,3.203,5.373,0.93,21
$GNSS,2024-08-03T09:25:50.400Z,50.8598992,3.0818026,695.618,42.11,-39.75,-7.57,3.203,5.373,0.95,21
$GNSS,2024-08-03T09:25:50.600Z,50.8599749,3.0816900,696.951,41.61,-39.53,-7.41,3.204,5.372,0.92,21
$GNSS,2024-08-03T09:25:50.800Z,50.8600499,3.0815774,698.363,41.34,-39.48,-7.41,3.205,5.371,0.91,21
$GNSS,2024-08-03T09:25:51.000Z,50.8601247,3.0814653,699.689,41.15,-39.62,-7.64,3.205,5.371,0.92,21
$GNSS,2024-08-03T09:25:51.200Z,50.8601998,3.0813540,700.850,41.39,-39.41,-7.59,3.204,5.366,0.91,21
$GNSS,2024-08-03T09:25:51.400Z,50.8602751,3.0812423,702.098,41.46,-39.66,-7.70,3.202,5.361,0.92,21
$GNSS,2024-08-03T09:25:51.600Z,50.8603503,3.0811302,703.510,41.43,-39.42,-7.78,3.200,5.355,0.89,21
$GNSS,2024-08-03T09:25:51.800Z,50.8604255,3.0810197,704.608,41.35,-39.39,-7.70,3.194,5.345,0.87,22
$GNSS,2024-08-03T09:25:52.000Z,50.8605002,3.0809086,705.861,41.20,-39.38,-7.45,3.188,5.338,0.92,21
$GNSS,2024-08-03T09:25:52.200Z,50.8605743,3.0807973,707.156,40.83,-39.25,-7.33,3.183,5.333,0.92,22
$GNSS,2024-08-03T09:25:52.400Z,50.8606486,3.0806857,708.542,41.18,-39.35,-7.47,3.177,5.327,0.90,22
$GNSS,2024-08-03T09:25:52.600Z,50.8607228,3.0805730,709.989,41.01,-39.68,-7.38,3.172,5.322,0.91,22
$GNSS,2024-08-03T09:25:52.800Z,50.8607972,3.0804597,711.397,41.19,-39.94,-7.45,3.167,5.319,0.91,22
$GNSS,2024-08-03T09:25:53.000Z,50.8608720,3.0803475,712.770,41.20,-39.54,-7.79,3.163,5.317,0.93,22
$GNSS,2024-08-03T09:25:53.200Z,50.8609461,3.0802351,714.265,40.84,-39.60,-7.87,3.160,5.319,0.93,21
$GNSS,2024-08-03T09:25:53.400Z,50.8610193,3.0801226,715.697,40.58,-39.36,-7.45,3.156,5.319,0.90,21
$GNSS,2024-08-03T09:25:53.600Z,50.8610925,3.0800096,717.091,40.61,-39.60,-7.04,3.154,5.326,0.90,21
$GNSS,2024-08-03T09:25:53.800Z,50.8611659,3.0798966,718.382,40.62,-39.68,-6.81,3.151,5.332,0.90,21
$GNSS,2024-08-03T09:25:54.000Z,50.8612396,3.0797833,719.567,40.83,-39.93,-6.70,3.149,5.337,0.90,21
$GNSS,2024-08-03T09:25:54.200Z,50.8613129,3.0796701,720.760,40.48,-39.73,-6.62,3.147,5.338,0.88,21
$GNSS,2024-08-03T09:25:54.400Z,50.8613861,3.0795582,721.918,40.25,-39.38,-6.70,3.141,5.334,0.84,22
$GNSS,2024-08-03T09:25:54.600Z,50.8614586,3.0794459,723.234,40.15,-39.37,-6.66,3.137,5.333,0.83,21
$GNSS,2024-08-03T09:25:54.800Z,50.8615313,3.0793335,724.612,40.39,-39.50,-6.97,3.130,5.328,0.84,22
$GNSS,2024-08-03T09:25:55.000Z,50.8616043,3.0792206,726.074,40.56,-39.58,-7.12,3.123,5.324,0.85,22
$GNSS,2024-08-03T09:25:55.200Z,50.8616777,3.0791082,727.317,40.61,-39.63,-7.00,3.116,5.322,0.86,22
$GNSS,2024-08-03T09:25:55.400Z,50.8617509,3.0789961,728.706,40.52,-39.27,-7.18,3.110,5.321,0.87,22
$GNSS,2024-08-03T09:25:55.600Z,50.8618238,3.0788841,730.092,40.37,-39.47,-7.14,3.105,5.320,0.90,22
$GNSS,2024-08-03T09:25:55.800Z,50.8618967,3.0787717,731.544,40.53,-39.41,-7.16,3.100,5.319,0.87,22
$GNSS,2024-08-03T09:25:56.000Z,50.8619698,3.0786595,733.058,40.59,-39.38,-7.30,3.095,5.316,0.86,22
$GNSS,2024-08-03T09:25:56.200Z,50.8620427,3.0785469,734.394,40.50,-39.69,-6.92,3.090,5.315,0.87,20
$GNSS,2024-08-03T09:25:56.400Z,50.8621160,3.0784345,735.793,40.71,-39.49,-7.19,3.085,5.315,0.87,20
$GNSS,2024-08-03T09:25:56.600Z,50.8621899,3.0783214,737.282,41.26,-39.88,-7.27,3.081,5.315,0.90,20
$GNSS,2024-08-03T09:25:56.800Z,50.8622638,3.0782085,738.732,40.96,-39.65,-7.39,3.077,5.314,0.92,20
$GNSS,2024-08-03T09:25:57.000Z,50.8623379,3.0780963,740.058,41.07,-39.78,-7.64,3.075,5.317,0.95,20
$GNSS,2024-08-03T09:25:57.200Z,50.8624113,3.0779842,741.408,40.58,-39.47,-7.57,3.074,5.321,0.93,20
$GNSS,2024-08-03T09:25:57.400Z,50.8624840,3.0778728,742.717,40.20,-39.23,-7.45,3.073,5.326,0.92,20
$GNSS,2024-08-03T09:25:57.600Z,50.8625559,3.0777611,744.171,40.01,-39.14,-7.11,3.073,5.332,0.92,21
$GNSS,2024-08-03T09:25:57.800Z,50.8626280,3.0776488,745.502,40.12,-39.64,-6.95,3.072,5.337,0.93,21
$GNSS,2024-08-03T09:25:58.000Z,50.8627003,3.0775364,746.740,40.02,-39.59,-6.81,3.072,5.342,0.90,22
$GNSS,2024-08-03T09:25:58.200Z,50.8627723,3.0774236,748.095,39.94,-39.64,-6.82,3.072,5.348,0.92,21
$GNSS,2024-08-03T09:25:58.400Z,50.8628444,3.0773108,749.235,39.99,-39.81,-6.56,3.072,5.356,0.91,22
$GNSS,2024-08-03T09:25:58.600Z,50.8629166,3.0771984,750.503,39.98,-39.60,-6.74,3.071,5.362,0.86,22
$GNSS,2024-08-03T09:25:58.800Z,50.8629885,3.0770857,752.057,39.98,-39.62,-6.96,3.069,5.367,0.85,23
$GNSS,2024-08-03T09:25:59.000Z,50.8630605,3.0769728,753.683,40.07,-39.77,-7.22,3.067,5.371,0.85,23
$GNSS,2024-08-03T09:25:59.200Z,50.8631324,3.0768593,755.146,39.86,-40.01,-7.16,3.064,5.375,0.84,22
$GNSS,2024-08-03T09:25:59.400Z,50.8632040,3.0767460,756.405,39.65,-39.98,-7.00,3.062,5.379,0.85,22
$GNSS,2024-08-03T09:25:59.600Z,50.8632754,3.0766334,757.890,39.47,-39.60,-7.36,3.059,5.382,0.87,23
$GNSS,2024-08-03T09:25:59.800Z,50.8633465,3.0765213,759.259,39.37,-39.50,-7.27,3.056,5.384,0.84,23
$GNSS,2024-08-03T09:26:00.000Z,50.8634171,3.0764095,760.608,39.04,-39.45,-7.17,3.053,5.385,0.84,23
$GNSS,2024-08-03T09:26:00.200Z,50.8634878,3.0762976,762.002,39.17,-39.60,-7.36,3.049,5.385,0.81,23
$GNSS,2024-08-03T09:26:00.400Z,50.8635583,3.0761860,763.229,39.05,-39.37,-7.25,3.045,5.381,0.81,23
$GNSS,2024-08-03T09:26:00.600Z,50.8636285,3.0760750,764.580,38.77,-39.17,-7.30,3.040,5.378,0.82,23
$GNSS,2024-08-03T09:26:00.800Z,50.8636986,3.0759638,766.012,38.94,-39.35,-7.38,3.035,5.376,0.85,23
$GNSS,2024-08-03T09:26:01.000Z,50.8637685,3.0758517,767.510,38.85,-39.56,-7.19,3.031,5.374,0.85,23
$GNSS,2024-08-03T09:26:01.200Z,50.8638386,3.0757393,769.057,38.95,-39.69,-7.41,3.027,5.373,0.88,23
$GNSS,2024-08-03T09:26:01.400Z,50.8639082,3.0756272,770.629,38.56,-39.38,-7.50,3.025,5.376,0.91,23
$GNSS,2024-08-03T09:26:01.600Z,50.8639772,3.0755155,772.085,38.20,-39.42,-7.34,3.023,5.384,0.89,23
$GNSS,2024-08-03T09:26:01.800Z,50.8640459,3.0754041,773.601,38.10,-39.31,-7.49,3.024,5.395,0.91,23
$GNSS,2024-08-03T09:26:02.000Z,50.8641154,3.0752921,775.058,38.72,-39.69,-7.59,3.026,5.407,0.93,23
$GNSS,2024-08-03T09:26:02.200Z,50.8641857,3.0751808,776.475,38.91,-39.43,-7.91,3.028,5.422,0.96,22
$GNSS,2024-08-03T09:26:02.400Z,50.8642559,3.0750694,777.977,38.93,-39.39,-8.02,3.032,5.436,0.93,22
$GNSS,2024-08-03T09:26:02.600Z,50.8643259,3.0749577,779.500,38.86,-39.42,-7.74,3.034,5.445,0.90,23
$GNSS,2024-08-03T09:26:02.800Z,50.8643960,3.0748453,780.891,38.96,-39.77,-7.35,3.037,5.455,0.96,23
$GNSS,2024-08-03T09:26:03.000Z,50.8644664,3.0747325,782.474,39.08,-39.86,-7.68,3.040,5.464,0.96,23
$GNSS,2024-08-03T09:26:03.200Z,50.8645366,3.0746196,783.840,38.99,-39.82,-7.29,3.042,5.475,0.98,23
$GNSS,2024-08-03T09:26:03.400Z,50.8646063,3.0745079,785.414,38.62,-39.27,-7.49,3.045,5.484,0.96,23
$GNSS,2024-08-03T09:26:03.600Z,50.8646763,3.0743966,786.881,38.91,-39.24,-7.51,3.048,5.492,0.94,21
$GNSS,2024-08-03T09:26:03.800Z,50.8647464,3.0742855,788.255,38.85,-39.23,-7.39,3.049,5.500,0.90,21
$GNSS,2024-08-03T09:26:04.000Z,50.8648164,3.0741750,789.656,38.88,-38.83,-7.30,3.050,5.508,0.88,21
$GNSS,2024-08-03T09:26:04.200Z,50.8648864,3.0740644,791.022,38.89,-39.05,-7.09,3.051,5.513,0.90,21
$GNSS,2024-08-03T09:26:04.400Z,50.8649567,3.0739534,792.371,39.12,-39.19,-7.03,3.050,5.502,0.87,20
$GNSS,2024-08-03T09:26:04.600Z,50.8650275,3.0738424,793.869,39.25,-39.19,-7.19,3.049,5.499,0.89,21
$GNSS,2024-08-03T09:26:04.800Z,50.8650984,3.0737308,795.374,39.36,-39.34,-7.07,3.047,5.493,0.89,22
$GNSS,2024-08-03T09:26:05.000Z,50.8651689,3.0736208,796.646,39.14,-38.65,-6.94,3.045,5.486,0.87,22
$GNSS,2024-08-03T09:26:05.200Z,50.8652390,3.0735108,798.068,39.10,-38.68,-6.90,3.041,5.476,0.89,22
$GNSS,2024-08-03T09:26:05.400Z,50.8653091,3.0734014,799.535,38.87,-38.57,-7.06,3.039,5.479,0.94,22
$GNSS,2024-08-03T09:26:05.600Z,50.8653793,3.0732924,800.961,39.06,-38.43,-7.17,3.040,5.490,0.92,22
$GNSS,2024-08-03T09:26:05.800Z,50.8654497,3.0731818,802.492,39.28,-39.05,-7.06,3.042,5.505,0.94,22
$GNSS,2024-08-03T09:26:06.000Z,50.8655201,3.0730707,804.022,39.20,-39.12,-7.11,3.046,5.520,0.95,22
$GNSS,2024-08-03T09:26:06.200Z,50.8655897,3.0729606,805.567,38.65,-38.57,-7.16,3.049,5.534,0.97,22
$GNSS,2024-08-03T09:26:06.400Z,50.8656589,3.0728513,806.983,38.50,-38.44,-6.98,3.052,5.548,0.98,22
$GNSS,2024-08-03T09:26:06.600Z,50.8657286,3.0727415,808.402,38.86,-38.91,-6.98,3.055,5.559,0.98,22
$GNSS,2024-08-03T09:26:06.800Z,50.8657987,3.0726309,809.867,39.11,-38.89,-6.84,3.057,5.571,0.99,22
$GNSS,2024-08-03T09:26:07.000Z,50.8658689,3.0725207,811.327,39.12,-38.68,-6.76,3.058,5.575,0.95,22
$GNSS,2024-08-03T09:26:07.200Z,50.8659391,3.0724108,812.895,39.04,-38.65,-7.08,3.059,5.576,0.94,22
$GNSS,2024-08-03T09:26:07.400Z,50.8660094,3.0723012,814.332,39.17,-38.54,-7.00,3.059,5.573,0.89,22
$GNSS,2024-08-03T09:26:07.600Z,50.8660794,3.0721917,815.824,38.93,-38.48,-6.99,3.058,5.568,0.89,22
$GNSS,2024-08-03T09:26:07.800Z,50.8661498,3.0720827,817.239,39.08,-38.51,-7.24,3.057,5.564,0.88,22
$GNSS,2024-08-03T09:26:08.000Z,50.8662203,3.0719737,818.642,39.22,-38.49,-7.31,3.057,5.560,0.94,21
$GNSS,2024-08-03T09:26:08.200Z,50.8662911,3.0718639,820.239,39.35,-38.67,-7.50,3.057,5.554,0.88,20
$GNSS,2024-08-03T09:26:08.400Z,50.8663620,3.0717545,821.834,39.40,-38.42,-7.72,3.057,5.549,0.90,20
$GNSS,2024-08-03T09:26:08.600Z,50.8664327,3.0716457,823.364,39.27,-38.30,-7.76,3.057,5.544,0.91,20
$GNSS,2024-08-03T09:26:08.800Z,50.8665031,3.0715366,824.860,39.17,-38.40,-7.47,3.058,5.541,0.92,20
$GNSS,2024-08-03T09:26:09.000Z,50.8665731,3.0714280,826.194,38.93,-38.32,-7.20,3.058,5.537,0.91,21
$GNSS,2024-08-03T09:26:09.200Z,50.8666437,3.0713188,827.740,39.34,-38.55,-7.44,3.059,5.535,0.97,21
$GNSS,2024-08-03T09:26:09.400Z,50.8667145,3.0712092,829.307,39.38,-38.55,-7.43,3.061,5.535,0.95,21
$GNSS,2024-08-03T09:26:09.600Z,50.8667852,3.0711007,830.809,39.18,-38.07,-7.58,3.065,5.539,1.00,20
$GNSS,2024-08-03T09:26:09.800Z,50.8668555,3.0709929,832.253,39.17,-37.97,-7.49,3.069,5.542,0.97,21
$GNSS,2024-08-03T09:26:10.000Z,50.8669262,3.0708844,833.796,39.27,-38.31,-7.70,3.072,5.547,0.96,21
$GNSS,2024-08-03T09:26:10.200Z,50.8669972,3.0707763,835.096,39.50,-38.37,-7.54,3.074,5.552,0.98,22
$GNSS,2024-08-03T09:26:10.400Z,50.8670680,3.0706677,836.309,39.22,-38.51,-7.15,3.077,5.554,0.95,21
$GNSS,2024-08-03T09:26:10.600Z,50.8671385,3.0705600,837.498,39.05,-38.19,-7.08,3.077,5.554,0.95,22
$GNSS,2024-08-03T09:26:10.800Z,50.8672092,3.0704532,838.564,39.05,-38.00,-6.99,3.078,5.554,0.94,21
$GNSS,2024-08-03T09:26:11.000Z,50.8672800,3.0703466,839.741,39.10,-37.92,-7.12,3.079,5.555,0.95,21
$GNSS,2024-08-03T09:26:11.200Z,50.8673515,3.0702402,840.952,39.54,-37.96,-7.42,3.079,5.555,0.95,21
$GNSS,2024-08-03T09:26:11.400Z,50.8674227,3.0701325,842.427,39.60,-37.92,-7.51,3.079,5.550,0.92,22
$GNSS,2024-08-03T09:26:11.600Z,50.8674938,3.0700256,843.770,39.47,-37.84,-7.50,3.077,5.542,0.91,22
$GNSS,2024-08-03T09:26:11.800Z,50.8675644,3.0699189,845.156,39.26,-37.63,-7.35,3.077,5.534,0.90,22
$GNSS,2024-08-03T09:26:12.000Z,50.8676351,3.0698126,846.375,39.32,-37.62,-7.04,3.076,5.524,0.88,22
$GNSS,2024-08-03T09:26:12.200Z,50.8677057,3.0697057,847.753,39.34,-37.76,-7.11,3.075,5.515,0.87,23
$GNSS,2024-08-03T09:26:12.400Z,50.8677766,3.0695984,849.063,39.48,-38.02,-7.03,3.073,5.502,0.86,23
$GNSS,2024-08-03T09:26:12.600Z,50.8678481,3.0694902,850.479,39.82,-38.28,-7.26,3.070,5.488,0.88,23
$GNSS,2024-08-03T09:26:12.800Z,50.8679192,3.0693828,851.831,39.51,-37.88,-7.27,3.066,5.470,0.89,23
$GNSS,2024-08-03T09:26:13.000Z,50.8679904,3.0692752,853.362,39.73,-37.92,-7.37,3.061,5.456,0.85,22
$GNSS,2024-08-03T09:26:13.200Z,50.8680613,3.0691670,854.993,39.47,-37.91,-7.32,3.055,5.439,0.85,22
$GNSS,2024-08-03T09:26:13.400Z,50.8681319,3.0690584,856.557,39.42,-38.14,-7.10,3.048,5.421,0.83,21
$GNSS,2024-08-03T09:26:13.600Z,50.8682026,3.0689501,858.070,39.40,-38.02,-7.14,3.042,5.400,0.81,21
$GNSS,2024-08-03T09:26:13.800Z,50.8682732,3.0688417,859.596,39.42,-37.98,-7.05,3.033,5.376,0.82,21
$GNSS,2024-08-03T09:26:14.000Z,50.8683443,3.0687337,861.013,39.63,-38.06,-7.12,3.026,5.351,0.81,21
$GNSS,2024-08-03T09:26:14.200Z,50.8684159,3.0686259,862.390,39.87,-37.98,-7.15,3.018,5.327,0.81,21
$GNSS,2024-08-03T09:26:14.400Z,50.8684877,3.0685176,863.825,40.07,-38.17,-7.01,3.011,5.304,0.84,21
$GNSS,2024-08-03T09:26:14.600Z,50.8685595,3.0684091,865.320,40.01,-38.08,-6.97,3.005,5.282,0.86,22
$GNSS,2024-08-03T09:26:14.800Z,50.8686309,3.0683013,866.793,39.75,-37.78,-6.86,3.000,5.264,0.90,22
$GNSS,2024-08-03T09:26:15.000Z,50.8687022,3.0681941,868.245,39.63,-37.61,-6.89,2.995,5.240,0.85,22
$GNSS,2024-08-03T09:26:15.200Z,50.8687735,3.0680870,869.672,39.62,-37.75,-7.04,2.992,5.216,0.82,22
$GNSS,2024-08-03T09:26:15.400Z,50.8688451,3.0679802,871.035,39.86,-37.62,-7.06,2.989,5.199,0.89,22
$GNSS,2024-08-03T09:26:15.600Z,50.8689172,3.0678747,872.405,39.93,-37.23,-7.39,2.988,5.183,0.89,22
$GNSS,2024-08-03T09:26:15.800Z,50.8689890,3.0677689,873.876,39.97,-37.26,-7.30,2.986,5.168,0.89,22
$GNSS,2024-08-03T09:26:16.000Z,50.8690610,3.0676633,875.321,40.07,-37.14,-7.27,2.985,5.153,0.86,22
$GNSS,2024-08-03T09:26:16.200Z,50.8691331,3.0675577,876.787,40.12,-37.18,-7.25,2.982,5.137,0.80,22
$GNSS,2024-08-03T09:26:16.400Z,50.8692054,3.0674518,878.248,40.30,-37.26,-7.17,2.979,5.118,0.84,21
$GNSS,2024-08-03T09:26:16.600Z,50.8692778,3.0673462,879.735,40.35,-37.10,-7.24,2.976,5.104,0.83,21
$GNSS,2024-08-03T09:26:16.800Z,50.8693510,3.0672414,881.069,40.58,-37.09,-7.20,2.974,5.094,0.83,20
$GNSS,2024-08-03T09:26:17.000Z,50.8694242,3.0671369,882.497,40.62,-36.78,-7.30,2.972,5.082,0.81,19
$GNSS,2024-08-03T09:26:17.200Z,50.8694973,3.0670326,883.879,40.59,-36.69,-7.03,2.971,5.069,0.82,19
$GNSS,2024-08-03T09:26:17.400Z,50.8695701,3.0669287,885.226,40.56,-36.49,-6.73,2.969,5.056,0.82,19
$GNSS,2024-08-03T09:26:17.600Z,50.8696428,3.0668251,886.619,40.54,-36.37,-6.65,2.969,5.043,0.86,19
$GNSS,2024-08-03T09:26:17.800Z,50.8697158,3.0667219,888.001,40.69,-36.29,-6.70,2.969,5.029,0.83,19
$GNSS,2024-08-03T09:26:18.000Z,50.8697892,3.0666186,889.376,41.02,-36.39,-6.60,2.968,5.012,0.82,19
$GNSS,2024-08-03T09:26:18.200Z,50.8698629,3.0665154,890.850,41.07,-36.16,-6.82,2.968,4.995,0.79,19
$GNSS,2024-08-03T09:26:18.400Z,50.8699368,3.0664124,892.296,41.27,-36.19,-6.87,2.968,4.984,0.81,18
$GNSS,2024-08-03T09:26:18.600Z,50.8700115,3.0663092,893.817,41.78,-36.21,-7.07,2.970,4.973,0.81,18
$GNSS,2024-08-03T09:26:18.800Z,50.8700863,3.0662068,895.214,41.58,-35.88,-6.88,2.973,4.964,0.83,20
$GNSS,2024-08-03T09:26:19.000Z,50.8701614,3.0661042,896.610,42.05,-36.07,-6.74,2.976,4.952,0.80,19
$GNSS,2024-08-03T09:26:19.200Z,50.8702369,3.0660021,897.961,42.02,-35.77,-6.65,2.981,4.940,0.80,18
$GNSS,2024-08-03T09:26:19.400Z,50.8703124,3.0659008,899.337,42.05,-35.54,-6.74,2.986,4.929,0.82,17
$GNSS,2024-08-03T09:26:19.600Z,50.8703884,3.0657998,900.661,42.37,-35.52,-6.67,2.991,4.919,0.83,18
$GNSS,2024-08-03T09:26:19.800Z,50.8704653,3.0656994,902.013,42.77,-35.58,-6.96,2.994,4.914,0.88,17
$GNSS,2024-08-03T09:26:20.000Z,50.8705426,3.0655986,903.318,42.94,-35.74,-6.89,2.999,4.912,0.89,17
$GNSS,2024-08-03T09:26:20.200Z,50.8706200,3.0654982,904.622,43.02,-35.41,-6.81,3.001,4.911,0.81,18
$GNSS,2024-08-03T09:26:20.400Z,50.8706979,3.0653993,905.945,43.26,-34.93,-6.97,3.001,4.906,0.77,18
$GNSS,2024-08-03T09:26:20.600Z,50.8707760,3.0653012,907.201,43.31,-34.80,-6.85,3.001,4.906,0.81,18
$GNSS,2024-08-03T09:26:20.800Z,50.8708542,3.0652035,908.463,43.39,-34.53,-6.77,3.001,4.905,0.78,18
$GNSS,2024-08-03T09:26:21.000Z,50.8709325,3.0651057,909.847,43.70,-34.52,-6.89,3.001,4.905,0.76,18
$GNSS,2024-08-03T09:26:21.200Z,50.8710111,3.0650083,911.179,43.78,-34.38,-6.83,3.000,4.904,0.76,18
$GNSS,2024-08-03T09:26:21.400Z,50.8710901,3.0649122,912.530,43.87,-34.01,-7.06,2.999,4.901,0.75,18
$GNSS,2024-08-03T09:26:21.600Z,50.8711693,3.0648169,913.786,43.98,-33.97,-7.00,2.999,4.899,0.74,17
$GNSS,2024-08-03T09:26:21.800Z,50.8712488,3.0647223,915.078,44.14,-33.57,-7.08,2.998,4.902,0.76,17
$GNSS,2024-08-03T09:26:22.000Z,50.8713290,3.0646282,916.407,44.59,-33.67,-7.25,2.996,4.902,0.76,18
$GNSS,2024-08-03T09:26:22.200Z,50.8714090,3.0645328,917.830,44.62,-33.47,-7.01,2.995,4.901,0.74,17
$GNSS,2024-08-03T09:26:22.400Z,50.8714893,3.0644384,919.172,44.72,-33.35,-6.80,2.992,4.899,0.75,18
$GNSS,2024-08-03T09:26:22.600Z,50.8715702,3.0643452,920.434,45.01,-33.22,-6.83,2.988,4.898,0.74,18
$GNSS,2024-08-03T09:26:22.800Z,50.8716514,3.0642515,921.781,45.19,-33.25,-6.83,2.984,4.897,0.77,18
$GNSS,2024-08-03T09:26:23.000Z,50.8717329,3.0641583,923.063,45.34,-33.04,-6.74,2.981,4.897,0.78,18
$GNSS,2024-08-03T09:26:23.200Z,50.8718148,3.0640658,924.256,45.55,-32.92,-6.53,2.979,4.897,0.77,17
$GNSS,2024-08-03T09:26:23.400Z,50.8718966,3.0639733,925.620,45.50,-32.70,-6.71,2.978,4.902,0.81,17
$GNSS,2024-08-03T09:26:23.600Z,50.8719789,3.0638813,926.938,45.86,-32.73,-6.79,2.978,4.906,0.81,17
$GNSS,2024-08-03T09:26:23.800Z,50.8720613,3.0637891,928.213,45.83,-32.59,-6.58,2.978,4.912,0.85,17
$GNSS,2024-08-03T09:26:24.000Z,50.8721434,3.0636968,929.424,45.77,-32.58,-6.17,2.978,4.914,0.82,17
$GNSS,2024-08-03T09:26:24.200Z,50.8722261,3.0636058,930.590,46.02,-32.30,-6.22,2.979,4.911,0.75,17
$GNSS,2024-08-03T09:26:24.400Z,50.8723090,3.0635152,931.751,46.17,-32.01,-6.07,2.979,4.905,0.73,16
$GNSS,2024-08-03T09:26:24.600Z,50.8723923,3.0634265,932.993,46.27,-31.51,-6.51,2.978,4.900,0.77,17
$GNSS,2024-08-03T09:26:24.800Z,50.8724760,3.0633378,934.180,46.55,-31.59,-6.41,2.979,4.896,0.77,17
$GNSS,2024-08-03T09:26:25.000Z,50.8725599,3.0632487,935.361,46.69,-31.50,-6.16,2.979,4.891,0.78,18
$GNSS,2024-08-03T09:26:25.200Z,50.8726442,3.0631601,936.585,47.03,-31.44,-6.23,2.979,4.889,0.79,18
$GNSS,2024-08-03T09:26:25.400Z,50.8727287,3.0630716,937.793,46.99,-31.31,-6.16,2.980,4.887,0.79,18
$GNSS,2024-08-03T09:26:25.600Z,50.8728136,3.0629836,939.107,47.32,-31.20,-6.53,2.979,4.878,0.77,18
$GNSS,2024-08-03T09:26:25.800Z,50.8728990,3.0628958,940.393,47.63,-30.93,-6.56,2.979,4.869,0.76,18
$GNSS,2024-08-03T09:26:26.000Z,50.8729843,3.0628089,941.656,47.45,-30.60,-6.44,2.980,4.862,0.80,18
$GNSS,2024-08-03T09:26:26.200Z,50.8730698,3.0627223,942.888,47.66,-30.49,-6.18,2.982,4.853,0.80,18
$GNSS,2024-08-03T09:26:26.400Z,50.8731559,3.0626358,944.039,47.93,-30.72,-6.10,2.985,4.844,0.80,18
$GNSS,2024-08-03T09:26:26.600Z,50.8732424,3.0625489,945.360,48.19,-30.68,-6.44,2.987,4.835,0.78,18
$GNSS,2024-08-03T09:26:26.800Z,50.8733291,3.0624625,946.588,48.24,-30.32,-6.27,2.989,4.827,0.77,18
$GNSS,2024-08-03T09:26:27.000Z,50.8734155,3.0623760,947.900,48.17,-30.42,-6.25,2.991,4.824,0.79,18
$GNSS,2024-08-03T09:26:27.200Z,50.8735019,3.0622900,949.091,48.16,-29.99,-5.93,2.995,4.824,0.83,18
$GNSS,2024-08-03T09:26:27.400Z,50.8735886,3.0622047,950.273,48.28,-30.05,-5.93,2.999,4.827,0.81,18
$GNSS,2024-08-03T09:26:27.600Z,50.8736758,3.0621190,951.474,48.64,-30.17,-5.90,3.001,4.831,0.77,18
$GNSS,2024-08-03T09:26:27.800Z,50.8737632,3.0620342,952.575,48.48,-29.73,-5.77,3.005,4.838,0.77,18
$GNSS,2024-08-03T09:26:28.000Z,50.8738506,3.0619493,953.796,48.82,-29.83,-5.88,3.007,4.843,0.77,18
$GNSS,2024-08-03T09:26:28.200Z,50.8739390,3.0618656,955.129,49.36,-29.37,-6.31,3.011,4.847,0.79,18
$GNSS,2024-08-03T09:26:28.400Z,50.8740275,3.0617832,956.527,49.15,-28.82,-6.62,3.014,4.846,0.79,18
$GNSS,2024-08-03T09:26:28.600Z,50.8741164,3.0617016,957.845,49.58,-28.63,-6.59,3.017,4.846,0.79,18
$GNSS,2024-08-03T09:26:28.800Z,50.8742058,3.0616212,959.064,49.66,-28.31,-6.45,3.018,4.845,0.78,18
$GNSS,2024-08-03T09:26:29.000Z,50.8742959,3.0615417,960.397,50.05,-28.20,-6.85,3.020,4.843,0.77,18
$GNSS,2024-08-03T09:26:29.200Z,50.8743861,3.0614626,961.783,50.12,-27.73,-6.99,3.021,4.842,0.81,18
$GNSS,2024-08-03T09:26:29.400Z,50.8744765,3.0613836,963.146,50.40,-27.65,-6.83,3.023,4.840,0.80,18
$GNSS,2024-08-03T09:26:29.600Z,50.8745677,3.0613056,964.412,50.76,-27.38,-6.68,3.026,4.841,0.82,18
$GNSS,2024-08-03T09:26:29.800Z,50.8746595,3.0612289,965.624,50.94,-27.28,-6.82,3.027,4.837,0.76,19
$GNSS,2024-08-03T09:26:30.000Z,50.8747511,3.0611524,966.834,51.01,-26.89,-6.52,3.026,4.829,0.72,19
$GNSS,2024-08-03T09:26:30.200Z,50.8748428,3.0610767,968.132,51.04,-26.75,-6.56,3.026,4.829,0.75,19
$GNSS,2024-08-03T09:26:30.400Z,50.8749349,3.0610014,969.450,51.44,-26.55,-6.58,3.026,4.834,0.76,19
$GNSS,2024-08-03T09:26:30.600Z,50.8750273,3.0609267,970.888,51.66,-26.30,-6.82,3.026,4.839,0.75,19
$GNSS,2024-08-03T09:26:30.800Z,50.8751202,3.0608529,972.424,51.81,-25.91,-7.18,3.026,4.842,0.71,19
$GNSS,2024-08-03T09:26:31.000Z,50.8752135,3.0607802,973.878,52.12,-25.67,-7.23,3.026,4.845,0.71,18
$GNSS,2024-08-03T09:26:31.200Z,50.8753073,3.0607098,975.200,52.10,-25.12,-7.28,3.026,4.845,0.69,18
$GNSS,2024-08-03T09:26:31.400Z,50.8754008,3.0606385,976.742,52.23,-25.08,-7.29,3.028,4.844,0.67,17
$GNSS,2024-08-03T09:26:31.600Z,50.8754950,3.0605683,978.205,52.59,-24.90,-7.35,3.030,4.844,0.69,17
$GNSS,2024-08-03T09:26:31.800Z,50.8755895,3.0604987,979.688,52.73,-24.65,-7.38,3.033,4.843,0.70,17
$GNSS,2024-08-03T09:26:32.000Z,50.8756845,3.0604313,981.159,52.84,-24.04,-7.61,3.034,4.842,0.71,18
$GNSS,2024-08-03T09:26:32.200Z,50.8757797,3.0603657,982.598,53.04,-23.41,-7.67,3.034,4.853,0.72,17
$GNSS,2024-08-03T09:26:32.400Z,50.8758755,3.0603011,984.117,53.49,-23.15,-7.83,3.034,4.864,0.73,18
$GNSS,2024-08-03T09:26:32.600Z,50.8759722,3.0602373,985.640,53.91,-22.78,-7.92,3.033,4.872,0.71,18
$GNSS,2024-08-03T09:26:32.800Z,50.8760690,3.0601731,987.101,53.95,-22.67,-7.52,3.032,4.882,0.71,17
$GNSS,2024-08-03T09:26:33.000Z,50.8761658,3.0601099,988.578,53.97,-22.19,-7.34,3.030,4.891,0.71,17
$GNSS,2024-08-03T09:26:33.200Z,50.8762628,3.0600476,990.177,54.17,-21.89,-7.56,3.027,4.893,0.68,18
$GNSS,2024-08-03T09:26:33.400Z,50.8763602,3.0599864,991.715,54.29,-21.63,-7.63,3.023,4.893,0.67,19
$GNSS,2024-08-03T09:26:33.600Z,50.8764579,3.0599256,993.199,54.43,-21.50,-7.57,3.018,4.892,0.67,20
$GNSS,2024-08-03T09:26:33.800Z,50.8765559,3.0598656,994.628,54.63,-21.16,-7.48,3.013,4.890,0.65,20
$GNSS,2024-08-03T09:26:34.000Z,50.8766539,3.0598063,996.060,54.57,-20.88,-7.16,3.007,4.884,0.63,20
$GNSS,2024-08-03T09:26:34.200Z,50.8767519,3.0597477,997.591,54.69,-20.75,-7.35,3.001,4.879,0.62,20
$GNSS,2024-08-03T09:26:34.400Z,50.8768502,3.0596896,999.040,54.77,-20.41,-7.21,2.994,4.876,0.66,20
$GNSS,2024-08-03T09:26:34.600Z,50.8769489,3.0596322,1000.509,55.01,-20.28,-7.37,2.990,4.877,0.69,20
$GNSS,2024-08-03T09:26:34.800Z,50.8770477,3.0595746,1002.198,55.25,-19.99,-7.57,2.986,4.877,0.68,20
$GNSS,2024-08-03T09:26:35.000Z,50.8771469,3.0595185,1003.878,55.44,-19.35,-7.69,2.984,4.879,0.69,20
$GNSS,2024-08-03T09:26:35.200Z,50.8772470,3.0594641,1005.423,55.81,-19.34,-7.84,2.983,4.883,0.69,20
$GNSS,2024-08-03T09:26:35.400Z,50.8773475,3.0594120,1006.777,55.79,-18.61,-7.80,2.983,4.886,0.70,20
$GNSS,2024-08-03T09:26:35.600Z,50.8774484,3.0593611,1008.069,56.15,-18.27,-7.54,2.983,4.888,0.68,20
$GNSS,2024-08-03T09:26:35.800Z,50.8775495,3.0593105,1009.283,56.23,-18.14,-7.02,2.982,4.890,0.66,20
$GNSS,2024-08-03T09:26:36.000Z,50.8776511,3.0592615,1010.531,56.47,-17.59,-7.11,2.981,4.891,0.67,20
$GNSS,2024-08-03T09:26:36.200Z,50.8777530,3.0592139,1011.862,56.60,-17.09,-7.12,2.980,4.889,0.68,20
$GNSS,2024-08-03T09:26:36.400Z,50.8778548,3.0591668,1013.282,56.71,-16.70,-7.13,2.980,4.887,0.68,20
$GNSS,2024-08-03T09:26:36.600Z,50.8779573,3.0591210,1014.677,57.12,-16.40,-7.23,2.980,4.882,0.68,20
$GNSS,2024-08-03T09:26:36.800Z,50.8780601,3.0590761,1016.031,57.15,-15.85,-7.15,2.980,4.881,0.69,20
$GNSS,2024-08-03T09:26:37.000Z,50.8781628,3.0590314,1017.405,57.19,-15.48,-6.97,2.979,4.878,0.67,21
$GNSS,2024-08-03T09:26:37.200Z,50.8782658,3.0589885,1018.681,57.37,-15.04,-6.88,2.980,4.879,0.67,20
$GNSS,2024-08-03T09:26:37.400Z,50.8783692,3.0589465,1019.951,57.51,-14.67,-6.79,2.982,4.881,0.68,20
$GNSS,2024-08-03T09:26:37.600Z,50.8784726,3.0589061,1021.214,57.49,-14.05,-6.80,2.984,4.883,0.68,20
$GNSS,2024-08-03T09:26:37.800Z,50.8785764,3.0588668,1022.602,57.87,-13.67,-7.05,2.984,4.883,0.68,20
$GNSS,2024-08-03T09:26:38.000Z,50.8786808,3.0588290,1023.965,58.03,-13.07,-7.16,2.983,4.882,0.66,20
$GNSS,2024-08-03T09:26:38.200Z,50.8787855,3.0587934,1025.121,58.16,-12.58,-6.87,2.982,4.885,0.67,20
$GNSS,2024-08-03T09:26:38.400Z,50.8788903,3.0587592,1026.439,58.15,-11.85,-7.10,2.982,4.889,0.68,20
$GNSS,2024-08-03T09:26:38.600Z,50.8789951,3.0587259,1027.862,58.34,-11.37,-7.13,2.983,4.895,0.70,20
$GNSS,2024-08-03T09:26:38.800Z,50.8791002,3.0586946,1029.238,58.46,-10.87,-7.24,2.983,4.900,0.68,20
$GNSS,2024-08-03T09:26:39.000Z,50.8792053,3.0586644,1030.526,58.45,-10.46,-7.02,2.982,4.903,0.66,20
$GNSS,2024-08-03T09:26:39.200Z,50.8793110,3.0586359,1031.691,58.62,-10.14,-6.92,2.981,4.905,0.65,21
$GNSS,2024-08-03T09:26:39.400Z,50.8794173,3.0586082,1032.869,59.11,-9.63,-6.83,2.981,4.907,0.64,21
$GNSS,2024-08-03T09:26:39.600Z,50.8795240,3.0585809,1034.242,59.38,-9.27,-6.90,2.980,4.907,0.64,21
$GNSS,2024-08-03T09:26:39.800Z,50.8796308,3.0585551,1035.528,59.20,-8.68,-6.78,2.979,4.911,0.64,21
$GNSS,2024-08-03T09:26:40.000Z,50.8797374,3.0585300,1036.719,59.13,-8.59,-6.52,2.978,4.917,0.65,19
$GNSS,2024-08-03T09:26:40.200Z,50.8798441,3.0585052,1037.946,59.39,-8.36,-6.41,2.979,4.924,0.67,19
$GNSS,2024-08-03T09:26:40.400Z,50.8799512,3.0584821,1039.246,59.42,-7.92,-6.72,2.981,4.935,0.72,20
$GNSS,2024-08-03T09:26:40.600Z,50.8800580,3.0584592,1040.686,59.41,-7.39,-6.78,2.984,4.943,0.67,20
$GNSS,2024-08-03T09:26:40.800Z,50.8801652,3.0584389,1042.037,59.53,-6.90,-6.90,2.986,4.950,0.64,20
$GNSS,2024-08-03T09:26:41.000Z,50.8802726,3.0584204,1043.567,59.70,-6.25,-7.33,2.988,4.957,0.62,20
$GNSS,2024-08-03T09:26:41.200Z,50.8803802,3.0584036,1045.136,59.91,-5.32,-7.43,2.990,4.964,0.63,20
$GNSS,2024-08-03T09:26:41.400Z,50.8804882,3.0583890,1046.689,59.98,-4.87,-7.61,2.992,4.970,0.64,20
$GNSS,2024-08-03T09:26:41.600Z,50.8805966,3.0583763,1048.224,60.32,-4.28,-7.70,2.995,4.976,0.64,20
$GNSS,2024-08-03T09:26:41.800Z,50.8807052,3.0583639,1049.760,60.38,-4.04,-7.55,2.999,4.983,0.66,20
$GNSS,2024-08-03T09:26:42.000Z,50.8808142,3.0583536,1051.405,60.64,-3.37,-7.82,3.003,4.990,0.66,20
$GNSS,2024-08-03T09:26:42.200Z,50.8809232,3.0583443,1052.952,60.51,-2.90,-7.56,3.006,4.995,0.65,20
$GNSS,2024-08-03T09:26:42.400Z,50.8810324,3.0583382,1054.318,60.59,-2.34,-7.54,3.010,4.998,0.64,19
$GNSS,2024-08-03T09:26:42.600Z,50.8811416,3.0583333,1055.692,60.73,-1.82,-7.46,3.014,5.001,0.65,19
$GNSS,2024-08-03T09:26:42.800Z,50.8812511,3.0583292,1057.203,60.90,-1.39,-7.53,3.017,4.999,0.60,20
$GNSS,2024-08-03T09:26:43.000Z,50.8813603,3.0583260,1058.646,60.78,-1.01,-7.31,3.019,5.000,0.62,20
$GNSS,2024-08-03T09:26:43.200Z,50.8814695,3.0583235,1060.085,60.72,-0.75,-7.18,3.024,5.007,0.68,19
$GNSS,2024-08-03T09:26:43.400Z,50.8815789,3.0583224,1061.522,60.92,-0.33,-7.21,3.031,5.015,0.68,19
$GNSS,2024-08-03T09:26:43.600Z,50.8816884,3.0583221,1062.985,60.96,-0.13,-7.19,3.038,5.016,0.68,20
$GNSS,2024-08-03T09:26:43.800Z,50.8817982,3.0583239,1064.367,61.05,0.31,-7.13,3.049,5.013,0.70,20
$GNSS,2024-08-03T09:26:44.000Z,50.8819077,3.0583252,1065.927,60.76,0.56,-7.32,3.062,5.016,0.76,20
$GNSS,2024-08-03T09:26:44.200Z,50.8820174,3.0583277,1067.414,61.13,0.72,-7.48,3.076,5.019,0.78,20
$GNSS,2024-08-03T09:26:44.400Z,50.8821273,3.0583300,1068.931,61.21,0.87,-7.48,3.090,5.025,0.85,20
$GNSS,2024-08-03T09:26:44.600Z,50.8822370,3.0583322,1070.516,61.03,1.06,-7.50,3.107,5.035,0.91,20
$GNSS,2024-08-03T09:26:44.800Z,50.8823461,3.0583361,1071.966,60.59,1.66,-7.30,3.124,5.048,0.97,20
$GNSS,2024-08-03T09:26:45.000Z,50.8824556,3.0583413,1073.373,61.03,1.53,-7.46,3.143,5.066,1.02,20
$GNSS,2024-08-03T09:26:45.200Z,50.8825653,3.0583471,1074.617,60.86,1.63,-7.25,3.163,5.083,0.98,20
$GNSS,2024-08-03T09:26:45.400Z,50.8826755,3.0583521,1076.054,61.48,1.90,-7.24,3.180,5.102,0.98,20
$GNSS,2024-08-03T09:26:45.600Z,50.8827861,3.0583571,1077.396,61.55,1.95,-6.93,3.198,5.121,0.95,19
$GNSS,2024-08-03T09:26:45.800Z,50.8828971,3.0583637,1078.759,61.66,2.19,-7.15,3.212,5.139,0.92,19
$GNSS,2024-08-03T09:26:46.000Z,50.8830083,3.0583718,1080.093,61.80,2.69,-7.25,3.225,5.157,0.95,19
$GNSS,2024-08-03T09:26:46.200Z,50.8831193,3.0583795,1081.451,61.74,2.85,-7.14,3.234,5.173,0.94,20
$GNSS,2024-08-03T09:26:46.400Z,50.8832305,3.0583887,1082.762,61.81,3.02,-7.31,3.242,5.190,0.95,20
$GNSS,2024-08-03T09:26:46.600Z,50.8833421,3.0583981,1084.020,62.09,3.22,-7.13,3.249,5.209,0.95,20
$GNSS,2024-08-03T09:26:46.800Z,50.8834534,3.0584082,1085.416,61.84,3.70,-7.16,3.254,5.226,0.96,21
$GNSS,2024-08-03T09:26:47.000Z,50.8835642,3.0584201,1086.688,61.54,4.16,-7.06,3.261,5.246,0.99,21
$GNSS,2024-08-03T09:26:47.200Z,50.8836753,3.0584318,1087.951,61.78,3.84,-6.95,3.269,5.266,1.10,21
$GNSS,2024-08-03T09:26:47.400Z,50.8837865,3.0584431,1089.221,61.86,3.92,-6.84,3.277,5.284,1.07,21
$GNSS,2024-08-03T09:26:47.600Z,50.8838977,3.0584548,1090.487,61.75,4.26,-6.64,3.281,5.299,1.02,21
$GNSS,2024-08-03T09:26:47.800Z,50.8840088,3.0584678,1091.551,61.70,4.32,-6.46,3.284,5.313,0.96,21
$GNSS,2024-08-03T09:26:48.000Z,50.8841198,3.0584809,1092.842,61.69,4.54,-6.83,3.284,5.321,0.89,21
$GNSS,2024-08-03T09:26:48.200Z,50.8842310,3.0584937,1094.137,61.84,4.60,-6.78,3.284,5.326,0.83,21
$GNSS,2024-08-03T09:26:48.400Z,50.8843423,3.0585062,1095.512,61.95,4.61,-6.83,3.282,5.327,0.75,21
$GNSS,2024-08-03T09:26:48.600Z,50.8844541,3.0585188,1096.800,62.18,4.61,-6.76,3.281,5.331,0.78,19
$GNSS,2024-08-03T09:26:48.800Z,50.8845659,3.0585321,1098.054,62.17,4.74,-6.77,3.280,5.335,0.77,19
$GNSS,2024-08-03T09:26:49.000Z,50.8846777,3.0585462,1099.237,62.12,4.82,-6.90,3.279,5.339,0.80,19
$GNSS,2024-08-03T09:26:49.200Z,50.8847894,3.0585598,1100.618,62.12,5.09,-6.96,3.278,5.340,0.78,19
$GNSS,2024-08-03T09:26:49.400Z,50.8849009,3.0585736,1101.998,61.96,5.21,-6.96,3.279,5.340,0.78,19
$GNSS,2024-08-03T09:26:49.600Z,50.8850122,3.0585883,1103.274,61.84,5.31,-6.99,3.282,5.340,0.84,19
$GNSS,2024-08-03T09:26:49.800Z,50.8851240,3.0586039,1104.483,62.27,5.48,-6.92,3.286,5.335,0.83,19
$GNSS,2024-08-03T09:26:50.000Z,50.8852360,3.0586187,1105.703,62.21,5.34,-6.62,3.291,5.326,0.85,19
$GNSS,2024-08-03T09:26:50.200Z,50.8853476,3.0586334,1107.038,62.14,5.44,-6.74,3.295,5.314,0.80,19
$GNSS,2024-08-03T09:26:50.400Z,50.8854593,3.0586487,1108.380,62.08,5.60,-6.77,3.299,5.298,0.76,19
$GNSS,2024-08-03T09:26:50.600Z,50.8855705,3.0586638,1109.827,61.82,5.76,-6.81,3.302,5.281,0.75,19
$GNSS,2024-08-03T09:26:50.800Z,50.8856819,3.0586803,1111.150,62.06,5.97,-6.82,3.303,5.261,0.74,19
$GNSS,2024-08-03T09:26:51.000Z,50.8857940,3.0586971,1112.395,62.35,5.91,-6.56,3.306,5.242,0.75,19
$GNSS,2024-08-03T09:26:51.200Z,50.8859060,3.0587138,1113.728,62.26,6.09,-6.66,3.307,5.221,0.71,19
$GNSS,2024-08-03T09:26:51.400Z,50.8860182,3.0587317,1114.978,62.38,6.25,-6.70,3.308,5.202,0.70,18
$GNSS,2024-08-03T09:26:51.600Z,50.8861304,3.0587488,1116.413,62.40,6.37,-6.75,3.309,5.186,0.71,19
$GNSS,2024-08-03T09:26:51.800Z,50.8862427,3.0587668,1117.804,62.51,6.70,-6.73,3.309,5.173,0.71,19
$GNSS,2024-08-03T09:26:52.000Z,50.8863556,3.0587869,1119.015,62.59,6.86,-6.61,3.311,5.163,0.71,18
$GNSS,2024-08-03T09:26:52.200Z,50.8864685,3.0588072,1120.223,62.56,7.09,-6.46,3.312,5.157,0.73,18
$GNSS,2024-08-03T09:26:52.400Z,50.8865815,3.0588296,1121.428,62.56,7.80,-6.53,3.314,5.155,0.75,18
$GNSS,2024-08-03T09:26:52.600Z,50.8866941,3.0588526,1122.687,62.44,8.26,-6.38,3.315,5.154,0.75,19
$GNSS,2024-08-03T09:26:52.800Z,50.8868067,3.0588754,1124.017,62.71,8.56,-6.18,3.310,5.148,0.75,21
$GNSS,2024-08-03T09:26:53.000Z,50.8869190,3.0589002,1125.413,62.34,9.30,-6.30,3.306,5.147,0.84,21
$GNSS,2024-08-03T09:26:53.200Z,50.8870311,3.0589266,1126.756,62.50,9.92,-6.14,3.298,5.146,0.81,21
$GNSS,2024-08-03T09:26:53.400Z,50.8871435,3.0589551,1128.114,62.59,10.53,-6.14,3.290,5.145,0.79,21
$GNSS,2024-08-03T09:26:53.600Z,50.8872560,3.0589866,1129.266,62.62,11.29,-5.98,3.278,5.135,0.76,22
$GNSS,2024-08-03T09:26:53.800Z,50.8873686,3.0590209,1130.339,62.52,11.97,-5.84,3.269,5.130,0.77,20
$GNSS,2024-08-03T09:26:54.000Z,50.8874813,3.0590564,1131.654,62.58,12.83,-6.03,3.257,5.119,0.71,20
$GNSS,2024-08-03T09:26:54.200Z,50.8875937,3.0590937,1132.923,62.53,13.68,-5.89,3.245,5.113,0.69,22
$GNSS,2024-08-03T09:26:54.400Z,50.8877061,3.0591325,1134.135,62.43,14.08,-5.63,3.236,5.109,0.82,22
$GNSS,2024-08-03T09:26:54.600Z,50.8878182,3.0591732,1135.383,62.28,14.87,-5.55,3.231,5.109,0.83,22
$GNSS,2024-08-03T09:26:54.800Z,50.8879306,3.0592158,1136.681,62.44,15.62,-5.51,3.224,5.106,0.76,22
$GNSS,2024-08-03T09:26:55.000Z,50.8880433,3.0592604,1138.164,62.51,16.46,-5.71,3.220,5.102,0.78,21
$GNSS,2024-08-03T09:26:55.200Z,50.8881560,3.0593068,1139.734,62.34,17.22,-5.90,3.217,5.093,0.77,21
$GNSS,2024-08-03T09:26:55.400Z,50.8882685,3.0593567,1141.214,62.27,18.00,-6.07,3.215,5.081,0.75,20
$GNSS,2024-08-03T09:26:55.600Z,50.8883815,3.0594090,1142.601,62.46,18.92,-5.73,3.213,5.052,0.82,20
$GNSS,2024-08-03T09:26:55.800Z,50.8884944,3.0594647,1143.900,62.52,19.69,-6.10,3.215,5.037,0.92,19
$GNSS,2024-08-03T09:26:56.000Z,50.8886070,3.0595238,1145.018,62.46,20.70,-6.19,3.219,5.028,0.98,19
$GNSS,2024-08-03T09:26:56.200Z,50.8887195,3.0595852,1146.149,62.17,21.59,-6.04,3.216,5.015,0.84,20
$GNSS,2024-08-03T09:26:56.400Z,50.8888309,3.0596509,1147.135,61.78,22.66,-6.11,3.207,5.002,0.81,20
$GNSS,2024-08-03T09:26:56.600Z,50.8889419,3.0597189,1148.144,61.48,23.66,-5.99,3.197,4.986,0.80,19
$GNSS,2024-08-03T09:26:56.800Z,50.8890522,3.0597887,1149.183,60.91,24.58,-5.81,3.201,4.974,0.82,17
$GNSS,2024-08-03T09:26:57.000Z,50.8891620,3.0598607,1150.261,60.74,25.53,-5.65,3.205,4.961,0.82,16
$GNSS,2024-08-03T09:26:57.200Z,50.8892717,3.0599365,1151.227,60.78,26.64,-5.54,3.210,4.947,0.79,16
$GNSS,2024-08-03T09:26:57.400Z,50.8893813,3.0600157,1152.153,60.52,27.60,-5.26,3.203,4.933,0.70,18
$GNSS,2024-08-03T09:26:57.600Z,50.8894904,3.0600965,1153.081,60.10,28.33,-4.82,3.196,4.907,0.71,18
$GNSS,2024-08-03T09:26:57.800Z,50.8895992,3.0601801,1154.030,60.13,29.33,-4.91,3.193,4.882,0.82,19
$GNSS,2024-08-03T09:26:58.000Z,50.8897072,3.0602642,1155.046,59.58,30.12,-4.56,3.187,4.848,0.80,21
$GNSS,2024-08-03T09:26:58.200Z,50.8898150,3.0603528,1156.001,59.43,31.27,-4.46,3.183,4.815,0.79,20
$GNSS,2024-08-03T09:26:58.400Z,50.8899222,3.0604438,1156.832,59.28,31.97,-4.14,3.177,4.786,0.76,20
$GNSS,2024-08-03T09:26:58.600Z,50.8900287,3.0605376,1157.603,58.94,32.83,-3.96,3.170,4.759,0.71,20
$GNSS,2024-08-03T09:26:58.800Z,50.8901346,3.0606351,1158.285,58.77,34.09,-3.98,3.162,4.731,0.69,20
$GNSS,2024-08-03T09:26:59.000Z,50.8902401,3.0607348,1158.983,58.40,34.92,-3.77,3.153,4.701,0.74,20
$GNSS,2024-08-03T09:26:59.200Z,50.8903451,3.0608365,1159.749,58.15,35.69,-3.69,3.147,4.672,0.74,20
$GNSS,2024-08-03T09:26:59.400Z,50.8904498,3.0609423,1160.358,57.86,36.85,-3.65,3.140,4.641,0.78,20
$GNSS,2024-08-03T09:26:59.600Z,50.8905541,3.0610506,1160.964,57.59,37.70,-3.42,3.132,4.611,0.74,20
$GNSS,2024-08-03T09:26:59.800Z,50.8906579,3.0611604,1161.595,57.36,38.58,-3.25,3.126,4.582,0.73,20
$GNSS,2024-08-03T09:27:00.000Z,50.8907616,3.0612721,1162.249,57.35,39.40,-3.00,3.119,4.547,0.72,20
$GNSS,2024-08-03T09:27:00.200Z,50.8908646,3.0613854,1162.896,56.68,39.98,-2.87,3.112,4.515,0.73,20
$GNSS,2024-08-03T09:27:00.400Z,50.8909669,3.0615003,1163.590,56.33,40.77,-2.77,3.105,4.483,0.74,20
$GNSS,2024-08-03T09:27:00.600Z,50.8910687,3.0616175,1164.233,56.25,41.55,-2.57,3.100,4.454,0.76,20
$GNSS,2024-08-03T09:27:00.800Z,50.8911699,3.0617375,1164.870,55.86,42.39,-2.67,3.096,4.425,0.76,20
$GNSS,2024-08-03T09:27:01.000Z,50.8912706,3.0618596,1165.471,55.57,43.22,-2.72,3.092,4.391,0.78,20
$GNSS,2024-08-03T09:27:01.200Z,50.8913704,3.0619837,1166.106,54.97,43.97,-2.61,3.089,4.356,0.76,19
$GNSS,2024-08-03T09:27:01.400Z,50.8914694,3.0621110,1166.656,54.81,45.00,-2.70,3.088,4.326,0.78,18
$GNSS,2024-08-03T09:27:01.600Z,50.8915680,3.0622410,1167.193,54.58,45.85,-2.75,3.090,4.303,0.79,18
$GNSS,2024-08-03T09:27:01.800Z,50.8916655,3.0623735,1167.770,53.87,46.61,-2.94,3.094,4.282,0.80,17
$GNSS,2024-08-03T09:27:02.000Z,50.8917620,3.0625086,1168.294,53.33,47.26,-3.10,3.100,4.263,1.02,18
$GNSS,2024-08-03T09:27:02.200Z,50.8918576,3.0626452,1168.773,52.80,47.92,-2.82,3.111,4.247,1.00,15
$GNSS,2024-08-03T09:27:02.400Z,50.8919519,3.0627846,1169.269,52.10,48.83,-2.97,3.123,4.231,0.92,15
$GNSS,2024-08-03T09:27:02.600Z,50.8920453,3.0629269,1169.797,51.74,49.82,-3.13,3.133,4.217,0.88,15
$GNSS,2024-08-03T09:27:02.800Z,50.8921380,3.0630719,1170.244,51.26,50.42,-3.11,3.141,4.203,0.93,15
$GNSS,2024-08-03T09:27:03.000Z,50.8922306,3.0632185,1170.743,50.92,51.36,-3.26,3.154,4.195,1.09,15
$GNSS,2024-08-03T09:27:03.200Z,50.8923221,3.0633681,1171.224,50.37,52.14,-3.46,3.167,4.194,1.00,15
$GNSS,2024-08-03T09:27:03.400Z,50.8924135,3.0635194,1171.699,50.06,52.96,-3.29,3.177,4.193,0.94,17
$GNSS,2024-08-03T09:27:03.600Z,50.8925033,3.0636731,1172.131,49.30,53.39,-3.35,3.182,4.194,0.85,17
$GNSS,2024-08-03T09:27:03.800Z,50.8925926,3.0638282,1172.575,48.95,54.14,-3.18,3.184,4.193,0.78,17
$GNSS,2024-08-03T09:27:04.000Z,50.8926811,3.0639855,1173.071,48.62,55.03,-3.27,3.185,4.191,0.78,17
$GNSS,2024-08-03T09:27:04.200Z,50.8927685,3.0641446,1173.567,47.96,55.61,-3.26,3.186,4.188,0.74,17
$GNSS,2024-08-03T09:27:04.400Z,50.8928554,3.0643038,1174.164,47.27,55.92,-3.18,3.186,4.181,0.71,17
$GNSS,2024-08-03T09:27:04.600Z,50.8929409,3.0644663,1174.618,46.87,56.67,-3.29,3.184,4.172,0.69,18
$GNSS,2024-08-03T09:27:04.800Z,50.8930253,3.0646298,1175.178,46.21,57.23,-3.26,3.183,4.163,0.69,18
$GNSS,2024-08-03T09:27:05.000Z,50.8931085,3.0647942,1175.833,45.72,57.75,-3.30,3.184,4.154,0.71,18
$GNSS,2024-08-03T09:27:05.200Z,50.8931908,3.0649605,1176.498,45.23,58.37,-3.37,3.188,4.149,0.71,18
$GNSS,2024-08-03T09:27:05.400Z,50.8932720,3.0651287,1177.235,44.71,59.13,-3.67,3.193,4.147,0.71,18
$GNSS,2024-08-03T09:27:05.600Z,50.8933518,3.0652997,1177.909,44.09,59.85,-3.84,3.198,4.145,0.72,18
$GNSS,2024-08-03T09:27:05.800Z,50.8934310,3.0654714,1178.711,43.48,60.38,-3.86,3.206,4.145,0.77,18
$GNSS,2024-08-03T09:27:06.000Z,50.8935090,3.0656450,1179.486,42.93,60.95,-3.88,3.213,4.144,0.77,18
$GNSS,2024-08-03T09:27:06.200Z,50.8935856,3.0658205,1180.226,42.36,61.50,-3.93,3.221,4.143,0.78,18
$GNSS,2024-08-03T09:27:06.400Z,50.8936614,3.0659977,1180.992,41.79,62.06,-4.04,3.228,4.141,0.82,18
$GNSS,2024-08-03T09:27:06.600Z,50.8937360,3.0661771,1181.726,41.37,62.87,-4.08,3.241,4.142,0.91,17
$GNSS,2024-08-03T09:27:06.800Z,50.8938097,3.0663567,1182.584,40.50,63.04,-4.16,3.257,4.144,0.98,17
$GNSS,2024-08-03T09:27:07.000Z,50.8938816,3.0665377,1183.439,39.70,63.60,-4.38,3.274,4.146,0.91,17
$GNSS,2024-08-03T09:27:07.200Z,50.8939528,3.0667189,1184.426,38.93,63.93,-4.43,3.291,4.149,0.96,17
$GNSS,2024-08-03T09:27:07.400Z,50.8940232,3.0669018,1185.395,38.62,64.57,-4.54,3.309,4.151,1.02,17
$GNSS,2024-08-03T09:27:07.600Z,50.8940922,3.0670868,1186.328,37.92,65.04,-4.67,3.328,4.153,1.00,17
$GNSS,2024-08-03T09:27:07.800Z,50.8941592,3.0672730,1187.258,36.90,65.34,-4.82,3.345,4.154,0.98,17
$GNSS,2024-08-03T09:27:08.000Z,50.8942245,3.0674613,1188.114,36.32,65.83,-4.73,3.362,4.156,0.97,17
$GNSS,2024-08-03T09:27:08.200Z,50.8942881,3.0676517,1188.914,35.66,66.34,-4.89,3.380,4.161,0.99,17
$GNSS,2024-08-03T09:27:08.400Z,50.8943508,3.0678419,1189.767,34.70,66.53,-4.66,3.398,4.168,1.01,17
$GNSS,2024-08-03T09:27:08.600Z,50.8944124,3.0680341,1190.622,34.31,67.26,-4.89,3.415,4.174,0.98,18
$GNSS,2024-08-03T09:27:08.800Z,50.8944734,3.0682275,1191.497,33.97,67.73,-4.87,3.432,4.179,0.98,18
$GNSS,2024-08-03T09:27:09.000Z,50.8945334,3.0684226,1192.365,33.40,68.17,-4.97,3.450,4.184,0.99,17
$GNSS,2024-08-03T09:27:09.200Z,50.8945922,3.0686190,1193.197,32.77,68.58,-4.94,3.473,4.195,1.07,16
$GNSS,2024-08-03T09:27:09.400Z,50.8946499,3.0688155,1194.153,31.89,68.86,-5.11,3.499,4.205,1.04,16
$GNSS,2024-08-03T09:27:09.600Z,50.8947056,3.0690118,1195.170,30.85,68.90,-5.30,3.523,4.213,1.02,17
$GNSS,2024-08-03T09:27:09.800Z,50.8947606,3.0692100,1196.166,30.49,69.36,-5.51,3.549,4.224,1.05,16
$GNSS,2024-08-03T09:27:10.000Z,50.8948152,3.0694088,1197.289,30.04,69.88,-5.69,3.577,4.235,1.05,16
$GNSS,2024-08-03T09:27:10.200Z,50.8948696,3.0696086,1198.485,29.78,70.39,-5.78,3.606,4.244,1.07,16
$GNSS,2024-08-03T09:27:10.400Z,50.8949228,3.0698098,1199.692,29.25,70.78,-5.96,3.635,4.254,1.07,16
$GNSS,2024-08-03T09:27:10.600Z,50.8949741,3.0700122,1200.773,28.66,70.98,-5.94,3.661,4.262,1.04,17
$GNSS,2024-08-03T09:27:10.800Z,50.8950243,3.0702144,1201.918,27.85,71.05,-5.86,3.682,4.267,0.95,17
$GNSS,2024-08-03T09:27:11.000Z,50.8950726,3.0704178,1202.982,27.07,71.26,-5.87,3.702,4.272,0.96,17
$GNSS,2024-08-03T09:27:11.200Z,50.8951207,3.0706212,1204.167,26.70,71.49,-5.94,3.721,4.277,0.96,17
$GNSS,2024-08-03T09:27:11.400Z,50.8951694,3.0708242,1205.589,26.31,72.01,-6.12,3.745,4.286,1.04,17
$GNSS,2024-08-03T09:27:11.600Z,50.8952164,3.0710276,1206.942,25.51,71.85,-6.09,3.768,4.293,0.91,17
$GNSS,2024-08-03T09:27:11.800Z,50.8952620,3.0712319,1208.207,24.83,72.06,-6.07,3.783,4.297,0.84,18
$GNSS,2024-08-03T09:27:12.000Z,50.8953053,3.0714388,1209.305,24.45,72.52,-6.24,3.794,4.297,0.78,18
$GNSS,2024-08-03T09:27:12.200Z,50.8953479,3.0716457,1210.487,23.61,72.51,-6.22,3.804,4.297,0.78,18
$GNSS,2024-08-03T09:27:12.400Z,50.8953891,3.0718523,1211.626,22.85,72.53,-6.13,3.815,4.297,0.80,17
$GNSS,2024-08-03T09:27:12.600Z,50.8954296,3.0720596,1212.789,22.35,72.90,-6.16,3.828,4.298,0.80,18
$GNSS,2024-08-03T09:27:12.800Z,50.8954691,3.0722681,1213.899,22.06,73.32,-6.17,3.837,4.297,0.78,19
$GNSS,2024-08-03T09:27:13.000Z,50.8955067,3.0724776,1214.877,21.37,73.34,-5.97,3.845,4.295,0.78,19
$GNSS,2024-08-03T09:27:13.200Z,50.8955435,3.0726883,1215.918,20.76,73.67,-6.15,3.848,4.291,0.69,20
$GNSS,2024-08-03T09:27:13.400Z,50.8955802,3.0728979,1217.096,20.07,73.61,-6.06,3.856,4.289,0.77,19
$GNSS,2024-08-03T09:27:13.600Z,50.8956158,3.0731079,1218.253,19.46,73.75,-6.03,3.862,4.285,0.72,20
$GNSS,2024-08-03T09:27:13.800Z,50.8956498,3.0733193,1219.354,19.11,74.21,-6.19,3.870,4.283,0.74,20
$GNSS,2024-08-03T09:27:14.000Z,50.8956832,3.0735311,1220.515,18.52,74.29,-6.21,3.878,4.279,0.73,20
$GNSS,2024-08-03T09:27:14.200Z,50.8957168,3.0737418,1221.858,17.84,74.28,-6.25,3.891,4.282,0.77,19
$GNSS,2024-08-03T09:27:14.400Z,50.8957485,3.0739531,1223.110,17.20,74.35,-6.25,3.902,4.283,0.74,19
$GNSS,2024-08-03T09:27:14.600Z,50.8957780,3.0741658,1224.210,16.76,74.63,-6.17,3.912,4.284,0.72,19
$GNSS,2024-08-03T09:27:14.800Z,50.8958074,3.0743788,1225.407,16.18,74.85,-6.19,3.919,4.281,0.69,20
$GNSS,2024-08-03T09:27:15.000Z,50.8958353,3.0745926,1226.516,15.75,74.89,-6.14,3.926,4.278,0.68,20
$GNSS,2024-08-03T09:27:15.200Z,50.8958628,3.0748062,1227.737,14.87,75.08,-6.17,3.932,4.276,0.68,20
$GNSS,2024-08-03T09:27:15.400Z,50.8958888,3.0750211,1228.836,14.71,75.47,-6.12,3.941,4.275,0.68,20
$GNSS,2024-08-03T09:27:15.600Z,50.8959142,3.0752367,1229.884,14.21,75.53,-5.95,3.950,4.275,0.69,20
$GNSS,2024-08-03T09:27:15.800Z,50.8959394,3.0754521,1230.961,13.72,75.51,-5.74,3.959,4.279,0.71,20
$GNSS,2024-08-03T09:27:16.000Z,50.8959633,3.0756682,1231.935,13.44,75.79,-5.62,3.967,4.282,0.70,20
$GNSS,2024-08-03T09:27:16.200Z,50.8959861,3.0758848,1232.905,12.90,75.80,-5.63,3.976,4.287,0.70,20
$GNSS,2024-08-03T09:27:16.400Z,50.8960066,3.0761020,1233.911,12.03,76.14,-5.97,3.987,4.294,0.70,20
$GNSS,2024-08-03T09:27:16.600Z,50.8960274,3.0763194,1235.045,11.70,76.20,-6.12,4.000,4.303,0.72,20
$GNSS,2024-08-03T09:27:16.800Z,50.8960469,3.0765365,1236.195,10.81,75.99,-6.17,4.013,4.313,0.73,20
$GNSS,2024-08-03T09:27:17.000Z,50.8960654,3.0767539,1237.158,10.57,76.12,-5.84,4.032,4.324,0.74,19
$GNSS,2024-08-03T09:27:17.200Z,50.8960827,3.0769709,1238.248,9.95,76.25,-5.99,4.045,4.331,0.72,19
$GNSS,2024-08-03T09:27:17.400Z,50.8961004,3.0771883,1239.476,9.19,76.39,-5.98,4.062,4.342,0.71,20
$GNSS,2024-08-03T09:27:17.600Z,50.8961178,3.0774055,1240.690,8.83,76.22,-5.82,4.078,4.353,0.72,20
$GNSS,2024-08-03T09:27:17.800Z,50.8961322,3.0776229,1241.778,8.29,76.25,-6.02,4.092,4.362,0.70,20
$GNSS,2024-08-03T09:27:18.000Z,50.8961465,3.0778403,1242.954,7.79,76.28,-6.16,4.107,4.372,0.73,20
$GNSS,2024-08-03T09:27:18.200Z,50.8961587,3.0780578,1243.952,7.23,76.20,-5.95,4.123,4.382,0.72,20
$GNSS,2024-08-03T09:27:18.400Z,50.8961699,3.0782752,1244.913,6.76,76.26,-5.81,4.138,4.392,0.70,20
$GNSS,2024-08-03T09:27:18.600Z,50.8961800,3.0784930,1245.864,6.24,76.42,-5.77,4.151,4.401,0.69,20
$GNSS,2024-08-03T09:27:18.800Z,50.8961906,3.0787112,1246.928,5.85,76.63,-5.81,4.165,4.411,0.68,20
$GNSS,2024-08-03T09:27:19.000Z,50.8961993,3.0789303,1247.916,5.50,76.98,-5.88,4.174,4.419,0.66,20
$GNSS,2024-08-03T09:27:19.200Z,50.8962073,3.0791497,1248.904,4.90,76.90,-5.82,4.181,4.426,0.66,20
$GNSS,2024-08-03T09:27:19.400Z,50.8962156,3.0793687,1250.018,4.33,76.78,-5.83,4.191,4.435,0.66,20
$GNSS,2024-08-03T09:27:19.600Z,50.8962232,3.0795878,1251.091,4.07,76.87,-5.71,4.201,4.442,0.66,20
$GNSS,2024-08-03T09:27:19.800Z,50.8962300,3.0798070,1252.151,3.57,76.86,-5.68,4.210,4.448,0.65,20
$GNSS,2024-08-03T09:27:20.000Z,50.8962358,3.0800263,1253.237,3.15,76.88,-5.82,4.217,4.452,0.64,20
$GNSS,2024-08-03T09:27:20.200Z,50.8962392,3.0802454,1254.233,2.38,76.59,-5.97,4.224,4.456,0.63,20
$GNSS,2024-08-03T09:27:20.400Z,50.8962409,3.0804647,1255.102,2.03,76.91,-5.88,4.231,4.459,0.64,20
$GNSS,2024-08-03T09:27:20.600Z,50.8962426,3.0806844,1256.064,1.57,76.98,-5.90,4.239,4.462,0.66,20
$GNSS,2024-08-03T09:27:20.800Z,50.8962460,3.0809036,1257.292,1.29,76.87,-5.99,4.247,4.464,0.66,20
$GNSS,2024-08-03T09:27:21.000Z,50.8962490,3.0811225,1258.566,0.76,76.77,-6.05,4.253,4.466,0.68,20
$GNSS,2024-08-03T09:27:21.200Z,50.8962501,3.0813409,1259.796,0.09,76.63,-6.12,4.259,4.466,0.66,21
$GNSS,2024-08-03T09:27:21.400Z,50.8962506,3.0815592,1261.073,-0.16,76.66,-6.23,4.263,4.465,0.67,21
$GNSS,2024-08-03T09:27:21.600Z,50.8962493,3.0817773,1262.382,-0.91,76.52,-6.63,4.266,4.463,0.68,21
$GNSS,2024-08-03T09:27:21.800Z,50.8962462,3.0819954,1263.611,-1.48,76.62,-6.69,4.267,4.460,0.68,21
$GNSS,2024-08-03T09:27:22.000Z,50.8962430,3.0822133,1264.894,-1.97,76.43,-6.55,4.273,4.459,0.70,21
$GNSS,2024-08-03T09:27:22.200Z,50.8962387,3.0824312,1266.188,-2.49,76.60,-6.62,4.280,4.458,0.70,21
$GNSS,2024-08-03T09:27:22.400Z,50.8962326,3.0826495,1267.437,-2.83,76.70,-6.77,4.287,4.456,0.73,21
$GNSS,2024-08-03T09:27:22.600Z,50.8962247,3.0828683,1268.698,-3.58,76.73,-7.16,4.270,4.443,0.75,23
$GNSS,2024-08-03T09:27:22.800Z,50.8962168,3.0830865,1270.040,-4.09,76.42,-7.19,4.257,4.433,0.78,23
$GNSS,2024-08-03T09:27:23.000Z,50.8962090,3.0833037,1271.509,-4.66,76.12,-7.27,4.247,4.424,0.80,23
$GNSS,2024-08-03T09:27:23.200Z,50.8961993,3.0835208,1272.895,-5.27,76.12,-7.31,4.240,4.418,0.88,23
$GNSS,2024-08-03T09:27:23.400Z,50.8961886,3.0837373,1274.207,-5.55,75.76,-7.25,4.238,4.413,0.88,23
$GNSS,2024-08-03T09:27:23.600Z,50.8961783,3.0839524,1275.579,-5.89,75.33,-7.10,4.234,4.409,0.83,23
$GNSS,2024-08-03T09:27:23.800Z,50.8961670,3.0841680,1276.999,-6.23,75.49,-7.33,4.232,4.406,0.79,23
$GNSS,2024-08-03T09:27:24.000Z,50.8961547,3.0843836,1278.352,-6.78,75.47,-7.20,4.228,4.404,0.78,23
$GNSS,2024-08-03T09:27:24.200Z,50.8961416,3.0845985,1279.727,-7.33,75.15,-7.19,4.225,4.402,0.78,23
$GNSS,2024-08-03T09:27:24.400Z,50.8961281,3.0848128,1281.215,-7.78,75.06,-7.38,4.222,4.401,0.75,23
$GNSS,2024-08-03T09:27:24.600Z,50.8961137,3.0850270,1282.691,-8.28,75.04,-7.40,4.218,4.401,0.72,23
$GNSS,2024-08-03T09:27:24.800Z,50.8960983,3.0852417,1284.118,-8.83,75.38,-7.28,4.214,4.401,0.72,23
$GNSS,2024-08-03T09:27:25.000Z,50.8960821,3.0854561,1285.565,-9.22,75.22,-7.28,4.210,4.403,0.75,23
$GNSS,2024-08-03T09:27:25.200Z,50.8960645,3.0856710,1286.940,-9.77,75.51,-7.22,4.207,4.405,0.74,23
$GNSS,2024-08-03T09:27:25.400Z,50.8960464,3.0858852,1288.216,-10.00,75.08,-6.87,4.203,4.407,0.74,23
$GNSS,2024-08-03T09:27:25.600Z,50.8960280,3.0860993,1289.587,-10.51,75.26,-7.04,4.198,4.410,0.73,23
$GNSS,2024-08-03T09:27:25.800Z,50.8960106,3.0863129,1291.026,-10.82,74.98,-6.76,4.195,4.412,0.70,23
$GNSS,2024-08-03T09:27:26.000Z,50.8959929,3.0865257,1292.451,-11.09,74.72,-6.56,4.189,4.413,0.72,23
$GNSS,2024-08-03T09:27:26.200Z,50.8959745,3.0867382,1293.907,-11.42,74.74,-6.57,4.182,4.413,0.72,22
$GNSS,2024-08-03T09:27:26.400Z,50.8959544,3.0869505,1295.365,-11.92,74.52,-6.90,4.178,4.411,0.72,23
$GNSS,2024-08-03T09:27:26.600Z,50.8959333,3.0871624,1296.739,-12.14,74.48,-6.94,4.176,4.410,0.70,23
$GNSS,2024-08-03T09:27:26.800Z,50.8959116,3.0873740,1298.074,-12.43,74.27,-6.87,4.171,4.408,0.71,23
$GNSS,2024-08-03T09:27:27.000Z,50.8958895,3.0875861,1299.493,-12.70,74.64,-7.08,4.170,4.408,0.73,23
$GNSS,2024-08-03T09:27:27.200Z,50.8958673,3.0877982,1300.960,-13.02,74.30,-7.14,4.169,4.408,0.71,23
$GNSS,2024-08-03T09:27:27.400Z,50.8958444,3.0880097,1302.471,-13.55,74.20,-7.18,4.167,4.409,0.68,24
$GNSS,2024-08-03T09:27:27.600Z,50.8958213,3.0882210,1304.026,-13.52,74.07,-7.42,4.166,4.410,0.67,23
$GNSS,2024-08-03T09:27:27.800Z,50.8957971,3.0884323,1305.449,-14.07,74.00,-7.24,4.166,4.412,0.66,23
$GNSS,2024-08-03T09:27:28.000Z,50.8957729,3.0886429,1306.994,-14.32,73.80,-7.34,4.159,4.413,0.70,24
$GNSS,2024-08-03T09:27:28.200Z,50.8957478,3.0888536,1308.573,-14.78,73.87,-7.55,4.148,4.413,0.69,24
$GNSS,2024-08-03T09:27:28.400Z,50.8957229,3.0890636,1310.150,-14.96,73.63,-7.40,4.136,4.412,0.69,22
$GNSS,2024-08-03T09:27:28.600Z,50.8956969,3.0892729,1311.743,-15.14,73.39,-7.63,4.121,4.414,0.67,23
$GNSS,2024-08-03T09:27:28.800Z,50.8956696,3.0894821,1313.234,-15.61,73.41,-7.62,4.105,4.418,0.68,23
$GNSS,2024-08-03T09:27:29.000Z,50.8956400,3.0896906,1314.446,-15.71,73.03,-7.45,4.098,4.430,0.74,23
$GNSS,2024-08-03T09:27:29.200Z,50.8956105,3.0898983,1315.524,-16.03,72.84,-6.81,4.092,4.446,0.76,23
$GNSS,2024-08-03T09:27:29.400Z,50.8955799,3.0901057,1316.615,-16.34,72.83,-6.71,4.086,4.464,0.83,23
$GNSS,2024-08-03T09:27:29.600Z,50.8955502,3.0903134,1317.742,-16.46,73.04,-6.40,4.074,4.480,0.81,24
$GNSS,2024-08-03T09:27:29.800Z,50.8955211,3.0905214,1319.097,-16.36,73.14,-6.59,4.061,4.496,0.83,24
$GNSS,2024-08-03T09:27:30.000Z,50.8954914,3.0907293,1320.428,-16.59,72.94,-6.79,4.048,4.513,0.86,24
$GNSS,2024-08-03T09:27:30.200Z,50.8954616,3.0909373,1321.766,-16.65,73.14,-6.78,4.037,4.525,0.80,25
$GNSS,2024-08-03T09:27:30.400Z,50.8954319,3.0911457,1322.933,-16.59,73.20,-6.40,4.025,4.538,0.79,24
$GNSS,2024-08-03T09:27:30.600Z,50.8954023,3.0913536,1324.192,-16.46,72.90,-6.44,4.014,4.550,0.78,24
$GNSS,2024-08-03T09:27:30.800Z,50.8953726,3.0915611,1325.433,-16.53,72.88,-6.50,4.003,4.562,0.78,24
$GNSS,2024-08-03T09:27:31.000Z,50.8953426,3.0917688,1326.635,-16.52,73.00,-6.48,3.993,4.575,0.83,24
$GNSS,2024-08-03T09:27:31.200Z,50.8953121,3.0919767,1327.882,-16.91,73.02,-6.62,3.985,4.585,0.81,24
$GNSS,2024-08-03T09:27:31.400Z,50.8952818,3.0921841,1329.354,-16.93,72.81,-7.05,3.978,4.598,0.84,24
$GNSS,2024-08-03T09:27:31.600Z,50.8952514,3.0923909,1330.725,-16.78,72.56,-7.16,3.973,4.612,0.83,24
$GNSS,2024-08-03T09:27:31.800Z,50.8952211,3.0925985,1332.134,-16.97,73.07,-7.07,3.967,4.625,0.82,24
$GNSS,2024-08-03T09:27:32.000Z,50.8951902,3.0928068,1333.366,-17.04,73.20,-6.82,3.962,4.638,0.81,24
$GNSS,2024-08-03T09:27:32.200Z,50.8951594,3.0930150,1334.658,-16.98,73.10,-6.84,3.956,4.650,0.82,24
$GNSS,2024-08-03T09:27:32.400Z,50.8951296,3.0932226,1336.179,-16.89,72.84,-6.96,3.951,4.662,0.84,24
$GNSS,2024-08-03T09:27:32.600Z,50.8950994,3.0934304,1337.656,-17.05,73.07,-7.04,3.946,4.676,0.82,24
$GNSS,2024-08-03T09:27:32.800Z,50.8950698,3.0936388,1339.192,-16.90,73.21,-6.94,3.941,4.687,0.79,25
$GNSS,2024-08-03T09:27:33.000Z,50.8950393,3.0938469,1340.692,-16.89,73.03,-7.20,3.941,4.702,0.77,24
$GNSS,2024-08-03T09:27:33.200Z,50.8950079,3.0940554,1341.914,-17.11,73.25,-6.95,3.942,4.717,0.78,23
$GNSS,2024-08-03T09:27:33.400Z,50.8949768,3.0942642,1343.061,-16.89,73.24,-6.59,3.943,4.731,0.82,23
$GNSS,2024-08-03T09:27:33.600Z,50.8949453,3.0944729,1344.050,-16.56,73.33,-6.48,3.947,4.746,0.81,23
$GNSS,2024-08-03T09:27:33.800Z,50.8949143,3.0946812,1345.310,-16.92,73.06,-6.62,3.956,4.769,0.85,24
$GNSS,2024-08-03T09:27:34.000Z,50.8948834,3.0948878,1346.493,-16.59,72.36,-6.63,3.958,4.791,0.84,23
$GNSS,2024-08-03T09:27:34.200Z,50.8948522,3.0950945,1347.732,-16.64,72.82,-6.85,3.959,4.814,0.84,23
$GNSS,2024-08-03T09:27:34.400Z,50.8948230,3.0953024,1349.024,-16.04,73.13,-6.61,3.966,4.843,0.88,23
$GNSS,2024-08-03T09:27:34.600Z,50.8947946,3.0955110,1350.404,-15.90,73.36,-6.55,3.976,4.873,0.88,23
$GNSS,2024-08-03T09:27:34.800Z,50.8947670,3.0957192,1351.606,-15.56,73.01,-6.08,3.980,4.898,0.88,23
$GNSS,2024-08-03T09:27:35.000Z,50.8947396,3.0959266,1352.837,-15.34,72.74,-5.88,3.982,4.927,0.90,23
$GNSS,2024-08-03T09:27:35.200Z,50.8947120,3.0961344,1353.897,-15.33,73.08,-5.62,3.985,4.957,0.89,23
$GNSS,2024-08-03T09:27:35.400Z,50.8946845,3.0963424,1355.174,-15.21,73.10,-5.96,3.989,4.990,0.95,22
$GNSS,2024-08-03T09:27:35.600Z,50.8946577,3.0965504,1356.261,-14.90,73.04,-5.67,3.993,5.017,0.86,23
$GNSS,2024-08-03T09:27:35.800Z,50.8946307,3.0967588,1357.796,-15.14,73.36,-6.42,3.994,5.044,0.82,23
$GNSS,2024-08-03T09:27:36.000Z,50.8946041,3.0969676,1359.432,-15.10,73.37,-6.82,3.993,5.071,0.83,23
$GNSS,2024-08-03T09:27:36.200Z,50.8945773,3.0971768,1360.715,-15.14,73.64,-6.46,3.999,5.100,0.81,23
$GNSS,2024-08-03T09:27:36.400Z,50.8945509,3.0973860,1362.306,-15.04,73.50,-6.77,4.004,5.132,0.84,23
$GNSS,2024-08-03T09:27:36.600Z,50.8945241,3.0975948,1363.715,-14.73,73.39,-6.92,4.007,5.159,0.85,23
$GNSS,2024-08-03T09:27:36.800Z,50.8944975,3.0978034,1365.217,-14.90,73.39,-7.08,4.008,5.184,0.83,23
$GNSS,2024-08-03T09:27:37.000Z,50.8944717,3.0980118,1366.674,-14.49,73.26,-6.93,4.012,5.209,0.83,23
$GNSS,2024-08-03T09:27:37.200Z,50.8944456,3.0982202,1368.073,-14.51,73.35,-6.97,4.024,5.237,0.82,22
$GNSS,2024-08-03T09:27:37.400Z,50.8944197,3.0984286,1369.500,-14.56,73.29,-6.98,4.036,5.260,0.82,23
$GNSS,2024-08-03T09:27:37.600Z,50.8943928,3.0986366,1370.997,-14.75,73.15,-7.46,4.047,5.279,0.79,23
$GNSS,2024-08-03T09:27:37.800Z,50.8943660,3.0988448,1372.498,-14.79,73.29,-7.80,4.057,5.300,0.78,23
$GNSS,2024-08-03T09:27:38.000Z,50.8943401,3.0990532,1374.015,-14.72,73.22,-7.61,4.068,5.321,0.79,23
$GNSS,2024-08-03T09:27:38.200Z,50.8943125,3.0992622,1375.214,-14.93,73.54,-7.38,4.077,5.339,0.80,23
$GNSS,2024-08-03T09:27:38.400Z,50.8942839,3.0994713,1376.383,-15.15,73.49,-7.40,4.075,5.344,0.82,24
$GNSS,2024-08-03T09:27:38.600Z,50.8942567,3.0996809,1377.691,-15.06,73.82,-7.04,4.076,5.350,0.83,24
$GNSS,2024-08-03T09:27:38.800Z,50.8942302,3.0998899,1379.033,-14.87,73.34,-6.84,4.083,5.360,0.81,24
$GNSS,2024-08-03T09:27:39.000Z,50.8942021,3.1000982,1380.137,-14.83,73.08,-6.96,4.092,5.372,0.86,23
$GNSS,2024-08-03T09:27:39.200Z,50.8941742,3.1003060,1381.212,-14.86,72.99,-6.79,4.097,5.376,0.84,23
$GNSS,2024-08-03T09:27:39.400Z,50.8941458,3.1005137,1382.320,-15.11,72.91,-6.85,4.098,5.379,0.86,23
$GNSS,2024-08-03T09:27:39.600Z,50.8941180,3.1007210,1383.571,-15.07,72.79,-6.94,4.101,5.386,0.88,23
$GNSS,2024-08-03T09:27:39.800Z,50.8940912,3.1009279,1385.037,-15.13,72.70,-6.97,4.109,5.396,0.84,23
$GNSS,2024-08-03T09:27:40.000Z,50.8940628,3.1011360,1386.169,-15.25,73.29,-6.80,4.117,5.404,0.85,23
$GNSS,2024-08-03T09:27:40.200Z,50.8940355,3.1013445,1387.448,-15.30,73.23,-6.55,4.120,5.408,0.85,23
$GNSS,2024-08-03T09:27:40.400Z,50.8940083,3.1015522,1388.776,-15.33,72.89,-6.50,4.124,5.413,0.85,23
$GNSS,2024-08-03T09:27:40.600Z,50.8939792,3.1017604,1389.754,-15.42,73.23,-6.34,4.127,5.413,0.84,23
$GNSS,2024-08-03T09:27:40.800Z,50.8939497,3.1019688,1390.605,-15.57,73.15,-6.09,4.131,5.415,0.88,23
$GNSS,2024-08-03T09:27:41.000Z,50.8939197,3.1021775,1391.538,-15.87,73.34,-6.10,4.136,5.414,0.89,23
$GNSS,2024-08-03T09:27:41.200Z,50.8938904,3.1023862,1392.489,-15.75,73.35,-5.85,4.142,5.414,0.86,23
$GNSS,2024-08-03T09:27:41.400Z,50.8938622,3.1025950,1393.523,-15.36,73.47,-5.78,4.147,5.416,0.86,23
$GNSS,2024-08-03T09:27:41.600Z,50.8938341,3.1028043,1394.694,-15.80,73.68,-5.78,4.155,5.418,0.83,22
$GNSS,2024-08-03T09:27:41.800Z,50.8938062,3.1030134,1395.913,-15.61,73.44,-5.89,4.163,5.421,0.84,22
$GNSS,2024-08-03T09:27:42.000Z,50.8937780,3.1032229,1397.314,-16.07,73.77,-6.26,4.175,5.428,0.85,21
$GNSS,2024-08-03T09:27:42.200Z,50.8937501,3.1034326,1398.733,-15.97,73.70,-6.47,4.186,5.434,0.85,21
$GNSS,2024-08-03T09:27:42.400Z,50.8937201,3.1036426,1399.814,-16.35,73.80,-6.38,4.195,5.439,0.85,21
$GNSS,2024-08-03T09:27:42.600Z,50.8936894,3.1038523,1400.878,-16.38,73.61,-6.47,4.204,5.442,0.82,21
$GNSS,2024-08-03T09:27:42.800Z,50.8936596,3.1040610,1401.875,-16.11,73.13,-6.16,4.210,5.444,0.78,21
$GNSS,2024-08-03T09:27:43.000Z,50.8936303,3.1042696,1402.785,-16.01,73.32,-5.67,4.217,5.448,0.78,21
$GNSS,2024-08-03T09:27:43.200Z,50.8936013,3.1044779,1403.780,-15.92,73.07,-5.50,4.227,5.455,0.78,22
$GNSS,2024-08-03T09:27:43.400Z,50.8935727,3.1046860,1404.968,-16.10,73.13,-5.70,4.236,5.460,0.93,22
$GNSS,2024-08-03T09:27:43.600Z,50.8935438,3.1048950,1406.102,-16.18,73.51,-5.75,4.247,5.467,0.95,22
$GNSS,2024-08-03T09:27:43.800Z,50.8935152,3.1051039,1407.174,-15.86,73.33,-5.70,4.261,5.480,0.97,22
$GNSS,2024-08-03T09:27:44.000Z,50.8934862,3.1053121,1408.348,-15.95,73.11,-6.03,4.281,5.501,1.01,22
$GNSS,2024-08-03T09:27:44.200Z,50.8934569,3.1055201,1409.350,-15.92,73.11,-5.95,4.302,5.521,1.01,22
$GNSS,2024-08-03T09:27:44.400Z,50.8934280,3.1057277,1410.647,-16.14,72.87,-6.32,4.319,5.533,1.01,22
$GNSS,2024-08-03T09:27:44.600Z,50.8934001,3.1059348,1412.249,-16.10,72.70,-6.86,4.333,5.544,1.02,22
$GNSS,2024-08-03T09:27:44.800Z,50.8933726,3.1061420,1413.639,-15.90,72.83,-6.61,4.348,5.557,0.97,21
$GNSS,2024-08-03T09:27:45.000Z,50.8933447,3.1063503,1415.110,-16.00,73.29,-6.69,4.362,5.568,0.95,21
$GNSS,2024-08-03T09:27:45.200Z,50.8933155,3.1065577,1416.465,-16.28,72.66,-6.82,4.376,5.579,0.95,21
$GNSS,2024-08-03T09:27:45.400Z,50.8932862,3.1067641,1418.075,-16.37,72.45,-7.43,4.394,5.591,0.97,21
$GNSS,2024-08-03T09:27:45.600Z,50.8932576,3.1069708,1419.675,-16.01,72.75,-7.65,4.418,5.608,0.93,21
$GNSS,2024-08-03T09:27:45.800Z,50.8932284,3.1071775,1421.303,-16.49,72.56,-7.66,4.443,5.630,0.92,21
$GNSS,2024-08-03T09:27:46.000Z,50.8931982,3.1073840,1422.965,-16.78,72.55,-7.93,4.468,5.651,0.96,20
$GNSS,2024-08-03T09:27:46.200Z,50.8931687,3.1075901,1424.408,-16.37,72.28,-7.63,4.499,5.677,0.97,19
$GNSS,2024-08-03T09:27:46.400Z,50.8931394,3.1077965,1425.842,-16.43,72.49,-7.35,4.530,5.701,0.98,19
$GNSS,2024-08-03T09:27:46.600Z,50.8931090,3.1080023,1427.200,-16.63,72.25,-7.32,4.565,5.730,1.01,19
$GNSS,2024-08-03T09:27:46.800Z,50.8930789,3.1082075,1428.511,-16.27,72.03,-7.25,4.580,5.750,0.94,21
$GNSS,2024-08-03T09:27:47.000Z,50.8930493,3.1084141,1429.924,-16.43,72.75,-7.17,4.578,5.761,0.94,22
$GNSS,2024-08-03T09:27:47.200Z,50.8930184,3.1086211,1430.997,-16.28,72.64,-6.83,4.579,5.773,0.95,22
$GNSS,2024-08-03T09:27:47.400Z,50.8929869,3.1088278,1432.010,-16.42,72.67,-6.73,4.581,5.782,0.95,22
$GNSS,2024-08-03T09:27:47.600Z,50.8929548,3.1090348,1433.152,-17.11,72.72,-6.73,4.583,5.788,0.95,22
$GNSS,2024-08-03T09:27:47.800Z,50.8929244,3.1092402,1434.363,-16.47,71.96,-6.68,4.580,5.789,0.95,21
$GNSS,2024-08-03T09:27:48.000Z,50.8928956,3.1094455,1435.692,-15.79,72.21,-6.73,4.578,5.792,0.98,21
$GNSS,2024-08-03T09:27:48.200Z,50.8928673,3.1096523,1436.894,-15.72,72.66,-6.27,4.574,5.797,0.94,21
$GNSS,2024-08-03T09:27:48.400Z,50.8928391,3.1098590,1438.094,-15.62,72.55,-6.13,4.574,5.808,0.87,21
$GNSS,2024-08-03T09:27:48.600Z,50.8928101,3.1100650,1439.180,-15.91,72.26,-6.01,4.571,5.818,0.95,22
$GNSS,2024-08-03T09:27:48.800Z,50.8927792,3.1102710,1440.244,-16.61,72.56,-6.39,4.568,5.824,0.97,22
$GNSS,2024-08-03T09:27:49.000Z,50.8927474,3.1104769,1441.237,-16.90,72.38,-6.54,4.566,5.823,0.96,22
$GNSS,2024-08-03T09:27:49.200Z,50.8927150,3.1106821,1442.265,-17.18,72.14,-6.67,4.562,5.820,0.93,22
$GNSS,2024-08-03T09:27:49.400Z,50.8926831,3.1108869,1443.516,-17.38,71.93,-6.94,4.556,5.817,0.96,22
$GNSS,2024-08-03T09:27:49.600Z,50.8926521,3.1110915,1444.869,-17.42,71.74,-6.82,4.550,5.812,0.97,22
$GNSS,2024-08-03T09:27:49.800Z,50.8926207,3.1112962,1446.222,-17.73,71.83,-6.86,4.544,5.808,0.96,22
$GNSS,2024-08-03T09:27:50.000Z,50.8925886,3.1114998,1447.487,-17.81,71.35,-6.94,4.540,5.804,0.98,22
$GNSS,2024-08-03T09:27:50.200Z,50.8925564,3.1117033,1448.794,-18.13,71.39,-6.85,4.536,5.799,0.96,22
$GNSS,2024-08-03T09:27:50.400Z,50.8925242,3.1119060,1450.239,-18.27,70.98,-6.94,4.531,5.791,0.92,22
$GNSS,2024-08-03T09:27:50.600Z,50.8924912,3.1121083,1451.551,-18.54,71.04,-6.75,4.527,5.781,0.92,22
$GNSS,2024-08-03T09:27:50.800Z,50.8924577,3.1123105,1452.902,-18.84,70.94,-6.76,4.522,5.771,0.90,22
$GNSS,2024-08-03T09:27:51.000Z,50.8924232,3.1125132,1454.267,-19.29,71.25,-6.86,4.519,5.762,0.92,22
$GNSS,2024-08-03T09:27:51.200Z,50.8923872,3.1127160,1455.582,-19.97,71.26,-6.99,4.523,5.758,0.92,21
$GNSS,2024-08-03T09:27:51.400Z,50.8923506,3.1129188,1456.908,-20.31,71.21,-6.98,4.527,5.752,0.89,21
$GNSS,2024-08-03T09:27:51.600Z,50.8923127,3.1131205,1458.216,-20.71,70.79,-7.16,4.533,5.745,0.88,21
$GNSS,2024-08-03T09:27:51.800Z,50.8922742,3.1133217,1459.552,-21.18,70.66,-7.24,4.539,5.739,0.88,21
$GNSS,2024-08-03T09:27:52.000Z,50.8922367,3.1135222,1461.187,-21.53,70.10,-7.43,4.545,5.731,0.87,22
$GNSS,2024-08-03T09:27:52.200Z,50.8921978,3.1137219,1462.769,-22.07,70.08,-7.55,4.550,5.722,0.86,22
$GNSS,2024-08-03T09:27:52.400Z,50.8921579,3.1139206,1464.336,-22.34,69.58,-7.71,4.554,5.709,0.83,22
$GNSS,2024-08-03T09:27:52.600Z,50.8921170,3.1141187,1465.925,-22.91,69.58,-7.75,4.558,5.696,0.83,21
$GNSS,2024-08-03T09:27:52.800Z,50.8920756,3.1143160,1467.451,-23.15,69.22,-7.55,4.562,5.683,0.82,21
$GNSS,2024-08-03T09:27:53.000Z,50.8920335,3.1145128,1468.950,-23.52,69.07,-7.55,4.564,5.664,0.82,21
$GNSS,2024-08-03T09:27:53.200Z,50.8919914,3.1147085,1470.444,-23.66,68.61,-7.46,4.558,5.636,0.83,22
$GNSS,2024-08-03T09:27:53.400Z,50.8919481,3.1149037,1471.899,-24.24,68.54,-7.44,4.557,5.608,0.83,21
$GNSS,2024-08-03T09:27:53.600Z,50.8919036,3.1150984,1473.262,-24.68,68.41,-7.38,4.553,5.577,0.82,22
$GNSS,2024-08-03T09:27:53.800Z,50.8918586,3.1152923,1474.657,-25.10,68.08,-7.28,4.547,5.544,0.82,22
$GNSS,2024-08-03T09:27:54.000Z,50.8918127,3.1154851,1476.014,-25.45,67.75,-7.24,4.540,5.511,0.82,22
$GNSS,2024-08-03T09:27:54.200Z,50.8917659,3.1156777,1477.345,-26.16,67.81,-7.02,4.519,5.467,0.81,24
$GNSS,2024-08-03T09:27:54.400Z,50.8917186,3.1158698,1478.714,-26.38,67.56,-6.85,4.496,5.426,0.80,24
$GNSS,2024-08-03T09:27:54.600Z,50.8916707,3.1160614,1480.128,-26.83,67.32,-7.00,4.472,5.384,0.77,24
$GNSS,2024-08-03T09:27:54.800Z,50.8916224,3.1162523,1481.531,-27.22,67.05,-6.85,4.449,5.345,0.78,24
$GNSS,2024-08-03T09:27:55.000Z,50.8915730,3.1164430,1482.903,-27.83,67.06,-6.73,4.425,5.307,0.77,24
$GNSS,2024-08-03T09:27:55.200Z,50.8915229,3.1166328,1484.242,-28.01,66.61,-6.67,4.404,5.275,0.78,24
$GNSS,2024-08-03T09:27:55.400Z,50.8914720,3.1168217,1485.522,-28.29,66.33,-6.60,4.384,5.245,0.77,24
$GNSS,2024-08-03T09:27:55.600Z,50.8914213,3.1170107,1486.947,-28.88,66.42,-6.60,4.364,5.216,0.78,24
$GNSS,2024-08-03T09:27:55.800Z,50.8913701,3.1171992,1488.418,-29.22,66.13,-6.40,4.347,5.193,0.78,24
$GNSS,2024-08-03T09:27:56.000Z,50.8913199,3.1173869,1489.955,-28.73,65.95,-6.48,4.335,5.171,0.83,24
$GNSS,2024-08-03T09:27:56.200Z,50.8912692,3.1175740,1491.397,-29.10,65.66,-6.31,4.327,5.154,0.85,24
$GNSS,2024-08-03T09:27:56.400Z,50.8912178,3.1177605,1492.867,-29.44,65.48,-6.44,4.323,5.141,0.88,24
$GNSS,2024-08-03T09:27:56.600Z,50.8911657,3.1179465,1494.331,-29.68,65.30,-6.52,4.318,5.127,0.87,24
$GNSS,2024-08-03T09:27:56.800Z,50.8911131,3.1181318,1495.744,-29.85,65.13,-6.38,4.314,5.112,0.86,23
$GNSS,2024-08-03T09:27:57.000Z,50.8910579,3.1183159,1497.033,-30.42,64.73,-6.69,4.320,5.105,0.85,22
$GNSS,2024-08-03T09:27:57.200Z,50.8910023,3.1185001,1498.366,-31.09,64.87,-6.58,4.324,5.098,0.87,22
$GNSS,2024-08-03T09:27:57.400Z,50.8909459,3.1186844,1499.613,-31.43,64.87,-6.24,4.328,5.092,0.88,22
$GNSS,2024-08-03T09:27:57.600Z,50.8908882,3.1188689,1500.825,-31.99,64.96,-6.24,4.344,5.093,0.91,21
$GNSS,2024-08-03T09:27:57.800Z,50.8908296,3.1190528,1501.970,-32.22,64.66,-6.18,4.362,5.096,0.90,21
$GNSS,2024-08-03T09:27:58.000Z,50.8907705,3.1192362,1503.142,-32.54,64.54,-6.21,4.381,5.099,0.89,21
$GNSS,2024-08-03T09:27:58.200Z,50.8907118,3.1194194,1504.461,-32.81,64.35,-6.30,4.390,5.098,0.88,22
$GNSS,2024-08-03T09:27:58.400Z,50.8906523,3.1196022,1505.756,-33.00,64.32,-6.41,4.402,5.098,0.93,22
$GNSS,2024-08-03T09:27:58.600Z,50.8905931,3.1197851,1507.000,-32.97,64.38,-6.20,4.411,5.098,0.93,21
$GNSS,2024-08-03T09:27:58.800Z,50.8905335,3.1199679,1508.191,-33.05,64.33,-6.04,4.419,5.099,0.94,21
$GNSS,2024-08-03T09:27:59.000Z,50.8904742,3.1201500,1509.321,-32.70,64.05,-5.89,4.428,5.101,0.95,21
$GNSS,2024-08-03T09:27:59.200Z,50.8904154,3.1203321,1510.493,-32.74,63.99,-5.77,4.439,5.107,0.98,21
$GNSS,2024-08-03T09:27:59.400Z,50.8903557,3.1205138,1511.684,-32.89,63.97,-5.96,4.448,5.113,0.95,21
$GNSS,2024-08-03T09:27:59.600Z,50.8902962,3.1206947,1512.817,-32.68,63.62,-5.92,4.458,5.121,0.97,22
$GNSS,2024-08-03T09:27:59.800Z,50.8902374,3.1208765,1514.025,-33.02,63.93,-5.70,4.467,5.128,0.98,22
$GNSS,2024-08-03T09:28:00.000Z,50.8901778,3.1210593,1515.081,-33.06,64.35,-5.37,4.456,5.129,0.91,23
$GNSS,2024-08-03T09:28:00.200Z,50.8901195,3.1212430,1516.215,-32.68,64.57,-5.20,4.464,5.138,0.97,22
$GNSS,2024-08-03T09:28:00.400Z,50.8900592,3.1214269,1517.247,-33.40,64.66,-5.13,4.444,5.132,0.94,24
$GNSS,2024-08-03T09:28:00.600Z,50.8899984,3.1216109,1518.327,-33.51,64.77,-5.32,4.426,5.126,0.93,24
$GNSS,2024-08-03T09:28:00.800Z,50.8899384,3.1217955,1519.373,-33.42,64.96,-5.12,4.419,5.137,0.98,22
$GNSS,2024-08-03T09:28:01.000Z,50.8898766,3.1219796,1520.271,-33.51,64.90,-5.28,4.406,5.139,1.00,23
$GNSS,2024-08-03T09:28:01.200Z,50.8898153,3.1221629,1521.271,-33.53,64.56,-5.51,4.393,5.142,0.96,22
$GNSS,2024-08-03T09:28:01.400Z,50.8897534,3.1223454,1522.174,-33.46,64.38,-5.58,4.377,5.145,0.94,23
$GNSS,2024-08-03T09:28:01.600Z,50.8896922,3.1225282,1523.239,-33.43,64.42,-5.77,4.361,5.147,0.96,23
$GNSS,2024-08-03T09:28:01.800Z,50.8896317,3.1227114,1524.311,-33.65,64.38,-5.54,4.348,5.147,0.99,23
$GNSS,2024-08-03T09:28:02.000Z,50.8895706,3.1228944,1525.225,-33.35,64.50,-5.37,4.337,5.145,0.99,23
$GNSS,2024-08-03T09:28:02.200Z,50.8895102,3.1230775,1526.042,-33.19,64.44,-4.98,4.325,5.142,0.96,23
$GNSS,2024-08-03T09:28:02.400Z,50.8894496,3.1232608,1526.904,-33.16,64.66,-4.92,4.312,5.139,0.95,24
$GNSS,2024-08-03T09:28:02.600Z,50.8893893,3.1234456,1527.929,-33.53,65.08,-4.92,4.299,5.135,0.95,24
$GNSS,2024-08-03T09:28:02.800Z,50.8893278,3.1236295,1528.811,-33.60,64.62,-5.07,4.287,5.131,0.96,24
$GNSS,2024-08-03T09:28:03.000Z,50.8892661,3.1238134,1529.782,-33.89,64.83,-5.21,4.276,5.129,0.93,24
$GNSS,2024-08-03T09:28:03.200Z,50.8892046,3.1239970,1530.675,-33.47,64.65,-5.30,4.263,5.124,0.96,24
$GNSS,2024-08-03T09:28:03.400Z,50.8891436,3.1241821,1531.733,-33.91,65.19,-5.20,4.250,5.119,0.94,24
$GNSS,2024-08-03T09:28:03.600Z,50.8890818,3.1243666,1532.752,-33.94,64.78,-5.36,4.237,5.112,0.93,24
$GNSS,2024-08-03T09:28:03.800Z,50.8890210,3.1245512,1533.894,-33.66,64.92,-5.42,4.224,5.104,0.92,24
$GNSS,2024-08-03T09:28:04.000Z,50.8889604,3.1247368,1535.022,-33.74,65.29,-5.29,4.214,5.097,0.94,23
$GNSS,2024-08-03T09:28:04.200Z,50.8888986,3.1249225,1536.042,-34.13,65.31,-5.34,4.206,5.094,0.95,23
$GNSS,2024-08-03T09:28:04.400Z,50.8888358,3.1251081,1536.979,-34.32,65.38,-5.39,4.196,5.090,0.93,23
$GNSS,2024-08-03T09:28:04.600Z,50.8887739,3.1252942,1537.983,-34.18,65.49,-5.24,4.186,5.083,0.91,23
$GNSS,2024-08-03T09:28:04.800Z,50.8887120,3.1254800,1538.968,-33.91,65.34,-5.23,4.173,5.077,0.94,23
$GNSS,2024-08-03T09:28:05.000Z,50.8886496,3.1256654,1539.955,-34.18,65.24,-5.44,4.162,5.070,0.95,23
$GNSS,2024-08-03T09:28:05.200Z,50.8885872,3.1258513,1540.928,-34.30,65.52,-5.37,4.151,5.063,0.94,23
$GNSS,2024-08-03T09:28:05.400Z,50.8885252,3.1260376,1541.930,-34.16,65.52,-5.25,4.139,5.056,0.93,23
$GNSS,2024-08-03T09:28:05.600Z,50.8884638,3.1262240,1542.976,-33.81,65.56,-5.21,4.124,5.048,0.90,23
$GNSS,2024-08-03T09:28:05.800Z,50.8884027,3.1264100,1544.058,-33.68,65.36,-5.35,4.109,5.045,0.90,23
$GNSS,2024-08-03T09:28:06.000Z,50.8883411,3.1265963,1545.195,-34.24,65.70,-5.56,4.097,5.047,1.00,21
$GNSS,2024-08-03T09:28:06.200Z,50.8882793,3.1267827,1546.106,-34.00,65.73,-5.31,4.086,5.056,1.00,20
$GNSS,2024-08-03T09:28:06.400Z,50.8882171,3.1269705,1547.058,-34.50,66.26,-5.02,4.076,5.067,1.01,20
$GNSS,2024-08-03T09:28:06.600Z,50.8881550,3.1271579,1547.998,-34.20,65.93,-5.02,4.068,5.077,0.99,20
$GNSS,2024-08-03T09:28:06.800Z,50.8880935,3.1273447,1548.956,-33.84,65.73,-5.05,4.058,5.079,0.95,20
$GNSS,2024-08-03T09:28:07.000Z,50.8880323,3.1275314,1549.865,-33.77,65.67,-4.88,4.046,5.081,0.91,21
$GNSS,2024-08-03T09:28:07.200Z,50.8879712,3.1277183,1550.952,-33.84,65.67,-5.07,4.034,5.085,0.91,21
$GNSS,2024-08-03T09:28:07.400Z,50.8879097,3.1279041,1551.931,-33.56,65.37,-5.35,4.022,5.089,0.91,21
$GNSS,2024-08-03T09:28:07.600Z,50.8878484,3.1280900,1552.878,-33.54,65.48,-5.29,4.011,5.095,0.89,20
$GNSS,2024-08-03T09:28:07.800Z,50.8877870,3.1282764,1553.878,-33.78,65.70,-5.22,4.001,5.103,0.91,20
$GNSS,2024-08-03T09:28:08.000Z,50.8877256,3.1284637,1554.889,-33.82,65.96,-5.13,3.991,5.113,0.90,19
$GNSS,2024-08-03T09:28:08.200Z,50.8876643,3.1286522,1555.870,-33.92,66.42,-4.87,3.981,5.122,0.91,19
$GNSS,2024-08-03T09:28:08.400Z,50.8876028,3.1288410,1556.797,-33.79,66.41,-4.71,3.973,5.135,0.92,20
$GNSS,2024-08-03T09:28:08.600Z,50.8875420,3.1290300,1557.817,-33.69,66.41,-4.60,3.965,5.147,0.90,19
$GNSS,2024-08-03T09:28:08.800Z,50.8874809,3.1292189,1558.813,-33.59,66.40,-4.65,3.959,5.162,0.90,19
$GNSS,2024-08-03T09:28:09.000Z,50.8874195,3.1294077,1559.731,-33.62,66.49,-4.66,3.952,5.175,0.90,20
$GNSS,2024-08-03T09:28:09.200Z,50.8873582,3.1295966,1560.654,-33.63,66.39,-4.68,3.946,5.186,0.91,20
$GNSS,2024-08-03T09:28:09.400Z,50.8872971,3.1297860,1561.711,-33.77,66.66,-4.73,3.941,5.194,0.94,20
$GNSS,2024-08-03T09:28:09.600Z,50.8872362,3.1299756,1562.753,-33.66,66.61,-4.69,3.937,5.200,0.94,21
$GNSS,2024-08-03T09:28:09.800Z,50.8871754,3.1301656,1563.740,-33.52,66.77,-4.57,3.933,5.203,0.93,21
$GNSS,2024-08-03T09:28:10.000Z,50.8871146,3.1303553,1564.805,-33.48,66.61,-4.69,3.933,5.209,0.95,20
$GNSS,2024-08-03T09:28:10.200Z,50.8870535,3.1305448,1565.665,-33.34,66.67,-4.60,3.934,5.218,0.94,19
$GNSS,2024-08-03T09:28:10.400Z,50.8869930,3.1307342,1566.560,-33.20,66.56,-4.59,3.935,5.225,0.95,19
$GNSS,2024-08-03T09:28:10.600Z,50.8869324,3.1309236,1567.409,-33.22,66.64,-4.50,3.937,5.234,0.97,19
$GNSS,2024-08-03T09:28:10.800Z,50.8868716,3.1311140,1568.353,-33.56,67.10,-4.60,3.942,5.244,0.97,19
$GNSS,2024-08-03T09:28:11.000Z,50.8868107,3.1313050,1569.326,-33.63,67.25,-4.69,3.943,5.250,0.95,19
$GNSS,2024-08-03T09:28:11.200Z,50.8867499,3.1314955,1570.222,-33.39,66.96,-4.70,3.943,5.255,0.95,19
$GNSS,2024-08-03T09:28:11.400Z,50.8866892,3.1316854,1571.125,-33.32,66.85,-4.76,3.941,5.258,0.93,21
$GNSS,2024-08-03T09:28:11.600Z,50.8866284,3.1318754,1571.982,-33.41,66.98,-4.66,3.938,5.258,0.93,22
$GNSS,2024-08-03T09:28:11.800Z,50.8865666,3.1320656,1572.798,-33.56,67.19,-4.96,3.934,5.260,0.92,21
$GNSS,2024-08-03T09:28:12.000Z,50.8865052,3.1322563,1573.616,-33.62,67.22,-4.84,3.931,5.261,0.95,20
$GNSS,2024-08-03T09:28:12.200Z,50.8864442,3.1324473,1574.375,-33.46,67.30,-4.49,3.928,5.258,0.95,21
$GNSS,2024-08-03T09:28:12.400Z,50.8863833,3.1326383,1575.199,-33.45,67.32,-4.43,3.926,5.258,0.94,21
$GNSS,2024-08-03T09:28:12.600Z,50.8863225,3.1328291,1576.047,-33.31,67.23,-4.56,3.924,5.260,0.96,20
$GNSS,2024-08-03T09:28:12.800Z,50.8862620,3.1330194,1576.879,-33.06,66.96,-4.63,3.928,5.266,1.00,19
$GNSS,2024-08-03T09:28:13.000Z,50.8862020,3.1332103,1577.680,-32.97,67.28,-4.41,3.929,5.269,0.98,20
$GNSS,2024-08-03T09:28:13.200Z,50.8861423,3.1334021,1578.638,-33.22,67.58,-4.37,3.927,5.277,0.97,21
$GNSS,2024-08-03T09:28:13.400Z,50.8860819,3.1335940,1579.571,-33.27,67.63,-4.47,3.926,5.286,0.92,21
$GNSS,2024-08-03T09:28:13.600Z,50.8860216,3.1337864,1580.381,-33.24,67.83,-4.22,3.920,5.295,0.92,21
$GNSS,2024-08-03T09:28:13.800Z,50.8859613,3.1339788,1581.177,-33.10,67.84,-4.18,3.914,5.306,0.93,20
$GNSS,2024-08-03T09:28:14.000Z,50.8859018,3.1341716,1581.976,-32.99,67.95,-3.92,3.907,5.316,0.91,21
$GNSS,2024-08-03T09:28:14.200Z,50.8858420,3.1343642,1582.884,-33.15,67.76,-4.15,3.900,5.330,0.92,21
$GNSS,2024-08-03T09:28:14.400Z,50.8857820,3.1345572,1583.934,-33.44,68.04,-4.39,3.893,5.346,0.94,20
$GNSS,2024-08-03T09:28:14.600Z,50.8857222,3.1347504,1584.899,-33.14,68.03,-4.52,3.888,5.359,0.96,21
$GNSS,2024-08-03T09:28:14.800Z,50.8856617,3.1349440,1585.718,-33.36,68.26,-4.50,3.886,5.373,1.01,20
$GNSS,2024-08-03T09:28:15.000Z,50.8856013,3.1351375,1586.723,-33.41,68.12,-4.84,3.885,5.384,0.98,21
$GNSS,2024-08-03T09:28:15.200Z,50.8855406,3.1353305,1587.724,-33.43,68.00,-5.14,3.884,5.391,0.94,21
$GNSS,2024-08-03T09:28:15.400Z,50.8854799,3.1355244,1588.586,-33.58,68.40,-4.88,3.884,5.398,0.96,19
$GNSS,2024-08-03T09:28:15.600Z,50.8854193,3.1357184,1589.381,-33.27,68.33,-4.77,3.884,5.406,0.99,19
$GNSS,2024-08-03T09:28:15.800Z,50.8853601,3.1359125,1590.333,-32.97,68.22,-4.57,3.886,5.413,0.99,19
$GNSS,2024-08-03T09:28:16.000Z,50.8853007,3.1361068,1591.197,-32.93,68.45,-4.46,3.886,5.418,0.98,19
$GNSS,2024-08-03T09:28:16.200Z,50.8852410,3.1363016,1592.031,-33.08,68.60,-4.41,3.885,5.425,0.97,19
$GNSS,2024-08-03T09:28:16.400Z,50.8851820,3.1364952,1592.977,-32.57,68.01,-4.59,3.884,5.432,0.98,20
$GNSS,2024-08-03T09:28:16.600Z,50.8851234,3.1366892,1593.993,-32.76,68.30,-4.58,3.883,5.439,0.96,19
$GNSS,2024-08-03T09:28:16.800Z,50.8850648,3.1368834,1595.097,-32.78,68.31,-4.72,3.882,5.443,0.96,19
$GNSS,2024-08-03T09:28:17.000Z,50.8850055,3.1370768,1595.938,-32.58,68.05,-4.73,3.882,5.447,0.98,20
$GNSS,2024-08-03T09:28:17.200Z,50.8849457,3.1372707,1596.784,-32.99,68.32,-4.69,3.881,5.448,0.95,20
$GNSS,2024-08-03T09:28:17.400Z,50.8848855,3.1374648,1597.582,-33.08,68.44,-4.71,3.879,5.449,0.96,20
$GNSS,2024-08-03T09:28:17.600Z,50.8848258,3.1376595,1598.426,-33.03,68.55,-4.54,3.878,5.449,0.95,20
$GNSS,2024-08-03T09:28:17.800Z,50.8847670,3.1378542,1599.270,-32.68,68.55,-4.30,3.875,5.447,0.94,21
$GNSS,2024-08-03T09:28:18.000Z,50.8847078,3.1380493,1600.073,-33.02,68.70,-4.11,3.870,5.443,0.94,21
$GNSS,2024-08-03T09:28:18.200Z,50.8846472,3.1382450,1600.826,-33.24,68.99,-4.33,3.862,5.430,0.92,23
$GNSS,2024-08-03T09:28:18.400Z,50.8845875,3.1384407,1601.746,-33.01,68.72,-4.49,3.852,5.415,0.90,23
$GNSS,2024-08-03T09:28:18.600Z,50.8845282,3.1386362,1602.822,-32.92,68.58,-4.38,3.838,5.386,0.83,23
$GNSS,2024-08-03T09:28:18.800Z,50.8844691,3.1388316,1603.523,-32.20,68.84,-4.09,3.826,5.378,0.86,24
$GNSS,2024-08-03T09:28:19.000Z,50.8844100,3.1390271,1604.545,-32.73,68.63,-4.34,3.812,5.367,0.87,24
$GNSS,2024-08-03T09:28:19.200Z,50.8843506,3.1392222,1605.312,-32.36,68.57,-3.93,3.797,5.358,0.86,24
$GNSS,2024-08-03T09:28:19.400Z,50.8842917,3.1394167,1606.174,-32.25,68.32,-4.11,3.783,5.350,0.83,24
$GNSS,2024-08-03T09:28:19.600Z,50.8842324,3.1396112,1607.037,-32.50,68.50,-4.47,3.769,5.343,0.85,24
$GNSS,2024-08-03T09:28:19.800Z,50.8841735,3.1398061,1608.122,-32.74,68.52,-4.79,3.759,5.337,0.84,24
$GNSS,2024-08-03T09:28:20.000Z,50.8841143,3.1400010,1609.220,-32.72,68.48,-5.00,3.751,5.332,0.84,24
$GNSS,2024-08-03T09:28:20.200Z,50.8840557,3.1401966,1610.228,-32.58,68.80,-4.71,3.744,5.328,0.85,24
$GNSS,2024-08-03T09:28:20.400Z,50.8839971,3.1403924,1611.130,-32.38,68.81,-4.48,3.737,5.323,0.83,24
$GNSS,2024-08-03T09:28:20.600Z,50.8839384,3.1405881,1611.912,-32.31,68.83,-4.30,3.729,5.315,0.78,23
$GNSS,2024-08-03T09:28:20.800Z,50.8838796,3.1407842,1612.730,-32.39,69.03,-4.28,3.722,5.306,0.75,23
$GNSS,2024-08-03T09:28:21.000Z,50.8838204,3.1409802,1613.605,-32.63,68.94,-4.56,3.715,5.303,0.76,22
$GNSS,2024-08-03T09:28:21.200Z,50.8837619,3.1411752,1614.861,-32.47,68.39,-5.07,3.707,5.302,0.76,23
$GNSS,2024-08-03T09:28:21.400Z,50.8837040,3.1413703,1616.055,-32.24,68.68,-5.18,3.699,5.301,0.75,22
$GNSS,2024-08-03T09:28:21.600Z,50.8836456,3.1415659,1617.065,-32.23,68.83,-5.15,3.692,5.301,0.77,22
$GNSS,2024-08-03T09:28:21.800Z,50.8835885,3.1417616,1618.382,-31.92,68.72,-5.32,3.684,5.300,0.75,22
$GNSS,2024-08-03T09:28:22.000Z,50.8835312,3.1419575,1619.583,-31.72,68.87,-5.47,3.676,5.295,0.75,20
$GNSS,2024-08-03T09:28:22.200Z,50.8834736,3.1421539,1620.616,-31.83,69.05,-5.33,3.669,5.295,0.79,20
$GNSS,2024-08-03T09:28:22.400Z,50.8834160,3.1423500,1621.657,-31.92,68.86,-5.44,3.662,5.296,0.88,20
$GNSS,2024-08-03T09:28:22.600Z,50.8833587,3.1425456,1622.718,-31.62,68.68,-5.53,3.657,5.296,0.89,20
$GNSS,2024-08-03T09:28:22.800Z,50.8833015,3.1427413,1623.555,-31.68,68.83,-5.10,3.651,5.295,0.88,21
$GNSS,2024-08-03T09:28:23.000Z,50.8832441,3.1429371,1624.302,-31.65,68.86,-4.88,3.645,5.296,0.90,20
$GNSS,2024-08-03T09:28:23.200Z,50.8831874,3.1431332,1625.305,-31.47,68.92,-5.04,3.641,5.301,0.99,20
$GNSS,2024-08-03T09:28:23.400Z,50.8831316,3.1433285,1626.390,-31.15,68.47,-5.21,3.637,5.302,0.95,19
$GNSS,2024-08-03T09:28:23.600Z,50.8830760,3.1435235,1627.535,-31.20,68.47,-5.37,3.633,5.303,0.99,19
$GNSS,2024-08-03T09:28:23.800Z,50.8830196,3.1437186,1628.609,-31.39,68.62,-5.47,3.632,5.304,0.96,19
$GNSS,2024-08-03T09:28:24.000Z,50.8829628,3.1439140,1629.624,-31.50,68.73,-5.50,3.632,5.305,0.95,19
$GNSS,2024-08-03T09:28:24.200Z,50.8829062,3.1441098,1630.712,-31.41,68.86,-5.56,3.633,5.302,0.90,19
$GNSS,2024-08-03T09:28:24.400Z,50.8828494,3.1443059,1631.810,-31.53,68.96,-5.79,3.633,5.296,0.83,19
$GNSS,2024-08-03T09:28:24.600Z,50.8827923,3.1445018,1632.906,-31.68,68.82,-5.92,3.633,5.290,0.86,19
$GNSS,2024-08-03T09:28:24.800Z,50.8827352,3.1446978,1633.988,-31.75,68.91,-5.83,3.632,5.284,0.82,19
$GNSS,2024-08-03T09:28:25.000Z,50.8826780,3.1448935,1635.022,-31.54,68.83,-5.88,3.629,5.278,0.82,19
$GNSS,2024-08-03T09:28:25.200Z,50.8826209,3.1450897,1636.056,-31.67,68.97,-5.65,3.621,5.271,0.80,20
$GNSS,2024-08-03T09:28:25.400Z,50.8825635,3.1452850,1637.114,-31.70,68.48,-5.78,3.612,5.265,0.80,20
$GNSS,2024-08-03T09:28:25.600Z,50.8825057,3.1454800,1638.189,-31.97,68.53,-5.74,3.603,5.259,0.80,20
$GNSS,2024-08-03T09:28:25.800Z,50.8824488,3.1456747,1639.360,-31.62,68.16,-5.51,3.592,5.251,0.79,20
$GNSS,2024-08-03T09:28:26.000Z,50.8823906,3.1458692,1640.353,-32.14,68.45,-5.57,3.582,5.245,0.80,20
$GNSS,2024-08-03T09:28:26.200Z,50.8823320,3.1460639,1641.420,-32.40,68.38,-5.70,3.572,5.239,0.81,20
$GNSS,2024-08-03T09:28:26.400Z,50.8822734,3.1462582,1642.429,-32.46,68.19,-5.48,3.560,5.230,0.75,20
$GNSS,2024-08-03T09:28:26.600Z,50.8822149,3.1464522,1643.647,-32.51,68.10,-5.63,3.547,5.222,0.74,20
$GNSS,2024-08-03T09:28:26.800Z,50.8821566,3.1466459,1644.838,-32.44,67.96,-5.50,3.536,5.214,0.76,21
$GNSS,2024-08-03T09:28:27.000Z,50.8820983,3.1468393,1645.987,-32.47,67.84,-5.23,3.525,5.206,0.73,22
$GNSS,2024-08-03T09:28:27.200Z,50.8820387,3.1470321,1646.962,-32.85,67.72,-5.16,3.515,5.198,0.75,22
$GNSS,2024-08-03T09:28:27.400Z,50.8819781,3.1472244,1647.797,-32.95,67.63,-5.13,3.502,5.187,0.71,22
$GNSS,2024-08-03T09:28:27.600Z,50.8819179,3.1474166,1648.910,-33.34,67.50,-5.15,3.491,5.180,0.74,22
$GNSS,2024-08-03T09:28:27.800Z,50.8818576,3.1476081,1649.960,-33.28,67.19,-5.17,3.482,5.174,0.77,22
$GNSS,2024-08-03T09:28:28.000Z,50.8817964,3.1477990,1651.062,-33.67,67.12,-5.40,3.472,5.166,0.74,22
$GNSS,2024-08-03T09:28:28.200Z,50.8817347,3.1479894,1652.117,-34.00,66.80,-5.42,3.462,5.160,0.85,22
$GNSS,2024-08-03T09:28:28.400Z,50.8816729,3.1481793,1653.320,-34.35,66.70,-5.47,3.452,5.150,0.85,22
$GNSS,2024-08-03T09:28:28.600Z,50.8816104,3.1483682,1654.430,-34.40,66.28,-5.52,3.442,5.137,0.86,22
$GNSS,2024-08-03T09:28:28.800Z,50.8815474,3.1485564,1655.378,-34.66,66.07,-5.24,3.433,5.128,0.84,23
$GNSS,2024-08-03T09:28:29.000Z,50.8814838,3.1487448,1656.314,-35.25,66.31,-4.98,3.425,5.117,0.86,23
$GNSS,2024-08-03T09:28:29.200Z,50.8814190,3.1489331,1657.186,-35.61,66.17,-4.92,3.418,5.105,0.82,24
$GNSS,2024-08-03T09:28:29.400Z,50.8813541,3.1491211,1658.047,-35.93,65.94,-4.62,3.410,5.092,0.79,24
$GNSS,2024-08-03T09:28:29.600Z,50.8812893,3.1493082,1658.784,-35.69,65.67,-4.35,3.402,5.083,0.87,25
$GNSS,2024-08-03T09:28:29.800Z,50.8812241,3.1494948,1659.717,-36.37,65.43,-4.43,3.398,5.075,0.83,24
$GNSS,2024-08-03T09:28:30.000Z,50.8811578,3.1496806,1660.448,-36.63,65.25,-4.22,3.388,5.049,0.72,25
$GNSS,2024-08-03T09:28:30.200Z,50.8810919,3.1498656,1661.251,-36.71,64.77,-4.25,3.381,5.028,0.81,24
$GNSS,2024-08-03T09:28:30.400Z,50.8810255,3.1500497,1662.212,-37.19,64.62,-4.48,3.373,5.002,0.78,25
$GNSS,2024-08-03T09:28:30.600Z,50.8809583,3.1502329,1662.985,-37.26,64.22,-4.20,3.367,4.972,0.82,24
$GNSS,2024-08-03T09:28:30.800Z,50.8808907,3.1504152,1663.737,-37.41,63.98,-4.18,3.365,4.939,0.85,24
$GNSS,2024-08-03T09:28:31.000Z,50.8808220,3.1505972,1664.436,-38.22,64.05,-4.12,3.363,4.906,0.85,25
$GNSS,2024-08-03T09:28:31.200Z,50.8807523,3.1507792,1665.314,-38.65,63.87,-4.31,3.359,4.880,0.81,25
$GNSS,2024-08-03T09:28:31.400Z,50.8806817,3.1509600,1666.109,-38.98,63.46,-4.34,3.353,4.864,0.81,25
$GNSS,2024-08-03T09:28:31.600Z,50.8806109,3.1511396,1666.965,-39.35,62.88,-4.47,3.348,4.853,0.81,25
$GNSS,2024-08-03T09:28:31.800Z,50.8805393,3.1513191,1667.952,-40.22,63.15,-4.54,3.342,4.836,0.90,25
$GNSS,2024-08-03T09:28:32.000Z,50.8804670,3.1514986,1668.850,-40.30,63.04,-4.55,3.337,4.808,0.91,25
$GNSS,2024-08-03T09:28:32.200Z,50.8803947,3.1516780,1669.757,-40.61,62.72,-4.47,3.332,4.782,0.86,25
$GNSS,2024-08-03T09:28:32.400Z,50.8803206,3.1518545,1670.462,-40.80,61.90,-4.78,3.329,4.750,0.89,25
$GNSS,2024-08-03T09:28:32.600Z,50.8802453,3.1520300,1671.132,-41.70,61.58,-4.51,3.325,4.724,0.88,25
$GNSS,2024-08-03T09:28:32.800Z,50.8801697,3.1522057,1671.945,-42.24,61.70,-4.52,3.319,4.696,0.87,25
$GNSS,2024-08-03T09:28:33.000Z,50.8800926,3.1523806,1672.850,-42.90,61.42,-4.93,3.313,4.671,0.89,25
$GNSS,2024-08-03T09:28:33.200Z,50.8800149,3.1525539,1673.670,-42.84,60.68,-4.91,3.307,4.637,0.88,25
$GNSS,2024-08-03T09:28:33.400Z,50.8799365,3.1527260,1674.289,-43.53,60.38,-4.72,3.301,4.594,0.84,24
$GNSS,2024-08-03T09:28:33.600Z,50.8798572,3.1528967,1675.074,-44.11,59.75,-4.73,3.291,4.544,0.77,25
$GNSS,2024-08-03T09:28:33.800Z,50.8797774,3.1530660,1675.823,-44.40,59.27,-4.76,3.281,4.482,0.73,25
$GNSS,2024-08-03T09:28:34.000Z,50.8796972,3.1532341,1676.647,-44.91,58.78,-5.03,3.269,4.401,0.69,25
$GNSS,2024-08-03T09:28:34.200Z,50.8796158,3.1534009,1677.731,-45.42,58.09,-5.17,3.258,4.362,0.66,25
$GNSS,2024-08-03T09:28:34.400Z,50.8795335,3.1535662,1678.836,-46.24,57.79,-5.17,3.247,4.322,0.68,25
$GNSS,2024-08-03T09:28:34.600Z,50.8794504,3.1537294,1679.909,-46.31,56.93,-5.19,3.238,4.288,0.76,24
$GNSS,2024-08-03T09:28:34.800Z,50.8793666,3.1538908,1680.980,-46.72,56.55,-5.34,3.230,4.255,0.79,24
$GNSS,2024-08-03T09:28:35.000Z,50.8792816,3.1540509,1681.971,-47.24,55.99,-5.38,3.221,4.218,0.75,25
$GNSS,2024-08-03T09:28:35.200Z,50.8791956,3.1542093,1683.097,-47.99,55.14,-5.51,3.213,4.177,0.75,25
$GNSS,2024-08-03T09:28:35.400Z,50.8791082,3.1543653,1684.029,-48.40,54.65,-5.29,3.211,4.150,0.85,24
$GNSS,2024-08-03T09:28:35.600Z,50.8790205,3.1545207,1685.241,-49.09,54.21,-5.87,3.209,4.120,0.78,25
$GNSS,2024-08-03T09:28:35.800Z,50.8789319,3.1546750,1686.364,-49.47,53.87,-5.81,3.202,4.093,0.70,25
$GNSS,2024-08-03T09:28:36.000Z,50.8788428,3.1548271,1687.555,-49.64,53.10,-6.04,3.197,4.068,0.81,26
$GNSS,2024-08-03T09:28:36.200Z,50.8787534,3.1549780,1688.799,-50.13,52.86,-6.03,3.192,4.045,0.81,26
$GNSS,2024-08-03T09:28:36.400Z,50.8786632,3.1551272,1689.970,-50.15,52.21,-6.02,3.191,4.025,0.83,26
$GNSS,2024-08-03T09:28:36.600Z,50.8785721,3.1552743,1691.204,-50.65,51.43,-6.29,3.192,4.011,0.80,25
$GNSS,2024-08-03T09:28:36.800Z,50.8784797,3.1554203,1692.483,-51.47,51.23,-6.46,3.195,4.005,0.83,25
$GNSS,2024-08-03T09:28:37.000Z,50.8783863,3.1555649,1693.713,-51.85,50.60,-6.33,3.196,3.999,0.78,24
$GNSS,2024-08-03T09:28:37.200Z,50.8782920,3.1557081,1694.915,-52.28,50.23,-6.19,3.195,3.992,0.78,24
$GNSS,2024-08-03T09:28:37.400Z,50.8781973,3.1558497,1696.138,-52.41,49.57,-6.18,3.193,3.984,0.80,24
$GNSS,2024-08-03T09:28:37.600Z,50.8781019,3.1559895,1697.411,-52.89,48.92,-6.47,3.190,3.971,0.77,24
$GNSS,2024-08-03T09:28:37.800Z,50.8780058,3.1561283,1698.641,-53.55,48.62,-6.34,3.191,3.958,0.84,23
$GNSS,2024-08-03T09:28:38.000Z,50.8779084,3.1562653,1699.861,-53.99,47.96,-6.36,3.189,3.936,0.82,24
$GNSS,2024-08-03T09:28:38.200Z,50.8778103,3.1564008,1701.081,-54.44,47.40,-6.38,3.185,3.908,0.79,25
$GNSS,2024-08-03T09:28:38.400Z,50.8777116,3.1565346,1702.301,-54.75,46.77,-6.37,3.177,3.875,0.80,25
$GNSS,2024-08-03T09:28:38.600Z,50.8776129,3.1566674,1703.612,-55.05,46.31,-6.49,3.168,3.841,0.75,26
$GNSS,2024-08-03T09:28:38.800Z,50.8775133,3.1567981,1704.870,-55.27,45.61,-6.33,3.159,3.815,0.76,26
$GNSS,2024-08-03T09:28:39.000Z,50.8774129,3.1569267,1706.154,-55.71,44.96,-6.52,3.151,3.792,0.76,26
$GNSS,2024-08-03T09:28:39.200Z,50.8773118,3.1570532,1707.401,-55.70,44.33,-6.45,3.145,3.771,0.68,26
$GNSS,2024-08-03T09:28:39.400Z,50.8772103,3.1571778,1708.674,-56.18,43.68,-6.66,3.140,3.751,0.71,26
$GNSS,2024-08-03T09:28:39.600Z,50.8771085,3.1573008,1709.950,-56.47,42.94,-6.50,3.135,3.732,0.70,26
$GNSS,2024-08-03T09:28:39.800Z,50.8770058,3.1574214,1711.161,-56.85,42.24,-6.51,3.131,3.713,0.76,25
$GNSS,2024-08-03T09:28:40.000Z,50.8769022,3.1575402,1712.366,-57.34,41.62,-6.52,3.124,3.694,0.72,25
$GNSS,2024-08-03T09:28:40.200Z,50.8767984,3.1576571,1713.664,-57.49,40.79,-6.73,3.115,3.677,0.71,25
$GNSS,2024-08-03T09:28:40.400Z,50.8766944,3.1577723,1714.956,-57.80,40.21,-6.58,3.109,3.667,0.76,24
$GNSS,2024-08-03T09:28:40.600Z,50.8765901,3.1578858,1716.204,-57.99,39.66,-6.29,3.105,3.661,0.83,24
$GNSS,2024-08-03T09:28:40.800Z,50.8764849,3.1579976,1717.406,-58.47,39.07,-6.35,3.103,3.651,0.91,24
$GNSS,2024-08-03T09:28:41.000Z,50.8763793,3.1581079,1718.616,-58.73,38.45,-6.29,3.102,3.639,0.92,24
$GNSS,2024-08-03T09:28:41.200Z,50.8762733,3.1582166,1719.865,-59.02,37.81,-6.26,3.100,3.628,0.93,24
$GNSS,2024-08-03T09:28:41.400Z,50.8761667,3.1583224,1721.083,-59.28,36.66,-6.20,3.099,3.616,0.88,23
$GNSS,2024-08-03T09:28:41.600Z,50.8760597,3.1584251,1722.242,-59.46,35.87,-6.21,3.096,3.611,0.89,23
$GNSS,2024-08-03T09:28:41.800Z,50.8759526,3.1585265,1723.393,-59.44,35.89,-6.28,3.093,3.608,0.96,24
$GNSS,2024-08-03T09:28:42.000Z,50.8758451,3.1586271,1724.545,-59.76,35.34,-6.22,3.093,3.611,1.02,24
$GNSS,2024-08-03T09:28:42.200Z,50.8757372,3.1587261,1725.749,-60.22,34.45,-6.20,3.091,3.604,0.94,26
$GNSS,2024-08-03T09:28:42.400Z,50.8756281,3.1588223,1726.866,-60.52,33.84,-6.16,3.088,3.600,0.88,26
$GNSS,2024-08-03T09:28:42.600Z,50.8755193,3.1589173,1728.029,-60.56,33.46,-6.14,3.085,3.598,0.94,26
$GNSS,2024-08-03T09:28:42.800Z,50.8754105,3.1590117,1729.260,-60.94,32.90,-6.00,3.081,3.593,0.93,26
$GNSS,2024-08-03T09:28:43.000Z,50.8753012,3.1591035,1730.410,-60.94,32.11,-5.93,3.076,3.581,0.92,26
$GNSS,2024-08-03T09:28:43.200Z,50.8751918,3.1591936,1731.553,-61.09,31.55,-5.87,3.070,3.567,0.89,26
$GNSS,2024-08-03T09:28:43.400Z,50.8750824,3.1592819,1732.670,-61.07,30.86,-5.75,3.066,3.551,0.85,26
$GNSS,2024-08-03T09:28:43.600Z,50.8749726,3.1593695,1733.829,-61.42,30.56,-5.64,3.063,3.542,0.90,25
$GNSS,2024-08-03T09:28:43.800Z,50.8748618,3.1594553,1734.864,-61.74,29.96,-5.35,3.061,3.538,0.93,25
$GNSS,2024-08-03T09:28:44.000Z,50.8747505,3.1595390,1735.908,-61.88,29.34,-5.45,3.060,3.536,0.90,24
$GNSS,2024-08-03T09:28:44.200Z,50.8746392,3.1596209,1736.970,-61.93,28.61,-5.49,3.060,3.532,0.90,23
$GNSS,2024-08-03T09:28:44.400Z,50.8745271,3.1597001,1737.927,-62.19,28.01,-5.46,3.062,3.526,0.88,23
$GNSS,2024-08-03T09:28:44.600Z,50.8744159,3.1597782,1739.030,-61.82,27.28,-5.57,3.064,3.522,0.93,23
$GNSS,2024-08-03T09:28:44.800Z,50.8743047,3.1598544,1740.010,-61.91,26.62,-5.20,3.069,3.523,0.98,23
$GNSS,2024-08-03T09:28:45.000Z,50.8741924,3.1599291,1740.862,-62.45,26.44,-4.96,3.074,3.524,0.99,23
$GNSS,2024-08-03T09:28:45.200Z,50.8740800,3.1600027,1741.799,-62.62,25.74,-5.08,3.080,3.527,1.02,23
$GNSS,2024-08-03T09:28:45.400Z,50.8739674,3.1600750,1742.836,-62.97,25.34,-5.16,3.088,3.537,1.06,24
$GNSS,2024-08-03T09:28:45.600Z,50.8738538,3.1601459,1743.804,-63.43,24.84,-5.04,3.096,3.550,1.03,24
$GNSS,2024-08-03T09:28:45.800Z,50.8737412,3.1602156,1744.893,-62.99,24.19,-5.01,3.104,3.564,1.03,24
$GNSS,2024-08-03T09:28:46.000Z,50.8736288,3.1602838,1746.001,-62.96,23.76,-5.09,3.110,3.580,0.99,24
$GNSS,2024-08-03T09:28:46.200Z,50.8735158,3.1603501,1747.059,-63.19,23.14,-5.19,3.115,3.595,0.98,24
$GNSS,2024-08-03T09:28:46.400Z,50.8734024,3.1604147,1748.111,-63.44,22.56,-5.20,3.121,3.611,1.00,24
$GNSS,2024-08-03T09:28:46.600Z,50.8732887,3.1604771,1749.120,-63.23,21.94,-5.37,3.126,3.624,1.01,23
$GNSS,2024-08-03T09:28:46.800Z,50.8731749,3.1605377,1750.064,-63.26,21.28,-5.32,3.134,3.636,1.09,23
$GNSS,2024-08-03T09:28:47.000Z,50.8730607,3.1605970,1751.074,-63.76,20.73,-5.30,3.142,3.647,1.09,24
$GNSS,2024-08-03T09:28:47.200Z,50.8729458,3.1606550,1752.024,-63.89,20.43,-5.23,3.150,3.657,1.11,24
$GNSS,2024-08-03T09:28:47.400Z,50.8728305,3.1607125,1753.003,-64.45,20.16,-4.99,3.159,3.667,1.11,24
$GNSS,2024-08-03T09:28:47.600Z,50.8727151,3.1607686,1753.905,-64.24,19.66,-4.82,3.166,3.680,1.02,24
$GNSS,2024-08-03T09:28:47.800Z,50.8725995,3.1608230,1754.760,-64.22,19.12,-4.83,3.173,3.694,0.98,24
$GNSS,2024-08-03T09:28:48.000Z,50.8724846,3.1608760,1755.700,-64.09,18.41,-4.72,3.182,3.709,1.07,24
$GNSS,2024-08-03T09:28:48.200Z,50.8723700,3.1609277,1756.639,-63.93,18.16,-4.73,3.192,3.725,1.07,23
$GNSS,2024-08-03T09:28:48.400Z,50.8722558,3.1609782,1757.594,-63.84,17.56,-4.58,3.202,3.736,1.08,23
$GNSS,2024-08-03T09:28:48.600Z,50.8721400,3.1610273,1758.300,-64.19,17.30,-4.39,3.205,3.735,0.99,25
$GNSS,2024-08-03T09:28:48.800Z,50.8720248,3.1610759,1759.244,-64.46,16.89,-4.42,3.213,3.731,1.05,24
$GNSS,2024-08-03T09:28:49.000Z,50.8719085,3.1611234,1760.092,-64.62,16.68,-4.50,3.216,3.723,0.95,25
$GNSS,2024-08-03T09:28:49.200Z,50.8717927,3.1611699,1760.977,-64.30,16.12,-4.40,3.217,3.713,0.95,25
$GNSS,2024-08-03T09:28:49.400Z,50.8716772,3.1612153,1761.828,-64.31,15.82,-4.16,3.220,3.702,0.97,24
$GNSS,2024-08-03T09:28:49.600Z,50.8715611,3.1612595,1762.712,-64.76,15.42,-4.39,3.224,3.693,0.98,24
$GNSS,2024-08-03T09:28:49.800Z,50.8714445,3.1613022,1763.477,-64.56,15.09,-4.44,3.229,3.685,1.04,24
$GNSS,2024-08-03T09:28:50.000Z,50.8713277,3.1613442,1764.252,-64.74,14.69,-4.35,3.235,3.679,1.04,23
$GNSS,2024-08-03T09:28:50.200Z,50.8712101,3.1613853,1764.962,-65.07,14.52,-4.29,3.240,3.673,1.06,23
$GNSS,2024-08-03T09:28:50.400Z,50.8710919,3.1614252,1765.628,-65.39,14.00,-4.15,3.246,3.668,1.09,23
$GNSS,2024-08-03T09:28:50.600Z,50.8709739,3.1614636,1766.308,-65.35,13.51,-4.09,3.252,3.663,1.07,23
$GNSS,2024-08-03T09:28:50.800Z,50.8708555,3.1615009,1767.047,-65.80,13.03,-4.12,3.260,3.658,1.11,22
$GNSS,2024-08-03T09:28:51.000Z,50.8707375,3.1615373,1767.895,-65.73,12.57,-4.11,3.270,3.655,1.18,22
$GNSS,2024-08-03T09:28:51.200Z,50.8706204,3.1615716,1768.767,-65.02,11.84,-4.27,3.282,3.652,1.20,22
$GNSS,2024-08-03T09:28:51.400Z,50.8705024,3.1616040,1769.558,-65.65,11.28,-4.47,3.296,3.652,1.28,23
$GNSS,2024-08-03T09:28:51.600Z,50.8703852,3.1616349,1770.314,-64.88,10.78,-4.31,3.313,3.654,1.31,21
$GNSS,2024-08-03T09:28:51.800Z,50.8702690,3.1616648,1771.057,-64.41,10.55,-4.29,3.331,3.656,1.30,21
$GNSS,2024-08-03T09:28:52.000Z,50.8701528,3.1616929,1771.766,-64.44,9.65,-4.16,3.347,3.658,1.27,21
$GNSS,2024-08-03T09:28:52.200Z,50.8700366,3.1617192,1772.497,-64.46,9.03,-3.95,3.360,3.662,1.23,22
$GNSS,2024-08-03T09:28:52.400Z,50.8699207,3.1617452,1773.360,-64.57,8.92,-3.99,3.374,3.667,1.25,22
$GNSS,2024-08-03T09:28:52.600Z,50.8698043,3.1617706,1774.165,-64.84,8.70,-3.80,3.387,3.671,1.25,23
$GNSS,2024-08-03T09:28:52.800Z,50.8696882,3.1617955,1775.028,-64.74,8.53,-3.75,3.399,3.675,1.22,23
$GNSS,2024-08-03T09:28:53.000Z,50.8695718,3.1618199,1775.846,-64.85,8.41,-3.75,3.409,3.681,1.19,23
$GNSS,2024-08-03T09:28:53.200Z,50.8694548,3.1618435,1776.602,-65.02,8.21,-3.88,3.419,3.687,1.20,23
$GNSS,2024-08-03T09:28:53.400Z,50.8693379,3.1618660,1777.417,-65.06,7.74,-4.12,3.429,3.688,1.17,23
$GNSS,2024-08-03T09:28:53.600Z,50.8692215,3.1618883,1778.137,-64.51,7.97,-4.02,3.438,3.693,1.19,22
$GNSS,2024-08-03T09:28:53.800Z,50.8691046,3.1619107,1778.922,-65.03,7.82,-4.04,3.448,3.698,1.12,23
$GNSS,2024-08-03T09:28:54.000Z,50.8689872,3.1619330,1779.740,-65.34,7.85,-4.13,3.457,3.704,1.11,23
$GNSS,2024-08-03T09:28:54.200Z,50.8688692,3.1619547,1780.547,-65.64,7.54,-4.16,3.466,3.710,1.08,23
$GNSS,2024-08-03T09:28:54.400Z,50.8687516,3.1619765,1781.325,-65.37,7.70,-4.03,3.474,3.716,1.07,23
$GNSS,2024-08-03T09:28:54.600Z,50.8686344,3.1619985,1782.073,-65.02,7.70,-3.92,3.483,3.723,1.09,22
$GNSS,2024-08-03T09:28:54.800Z,50.8685174,3.1620189,1782.903,-65.04,7.00,-4.04,3.492,3.729,1.10,23
$GNSS,2024-08-03T09:28:55.000Z,50.8684004,3.1620383,1783.700,-64.97,6.98,-4.24,3.503,3.741,1.14,22
$GNSS,2024-08-03T09:28:55.200Z,50.8682832,3.1620580,1784.572,-65.26,6.73,-4.12,3.514,3.755,1.13,23
$GNSS,2024-08-03T09:28:55.400Z,50.8681662,3.1620760,1785.426,-65.04,6.24,-4.16,3.524,3.775,1.14,21
$GNSS,2024-08-03T09:28:55.600Z,50.8680493,3.1620932,1786.301,-65.11,5.82,-4.08,3.535,3.797,1.14,22
$GNSS,2024-08-03T09:28:55.800Z,50.8679313,3.1621107,1786.925,-65.44,6.09,-3.56,3.539,3.815,1.05,22
$GNSS,2024-08-03T09:28:56.000Z,50.8678131,3.1621267,1787.512,-65.42,5.65,-3.60,3.544,3.836,1.13,21
$GNSS,2024-08-03T09:28:56.200Z,50.8676958,3.1621418,1788.197,-65.16,5.07,-3.41,3.549,3.859,1.14,21
$GNSS,2024-08-03T09:28:56.400Z,50.8675782,3.1621560,1788.783,-65.32,5.10,-3.38,3.552,3.881,1.05,22
$GNSS,2024-08-03T09:28:56.600Z,50.8674608,3.1621696,1789.461,-65.23,4.69,-3.42,3.552,3.903,1.05,22
$GNSS,2024-08-03T09:28:56.800Z,50.8673438,3.1621835,1790.067,-64.99,4.83,-3.12,3.552,3.921,1.08,22
$GNSS,2024-08-03T09:28:57.000Z,50.8672267,3.1621972,1790.485,-64.77,5.10,-2.97,3.552,3.940,1.09,22
$GNSS,2024-08-03T09:28:57.200Z,50.8671098,3.1622114,1791.017,-64.92,5.05,-3.00,3.551,3.957,1.06,22
$GNSS,2024-08-03T09:28:57.400Z,50.8669926,3.1622257,1791.459,-65.11,5.12,-2.75,3.551,3.973,1.10,22
$GNSS,2024-08-03T09:28:57.600Z,50.8668746,3.1622397,1791.913,-65.54,5.04,-2.74,3.549,3.988,1.04,22
$GNSS,2024-08-03T09:28:57.800Z,50.8667560,3.1622543,1792.447,-66.05,5.13,-2.53,3.547,4.001,1.04,22
$GNSS,2024-08-03T09:28:58.000Z,50.8666373,3.1622684,1792.966,-66.00,5.10,-2.59,3.544,4.011,1.05,23
$GNSS,2024-08-03T09:28:58.200Z,50.8665186,3.1622820,1793.383,-65.95,4.68,-2.28,3.544,4.023,1.09,23
$GNSS,2024-08-03T09:28:58.400Z,50.8664000,3.1622951,1793.786,-65.87,4.73,-2.21,3.547,4.032,1.15,22
$GNSS,2024-08-03T09:28:58.600Z,50.8662817,3.1623075,1794.245,-65.59,4.52,-2.50,3.548,4.039,1.07,22
$GNSS,2024-08-03T09:28:58.800Z,50.8661632,3.1623193,1794.669,-65.65,4.45,-2.83,3.548,4.048,1.11,22
$GNSS,2024-08-03T09:28:59.000Z,50.8660448,3.1623310,1795.110,-65.75,4.54,-2.68,3.546,4.053,1.07,26
$GNSS,2024-08-03T09:28:59.200Z,50.8659264,3.1623425,1795.521,-65.73,4.42,-2.59,3.542,4.056,1.12,26
$GNSS,2024-08-03T09:28:59.400Z,50.8658077,3.1623539,1795.988,-65.92,4.56,-2.62,3.539,4.056,1.12,26
$GNSS,2024-08-03T09:28:59.600Z,50.8656888,3.1623648,1796.251,-65.89,4.36,-2.29,3.535,4.050,1.08,26
$GNSS,2024-08-03T09:28:59.800Z,50.8655698,3.1623756,1796.543,-66.04,4.34,-2.09,3.532,4.039,1.09,26
$GNSS,2024-08-03T09:29:00.000Z,50.8654512,3.1623865,1796.810,-65.82,4.20,-1.80,3.528,4.027,1.05,25
$GNSS,2024-08-03T09:29:00.200Z,50.8653323,3.1623972,1797.104,-65.92,4.47,-1.88,3.523,4.015,1.04,25
$GNSS,2024-08-03T09:29:00.400Z,50.8652138,3.1624092,1797.428,-65.73,4.74,-1.83,3.518,4.010,1.05,26
$GNSS,2024-08-03T09:29:00.600Z,50.8650953,3.1624215,1797.762,-65.82,4.79,-1.76,3.513,4.003,1.08,26
$GNSS,2024-08-03T09:29:00.800Z,50.8649764,3.1624349,1798.182,-66.09,4.93,-1.75,3.509,3.998,1.12,25
$GNSS,2024-08-03T09:29:01.000Z,50.8648577,3.1624481,1798.522,-65.91,4.90,-1.64,3.507,3.993,1.10,25
$GNSS,2024-08-03T09:29:01.200Z,50.8647389,3.1624610,1798.861,-65.95,4.65,-1.55,3.502,3.989,1.02,25
$GNSS,2024-08-03T09:29:01.400Z,50.8646197,3.1624741,1799.193,-66.30,4.82,-1.42,3.496,3.987,1.03,25
$GNSS,2024-08-03T09:29:01.600Z,50.8644996,3.1624880,1799.556,-66.85,5.22,-1.45,3.489,3.989,1.01,25
$GNSS,2024-08-03T09:29:01.800Z,50.8643794,3.1625027,1799.939,-66.85,5.37,-1.38,3.480,3.988,0.91,25
$GNSS,2024-08-03T09:29:02.000Z,50.8642594,3.1625180,1800.451,-66.82,5.52,-1.59,3.470,3.987,0.90,25
$GNSS,2024-08-03T09:29:02.200Z,50.8641395,3.1625328,1800.866,-66.50,5.34,-1.70,3.461,3.991,0.92,25
$GNSS,2024-08-03T09:29:02.400Z,50.8640195,3.1625470,1801.323,-66.60,5.26,-2.18,3.453,3.994,0.99,25
$GNSS,2024-08-03T09:29:02.600Z,50.8638991,3.1625615,1801.681,-66.98,5.43,-2.02,3.447,3.996,1.09,25
$GNSS,2024-08-03T09:29:02.800Z,50.8637786,3.1625754,1801.907,-66.90,5.21,-1.77,3.443,3.998,1.00,25
$GNSS,2024-08-03T09:29:03.000Z,50.8636585,3.1625893,1802.164,-66.68,5.24,-1.58,3.437,3.998,1.00,25
$GNSS,2024-08-03T09:29:03.200Z,50.8635387,3.1626031,1802.381,-66.68,5.14,-1.35,3.431,3.999,0.97,26
$GNSS,2024-08-03T09:29:03.400Z,50.8634186,3.1626172,1802.592,-66.61,5.50,-1.37,3.426,3.999,0.97,26
$GNSS,2024-08-03T09:29:03.600Z,50.8632981,3.1626318,1802.797,-67.07,5.56,-1.30,3.421,4.000,0.97,25
$GNSS,2024-08-03T09:29:03.800Z,50.8631775,3.1626462,1803.140,-66.96,5.38,-1.59,3.415,3.998,0.93,24
$GNSS,2024-08-03T09:29:04.000Z,50.8630570,3.1626606,1803.426,-67.02,5.44,-1.41,3.410,3.997,0.94,23
$GNSS,2024-08-03T09:29:04.200Z,50.8629359,3.1626755,1803.660,-67.37,5.69,-1.41,3.405,3.996,0.95,23
$GNSS,2024-08-03T09:29:04.400Z,50.8628153,3.1626916,1803.950,-67.30,5.90,-1.17,3.400,3.994,0.91,22
$GNSS,2024-08-03T09:29:04.600Z,50.8626945,3.1627079,1804.193,-67.28,5.87,-1.15,3.395,3.991,0.93,23
$GNSS,2024-08-03T09:29:04.800Z,50.8625734,3.1627242,1804.442,-67.40,6.05,-1.22,3.390,3.986,0.91,22
$GNSS,2024-08-03T09:29:05.000Z,50.8624522,3.1627405,1804.678,-67.37,5.89,-1.35,3.385,3.981,0.91,23
$GNSS,2024-08-03T09:29:05.200Z,50.8623305,3.1627566,1804.847,-67.68,5.98,-1.28,3.381,3.977,0.94,24
$GNSS,2024-08-03T09:29:05.400Z,50.8622095,3.1627730,1805.137,-67.35,5.72,-1.25,3.381,3.973,1.05,24
$GNSS,2024-08-03T09:29:05.600Z,50.8620887,3.1627896,1805.505,-67.33,5.96,-1.27,3.381,3.969,0.98,25
$GNSS,2024-08-03T09:29:05.800Z,50.8619682,3.1628062,1805.897,-67.17,5.88,-1.38,3.381,3.964,1.00,24
$GNSS,2024-08-03T09:29:06.000Z,50.8618472,3.1628224,1806.225,-67.35,5.91,-1.54,3.382,3.964,1.02,24
$GNSS,2024-08-03T09:29:06.200Z,50.8617257,3.1628390,1806.460,-67.61,5.97,-1.28,3.382,3.965,1.03,25
$GNSS,2024-08-03T09:29:06.400Z,50.8616046,3.1628564,1806.923,-67.38,6.24,-1.74,3.383,3.967,1.04,25
$GNSS,2024-08-03T09:29:06.600Z,50.8614828,3.1628745,1807.310,-68.06,6.28,-1.71,3.383,3.972,1.02,25
$GNSS,2024-08-03T09:29:06.800Z,50.8613601,3.1628921,1807.700,-68.41,6.15,-1.78,3.384,3.978,1.01,25
$GNSS,2024-08-03T09:29:07.000Z,50.8612370,3.1629087,1808.041,-68.39,5.96,-1.90,3.384,3.982,1.06,25
$GNSS,2024-08-03T09:29:07.200Z,50.8611141,3.1629248,1808.416,-68.43,5.59,-1.85,3.386,3.986,1.10,24
$GNSS,2024-08-03T09:29:07.400Z,50.8609919,3.1629394,1808.773,-67.90,5.09,-1.81,3.391,3.987,1.11,24
$GNSS,2024-08-03T09:29:07.600Z,50.8608702,3.1629534,1809.144,-67.78,4.78,-1.70,3.397,3.989,1.10,24
$GNSS,2024-08-03T09:29:07.800Z,50.8607480,3.1629653,1809.386,-67.74,4.43,-1.88,3.404,3.991,1.10,24
$GNSS,2024-08-03T09:29:08.000Z,50.8606264,3.1629759,1809.647,-67.53,3.81,-1.93,3.411,3.987,1.09,24
$GNSS,2024-08-03T09:29:08.200Z,50.8605052,3.1629848,1810.071,-67.29,3.23,-2.28,3.417,3.978,1.03,24
$GNSS,2024-08-03T09:29:08.400Z,50.8603843,3.1629920,1810.409,-67.12,2.72,-2.20,3.420,3.963,0.99,24
$GNSS,2024-08-03T09:29:08.600Z,50.8602629,3.1629984,1810.780,-67.38,2.66,-2.38,3.420,3.947,0.98,24
$GNSS,2024-08-03T09:29:08.800Z,50.8601416,3.1630043,1811.233,-67.39,2.16,-2.37,3.415,3.939,0.98,24
$GNSS,2024-08-03T09:29:09.000Z,50.8600211,3.1630103,1811.724,-66.96,2.09,-2.06,3.408,3.934,0.96,24
$GNSS,2024-08-03T09:29:09.200Z,50.8599007,3.1630153,1812.258,-66.96,1.60,-2.43,3.401,3.924,0.89,25
$GNSS,2024-08-03T09:29:09.400Z,50.8597813,3.1630186,1812.830,-66.28,0.90,-2.38,3.392,3.917,0.87,24
$GNSS,2024-08-03T09:29:09.600Z,50.8596625,3.1630208,1813.299,-66.04,0.65,-2.18,3.379,3.907,0.81,23
$GNSS,2024-08-03T09:29:09.800Z,50.8595438,3.1630217,1813.768,-66.00,0.29,-2.21,3.363,3.900,0.77,23
$GNSS,2024-08-03T09:29:10.000Z,50.8594251,3.1630192,1814.276,-65.87,-0.96,-2.60,3.348,3.896,0.74,24
$GNSS,2024-08-03T09:29:10.200Z,50.8593069,3.1630147,1814.981,-65.60,-1.79,-3.06,3.334,3.893,0.73,23
$GNSS,2024-08-03T09:29:10.400Z,50.8591892,3.1630077,1815.676,-65.44,-2.53,-3.48,3.321,3.887,0.70,24
$GNSS,2024-08-03T09:29:10.600Z,50.8590719,3.1629995,1816.465,-65.04,-3.19,-3.48,3.311,3.885,0.71,25
$GNSS,2024-08-03T09:29:10.800Z,50.8589551,3.1629897,1817.287,-64.69,-3.60,-3.65,3.301,3.884,0.72,25
$GNSS,2024-08-03T09:29:11.000Z,50.8588388,3.1629796,1818.308,-64.53,-3.90,-4.04,3.291,3.882,0.73,25
$GNSS,2024-08-03T09:29:11.200Z,50.8587231,3.1629678,1819.196,-64.21,-4.49,-4.01,3.283,3.881,0.82,24
$GNSS,2024-08-03T09:29:11.400Z,50.8586074,3.1629551,1820.060,-64.40,-4.76,-3.86,3.277,3.878,0.83,24
$GNSS,2024-08-03T09:29:11.600Z,50.8584921,3.1629414,1820.926,-63.94,-5.09,-3.80,3.273,3.872,0.93,25
$GNSS,2024-08-03T09:29:11.800Z,50.8583771,3.1629255,1821.827,-63.99,-5.88,-4.05,3.272,3.870,0.96,25
$GNSS,2024-08-03T09:29:12.000Z,50.8582628,3.1629075,1822.747,-63.48,-6.47,-4.26,3.271,3.864,0.91,24
$GNSS,2024-08-03T09:29:12.200Z,50.8581489,3.1628874,1823.698,-63.36,-7.32,-4.52,3.270,3.859,0.91,23
$GNSS,2024-08-03T09:29:12.400Z,50.8580359,3.1628647,1824.647,-62.66,-8.18,-4.54,3.264,3.856,0.84,24
$GNSS,2024-08-03T09:29:12.600Z,50.8579239,3.1628407,1825.637,-62.13,-8.63,-4.55,3.258,3.856,0.84,24
$GNSS,2024-08-03T09:29:12.800Z,50.8578131,3.1628150,1826.655,-61.46,-9.15,-4.75,3.253,3.856,0.85,24
$GNSS,2024-08-03T09:29:13.000Z,50.8577032,3.1627881,1827.784,-60.99,-9.73,-5.01,3.247,3.855,0.82,24
$GNSS,2024-08-03T09:29:13.200Z,50.8575941,3.1627592,1828.973,-60.63,-10.44,-5.29,3.246,3.857,0.84,23
$GNSS,2024-08-03T09:29:13.400Z,50.8574857,3.1627269,1830.163,-60.19,-11.27,-5.95,3.246,3.860,0.84,23
$GNSS,2024-08-03T09:29:13.600Z,50.8573788,3.1626920,1831.441,-59.37,-12.18,-6.39,3.248,3.864,0.80,22
$GNSS,2024-08-03T09:29:13.800Z,50.8572730,3.1626545,1832.688,-58.86,-12.91,-6.61,3.249,3.867,0.78,22
$GNSS,2024-08-03T09:29:14.000Z,50.8571685,3.1626133,1834.052,-58.10,-14.19,-7.23,3.250,3.870,0.76,22
$GNSS,2024-08-03T09:29:14.200Z,50.8570652,3.1625697,1835.497,-57.31,-14.83,-7.80,3.252,3.872,0.79,21
$GNSS,2024-08-03T09:29:14.400Z,50.8569631,3.1625244,1836.888,-56.77,-15.66,-7.72,3.253,3.870,0.80,21
$GNSS,2024-08-03T09:29:14.600Z,50.8568623,3.1624766,1838.300,-55.77,-16.38,-7.92,3.256,3.871,0.82,21
$GNSS,2024-08-03T09:29:14.800Z,50.8567633,3.1624259,1839.695,-54.99,-17.22,-8.28,3.257,3.871,0.78,21
$GNSS,2024-08-03T09:29:15.000Z,50.8566652,3.1623743,1841.263,-54.35,-17.86,-8.36,3.258,3.871,0.76,22
$GNSS,2024-08-03T09:29:15.200Z,50.8565683,3.1623212,1842.933,-53.76,-18.49,-8.62,3.259,3.873,0.77,22
$GNSS,2024-08-03T09:29:15.400Z,50.8564723,3.1622662,1844.676,-53.16,-19.30,-8.84,3.259,3.875,0.74,22
$GNSS,2024-08-03T09:29:15.600Z,50.8563774,3.1622099,1846.349,-52.56,-19.73,-8.53,3.258,3.878,0.74,22
$GNSS,2024-08-03T09:29:15.800Z,50.8562835,3.1621528,1848.146,-52.02,-19.93,-8.58,3.255,3.884,0.72,23
$GNSS,2024-08-03T09:29:16.000Z,50.8561902,3.1620956,1849.955,-51.68,-20.22,-8.42,3.249,3.889,0.72,24
$GNSS,2024-08-03T09:29:16.200Z,50.8560982,3.1620363,1851.766,-50.89,-20.82,-8.66,3.244,3.891,0.72,25
$GNSS,2024-08-03T09:29:16.400Z,50.8560082,3.1619748,1853.464,-49.74,-21.36,-8.66,3.241,3.894,0.73,24
$GNSS,2024-08-03T09:29:16.600Z,50.8559195,3.1619132,1855.143,-49.13,-21.37,-8.47,3.238,3.894,0.72,24
$GNSS,2024-08-03T09:29:16.800Z,50.8558320,3.1618504,1856.713,-48.59,-21.77,-8.36,3.233,3.888,0.75,23
$GNSS,2024-08-03T09:29:17.000Z,50.8557455,3.1617865,1858.274,-47.84,-22.21,-8.32,3.227,3.881,0.75,25
$GNSS,2024-08-03T09:29:17.200Z,50.8556605,3.1617214,1859.848,-46.97,-22.58,-8.38,3.222,3.873,0.76,24
$GNSS,2024-08-03T09:29:17.400Z,50.8555763,3.1616552,1861.427,-46.59,-23.61,-7.73,3.220,3.867,0.82,22
$GNSS,2024-08-03T09:29:17.600Z,50.8554930,3.1615882,1862.999,-45.99,-23.63,-7.50,3.224,3.870,0.92,22
$GNSS,2024-08-03T09:29:17.800Z,50.8554108,3.1615212,1864.364,-45.61,-23.49,-7.01,3.232,3.876,0.96,22
$GNSS,2024-08-03T09:29:18.000Z,50.8553297,3.1614541,1865.852,-44.85,-23.88,-6.95,3.240,3.883,0.94,22
$GNSS,2024-08-03T09:29:18.200Z,50.8552495,3.1613845,1867.332,-44.45,-24.74,-7.13,3.250,3.891,1.01,21
$GNSS,2024-08-03T09:29:18.400Z,50.8551705,3.1613127,1868.715,-43.83,-25.01,-7.24,3.260,3.896,1.00,22
$GNSS,2024-08-03T09:29:18.600Z,50.8550925,3.1612386,1869.914,-43.39,-25.68,-7.01,3.268,3.898,0.97,22
$GNSS,2024-08-03T09:29:18.800Z,50.8550160,3.1611618,1871.101,-42.29,-26.77,-6.98,3.274,3.899,1.04,21
$GNSS,2024-08-03T09:29:19.000Z,50.8549412,3.1610841,1872.268,-41.39,-26.94,-6.87,3.278,3.898,0.99,21
$GNSS,2024-08-03T09:29:19.200Z,50.8548675,3.1610060,1873.534,-40.71,-27.38,-6.66,3.280,3.900,0.90,23
$GNSS,2024-08-03T09:29:19.400Z,50.8547957,3.1609277,1874.954,-39.45,-27.72,-6.62,3.283,3.905,0.92,23
$GNSS,2024-08-03T09:29:19.600Z,50.8547254,3.1608485,1876.277,-38.79,-27.97,-6.39,3.285,3.911,0.96,23
$GNSS,2024-08-03T09:29:19.800Z,50.8546560,3.1607677,1877.665,-38.26,-28.77,-6.32,3.288,3.917,0.97,23
$GNSS,2024-08-03T09:29:20.000Z,50.8545878,3.1606841,1879.000,-37.72,-29.49,-6.48,3.289,3.922,0.93,23
$GNSS,2024-08-03T09:29:20.200Z,50.8545204,3.1605982,1880.113,-37.24,-30.18,-6.02,3.286,3.925,0.87,24
$GNSS,2024-08-03T09:29:20.400Z,50.8544541,3.1605120,1881.321,-36.37,-30.36,-5.88,3.279,3.922,0.87,24
$GNSS,2024-08-03T09:29:20.600Z,50.8543896,3.1604249,1882.385,-35.56,-30.58,-5.62,3.270,3.913,0.87,23
$GNSS,2024-08-03T09:29:20.800Z,50.8543263,3.1603372,1883.424,-35.01,-30.88,-5.27,3.262,3.901,0.91,22
$GNSS,2024-08-03T09:29:21.000Z,50.8542639,3.1602487,1884.582,-34.25,-31.32,-5.44,3.254,3.884,0.92,22
$GNSS,2024-08-03T09:29:21.200Z,50.8542031,3.1601595,1885.697,-33.53,-31.42,-5.16,3.243,3.856,0.93,22
$GNSS,2024-08-03T09:29:21.400Z,50.8541440,3.1600686,1886.698,-32.68,-31.88,-5.15,3.236,3.831,0.96,22
$GNSS,2024-08-03T09:29:21.600Z,50.8540867,3.1599763,1887.549,-31.95,-32.28,-4.90,3.230,3.798,0.95,22
$GNSS,2024-08-03T09:29:21.800Z,50.8540309,3.1598840,1888.352,-30.97,-32.17,-4.81,3.223,3.768,0.98,21
$GNSS,2024-08-03T09:29:22.000Z,50.8539763,3.1597916,1889.187,-30.17,-32.46,-4.68,3.219,3.745,0.96,21
$GNSS,2024-08-03T09:29:22.200Z,50.8539229,3.1596992,1890.045,-29.48,-32.66,-4.48,3.218,3.732,1.04,20
$GNSS,2024-08-03T09:29:22.400Z,50.8538710,3.1596050,1890.833,-28.59,-33.07,-4.46,3.218,3.722,1.05,20
$GNSS,2024-08-03T09:29:22.600Z,50.8538203,3.1595098,1891.671,-28.05,-33.53,-4.44,3.219,3.716,1.04,20
$GNSS,2024-08-03T09:29:22.800Z,50.8537713,3.1594140,1892.523,-26.87,-33.64,-4.48,3.226,3.725,1.08,20
$GNSS,2024-08-03T09:29:23.000Z,50.8537238,3.1593165,1893.326,-26.49,-34.05,-4.60,3.233,3.738,1.08,19
$GNSS,2024-08-03T09:29:23.200Z,50.8536771,3.1592192,1894.107,-25.94,-34.06,-4.36,3.237,3.752,1.04,19
$GNSS,2024-08-03T09:29:23.400Z,50.8536310,3.1591215,1894.904,-25.48,-34.30,-4.08,3.242,3.768,1.11,18
$GNSS,2024-08-03T09:29:23.600Z,50.8535858,3.1590239,1895.725,-24.93,-34.03,-4.18,3.247,3.785,1.05,19
$GNSS,2024-08-03T09:29:23.800Z,50.8535429,3.1589261,1896.390,-23.71,-34.28,-3.94,3.247,3.795,1.00,20
$GNSS,2024-08-03T09:29:24.000Z,50.8535010,3.1588269,1897.142,-23.10,-34.75,-4.04,3.251,3.810,1.09,20
$GNSS,2024-08-03T09:29:24.200Z,50.8534595,3.1587264,1897.861,-22.93,-35.22,-3.91,3.260,3.825,1.14,20
$GNSS,2024-08-03T09:29:24.400Z,50.8534195,3.1586262,1898.619,-21.91,-35.11,-3.72,3.265,3.836,1.06,20
$GNSS,2024-08-03T09:29:24.600Z,50.8533807,3.1585261,1899.404,-21.09,-35.07,-3.60,3.268,3.849,1.06,20
$GNSS,2024-08-03T09:29:24.800Z,50.8533430,3.1584242,1900.148,-20.65,-35.76,-3.72,3.272,3.862,1.09,20
$GNSS,2024-08-03T09:29:25.000Z,50.8533063,3.1583207,1900.848,-20.18,-36.23,-3.70,3.278,3.873,1.12,20
$GNSS,2024-08-03T09:29:25.200Z,50.8532708,3.1582171,1901.400,-19.56,-36.27,-3.26,3.284,3.881,1.16,20
$GNSS,2024-08-03T09:29:25.400Z,50.8532372,3.1581135,1901.825,-18.62,-36.09,-3.06,3.289,3.888,1.15,20
$GNSS,2024-08-03T09:29:25.600Z,50.8532049,3.1580101,1902.172,-18.06,-36.01,-2.67,3.297,3.895,1.17,20
$GNSS,2024-08-03T09:29:25.800Z,50.8531743,3.1579073,1902.391,-17.14,-35.79,-2.25,3.305,3.900,1.12,20
$GNSS,2024-08-03T09:29:26.000Z,50.8531448,3.1578036,1902.660,-16.49,-36.19,-2.21,3.312,3.903,1.12,20
$GNSS,2024-08-03T09:29:26.200Z,50.8531159,3.1576989,1902.807,-16.06,-36.44,-2.04,3.317,3.901,1.06,20
$GNSS,2024-08-03T09:29:26.400Z,50.8530879,3.1575945,1903.049,-15.40,-36.44,-1.92,3.323,3.901,1.12,20
$GNSS,2024-08-03T09:29:26.600Z,50.8530610,3.1574908,1903.335,-14.71,-36.19,-1.85,3.328,3.900,1.07,20
$GNSS,2024-08-03T09:29:26.800Z,50.8530347,3.1573873,1903.709,-14.25,-36.25,-1.86,3.333,3.898,1.04,20
$GNSS,2024-08-03T09:29:27.000Z,50.8530095,3.1572835,1904.091,-13.71,-36.33,-1.79,3.336,3.897,1.07,20
$GNSS,2024-08-03T09:29:27.200Z,50.8529856,3.1571789,1904.367,-13.22,-36.56,-1.90,3.340,3.896,1.06,20
$GNSS,2024-08-03T09:29:27.400Z,50.8529618,3.1570743,1904.815,-12.88,-36.67,-1.94,3.346,3.897,1.11,20
$GNSS,2024-08-03T09:29:27.600Z,50.8529387,3.1569698,1905.271,-12.35,-36.59,-1.87,3.353,3.901,1.09,19
$GNSS,2024-08-03T09:29:27.800Z,50.8529172,3.1568640,1905.534,-12.07,-36.92,-1.92,3.362,3.907,1.15,19
$GNSS,2024-08-03T09:29:28.000Z,50.8528962,3.1567575,1905.858,-11.52,-37.12,-2.04,3.372,3.914,1.12,19
$GNSS,2024-08-03T09:29:28.200Z,50.8528761,3.1566513,1906.110,-11.13,-36.93,-1.74,3.382,3.922,1.12,19
$GNSS,2024-08-03T09:29:28.400Z,50.8528569,3.1565455,1906.320,-10.57,-36.62,-1.63,3.387,3.927,1.04,21
$GNSS,2024-08-03T09:29:28.600Z,50.8528380,3.1564401,1906.573,-10.26,-36.55,-1.43,3.390,3.934,1.02,21
$GNSS,2024-08-03T09:29:28.800Z,50.8528204,3.1563344,1906.643,-9.79,-36.44,-1.11,3.392,3.943,0.98,21
$GNSS,2024-08-03T09:29:29.000Z,50.8528034,3.1562290,1906.686,-9.49,-36.36,-0.90,3.391,3.952,0.91,21
$GNSS,2024-08-03T09:29:29.200Z,50.8527874,3.1561229,1906.670,-9.00,-36.30,-0.88,3.382,3.955,0.85,22
$GNSS,2024-08-03T09:29:29.400Z,50.8527720,3.1560174,1906.667,-8.53,-36.13,-0.65,3.372,3.958,0.84,22
$GNSS,2024-08-03T09:29:29.600Z,50.8527569,3.1559117,1906.667,-8.18,-36.29,-0.34,3.361,3.959,0.83,21
$GNSS,2024-08-03T09:29:29.800Z,50.8527420,3.1558059,1906.644,-7.88,-36.22,-0.04,3.350,3.963,0.85,20
$GNSS,2024-08-03T09:29:30.000Z,50.8527282,3.1557010,1906.489,-7.59,-35.86,0.20,3.338,3.967,0.87,20
$GNSS,2024-08-03T09:29:30.200Z,50.8527157,3.1555970,1906.187,-7.03,-35.61,0.35,3.329,3.972,0.89,19
$GNSS,2024-08-03T09:29:30.400Z,50.8527040,3.1554931,1905.771,-6.62,-35.72,0.79,3.322,3.977,0.97,19
$GNSS,2024-08-03T09:29:30.600Z,50.8526923,3.1553881,1905.516,-6.53,-36.24,0.72,3.315,3.983,0.95,19
$GNSS,2024-08-03T09:29:30.800Z,50.8526813,3.1552828,1905.286,-5.99,-36.30,0.66,3.310,3.990,0.95,19
$GNSS,2024-08-03T09:29:31.000Z,50.8526714,3.1551783,1905.018,-5.45,-36.02,0.82,3.308,4.001,0.94,19
$GNSS,2024-08-03T09:29:31.200Z,50.8526614,3.1550731,1904.761,-5.71,-36.45,0.90,3.307,4.017,0.95,19
$GNSS,2024-08-03T09:29:31.400Z,50.8526514,3.1549678,1904.499,-5.51,-36.50,1.04,3.305,4.037,0.99,20
$GNSS,2024-08-03T09:29:31.600Z,50.8526416,3.1548638,1904.283,-5.47,-35.94,1.11,3.306,4.055,1.00,20
$GNSS,2024-08-03T09:29:31.800Z,50.8526325,3.1547596,1903.956,-5.01,-36.15,1.20,3.306,4.071,0.99,22
$GNSS,2024-08-03T09:29:32.000Z,50.8526243,3.1546549,1903.621,-4.72,-36.39,1.12,3.306,4.089,0.97,21
$GNSS,2024-08-03T09:29:32.200Z,50.8526160,3.1545506,1903.476,-4.61,-35.97,1.13,3.306,4.108,0.95,23
$GNSS,2024-08-03T09:29:32.400Z,50.8526083,3.1544467,1903.195,-4.25,-35.94,1.30,3.305,4.127,0.97,23
$GNSS,2024-08-03T09:29:32.600Z,50.8526005,3.1543426,1903.144,-4.22,-35.94,1.26,3.301,4.142,0.93,24
$GNSS,2024-08-03T09:29:32.800Z,50.8525929,3.1542380,1903.017,-4.18,-36.19,1.15,3.297,4.155,0.95,24
$GNSS,2024-08-03T09:29:33.000Z,50.8525858,3.1541333,1902.719,-3.94,-36.40,1.30,3.296,4.171,0.98,22
$GNSS,2024-08-03T09:29:33.200Z,50.8525796,3.1540290,1902.201,-3.61,-36.13,1.55,3.296,4.185,0.98,22
$GNSS,2024-08-03T09:29:33.400Z,50.8525730,3.1539252,1901.699,-3.95,-35.95,1.87,3.297,4.196,1.00,23
$GNSS,2024-08-03T09:29:33.600Z,50.8525663,3.1538221,1901.163,-3.86,-35.86,2.04,3.300,4.209,1.01,22
$GNSS,2024-08-03T09:29:33.800Z,50.8525589,3.1537192,1900.909,-4.32,-35.66,1.56,3.299,4.212,0.96,24
$GNSS,2024-08-03T09:29:34.000Z,50.8525517,3.1536173,1900.661,-3.79,-35.35,1.46,3.297,4.216,0.93,23
$GNSS,2024-08-03T09:29:34.200Z,50.8525456,3.1535160,1900.268,-3.26,-35.34,1.84,3.295,4.224,0.93,24
$GNSS,2024-08-03T09:29:34.400Z,50.8525415,3.1534152,1899.571,-2.43,-35.12,1.85,3.295,4.236,0.94,23
$GNSS,2024-08-03T09:29:34.600Z,50.8525376,3.1533129,1898.825,-2.53,-35.58,1.92,3.294,4.247,0.96,25
$GNSS,2024-08-03T09:29:34.800Z,50.8525339,3.1532086,1897.982,-2.20,-36.42,2.22,3.292,4.262,0.99,25
$GNSS,2024-08-03T09:29:35.000Z,50.8525303,3.1531043,1897.248,-2.08,-36.09,2.57,3.291,4.277,0.96,25
$GNSS,2024-08-03T09:29:35.200Z,50.8525267,3.1529998,1896.571,-2.14,-36.35,2.50,3.289,4.294,0.95,25
$GNSS,2024-08-03T09:29:35.400Z,50.8525233,3.1528952,1895.955,-1.81,-36.28,2.66,3.288,4.310,0.94,25
$GNSS,2024-08-03T09:29:35.600Z,50.8525205,3.1527920,1894.859,-1.83,-35.83,3.35,3.289,4.327,0.95,25
$GNSS,2024-08-03T09:29:35.800Z,50.8525176,3.1526901,1894.020,-1.56,-35.31,3.70,3.291,4.344,0.98,25
$GNSS,2024-08-03T09:29:36.000Z,50.8525147,3.1525888,1892.996,-1.91,-35.34,3.99,3.296,4.360,1.04,25
$GNSS,2024-08-03T09:29:36.200Z,50.8525109,3.1524878,1891.982,-2.35,-35.21,4.21,3.302,4.378,1.02,26
$GNSS,2024-08-03T09:29:36.400Z,50.8525059,3.1523849,1891.240,-2.56,-35.85,4.39,3.309,4.396,1.06,25
$GNSS,2024-08-03T09:29:36.600Z,50.8525013,3.1522810,1890.495,-2.25,-36.22,4.49,3.319,4.417,1.07,24
$GNSS,2024-08-03T09:29:36.800Z,50.8524973,3.1521762,1889.666,-2.06,-36.54,4.52,3.329,4.437,1.05,24
$GNSS,2024-08-03T09:29:37.000Z,50.8524938,3.1520714,1888.935,-1.70,-36.43,4.54,3.339,4.460,1.07,24
$GNSS,2024-08-03T09:29:37.200Z,50.8524895,3.1519666,1888.111,-2.44,-36.38,4.36,3.348,4.484,1.04,24
$GNSS,2024-08-03T09:29:37.400Z,50.8524852,3.1518608,1887.366,-2.32,-36.89,3.95,3.357,4.506,1.01,23
$GNSS,2024-08-03T09:29:37.600Z,50.8524815,3.1517535,1886.567,-2.01,-37.40,4.00,3.363,4.530,1.01,23
$GNSS,2024-08-03T09:29:37.800Z,50.8524782,3.1516457,1885.785,-1.73,-37.50,4.04,3.369,4.553,1.04,23
$GNSS,2024-08-03T09:29:38.000Z,50.8524771,3.1515409,1884.611,-1.07,-36.56,3.81,3.375,4.573,1.03,24
$GNSS,2024-08-03T09:29:38.200Z,50.8524769,3.1514378,1883.297,-0.64,-36.09,4.17,3.379,4.593,1.03,24
$GNSS,2024-08-03T09:29:38.400Z,50.8524765,3.1513345,1882.083,-0.77,-36.20,4.36,3.382,4.613,1.05,24
$GNSS,2024-08-03T09:29:38.600Z,50.8524751,3.1512300,1881.045,-1.09,-36.37,4.66,3.384,4.632,1.04,26
$GNSS,2024-08-03T09:29:38.800Z,50.8524732,3.1511254,1879.934,-1.63,-36.44,4.62,3.389,4.653,1.07,25
$GNSS,2024-08-03T09:29:39.000Z,50.8524712,3.1510202,1879.079,-1.22,-36.63,4.59,3.395,4.671,1.03,25
$GNSS,2024-08-03T09:29:39.200Z,50.8524691,3.1509140,1878.336,-1.36,-36.92,4.51,3.401,4.689,1.03,25
$GNSS,2024-08-03T09:29:39.400Z,50.8524670,3.1508078,1877.433,-1.45,-36.91,4.49,3.405,4.703,1.03,26
$GNSS,2024-08-03T09:29:39.600Z,50.8524653,3.1507018,1876.411,-1.11,-36.83,4.56,3.410,4.717,1.07,25
$GNSS,2024-08-03T09:29:39.800Z,50.8524622,3.1505941,1875.751,-1.55,-37.20,4.57,3.418,4.735,1.14,24
$GNSS,2024-08-03T09:29:40.000Z,50.8524587,3.1504864,1874.978,-1.75,-37.25,4.66,3.428,4.754,1.16,22
$GNSS,2024-08-03T09:29:40.200Z,50.8524549,3.1503776,1874.146,-1.89,-37.75,4.43,3.438,4.772,1.12,22
$GNSS,2024-08-03T09:29:40.400Z,50.8524510,3.1502678,1873.184,-2.17,-38.02,4.12,3.448,4.792,1.11,23
$GNSS,2024-08-03T09:29:40.600Z,50.8524475,3.1501589,1872.429,-1.66,-37.64,3.86,3.459,4.816,1.14,23
$GNSS,2024-08-03T09:29:40.800Z,50.8524447,3.1500506,1871.536,-1.33,-37.47,4.13,3.472,4.840,1.14,23
$GNSS,2024-08-03T09:29:41.000Z,50.8524419,3.1499428,1870.632,-1.32,-37.31,4.23,3.483,4.861,1.13,24
$GNSS,2024-08-03T09:29:41.200Z,50.8524391,3.1498348,1869.782,-1.33,-37.56,4.29,3.494,4.874,1.15,24
$GNSS,2024-08-03T09:29:41.400Z,50.8524367,3.1497264,1868.739,-1.09,-37.68,4.59,3.503,4.882,1.11,25
$GNSS,2024-08-03T09:29:41.600Z,50.8524342,3.1496177,1867.763,-1.33,-37.66,4.60,3.508,4.887,1.06,25
$GNSS,2024-08-03T09:29:41.800Z,50.8524318,3.1495083,1866.765,-1.13,-38.05,4.63,3.514,4.902,1.10,24
$GNSS,2024-08-03T09:29:42.000Z,50.8524292,3.1493973,1865.817,-1.48,-38.68,4.39,3.522,4.911,1.12,24
$GNSS,2024-08-03T09:29:42.200Z,50.8524267,3.1492876,1865.065,-1.27,-38.02,4.22,3.528,4.922,1.10,24
$GNSS,2024-08-03T09:29:42.400Z,50.8524244,3.1491800,1864.454,-0.98,-37.40,4.22,3.534,4.934,1.10,23
$GNSS,2024-08-03T09:29:42.600Z,50.8524226,3.1490721,1863.733,-0.90,-37.62,3.87,3.543,4.949,1.12,22
$GNSS,2024-08-03T09:29:42.800Z,50.8524211,3.1489637,1862.917,-0.70,-37.84,4.02,3.554,4.969,1.13,21
$GNSS,2024-08-03T09:29:43.000Z,50.8524202,3.1488550,1861.938,-0.82,-37.88,4.04,3.564,4.987,1.13,21
$GNSS,2024-08-03T09:29:43.200Z,50.8524200,3.1487463,1860.879,-0.47,-37.94,4.04,3.574,5.004,1.11,21
$GNSS,2024-08-03T09:29:43.400Z,50.8524198,3.1486377,1859.845,-0.70,-37.83,3.86,3.582,5.020,1.12,21
$GNSS,2024-08-03T09:29:43.600Z,50.8524191,3.1485294,1859.027,-0.65,-37.82,3.63,3.591,5.033,1.13,20
$GNSS,2024-08-03T09:29:43.800Z,50.8524189,3.1484207,1858.094,-0.50,-38.06,3.40,3.602,5.046,1.18,21
$GNSS,2024-08-03T09:29:44.000Z,50.8524194,3.1483115,1857.450,0.17,-38.25,2.93,3.615,5.058,1.18,21
$GNSS,2024-08-03T09:29:44.200Z,50.8524195,3.1482019,1856.652,-0.10,-38.27,3.14,3.631,5.076,1.20,20
$GNSS,2024-08-03T09:29:44.400Z,50.8524197,3.1480936,1856.076,0.06,-37.83,3.00,3.651,5.098,1.27,18
$GNSS,2024-08-03T09:29:44.600Z,50.8524205,3.1479849,1855.645,0.93,-37.99,2.91,3.678,5.120,1.38,18
$GNSS,2024-08-03T09:29:44.800Z,50.8524215,3.1478755,1855.077,0.57,-38.14,2.88,3.700,5.145,1.25,21
$GNSS,2024-08-03T09:29:45.000Z,50.8524220,3.1477653,1854.431,0.18,-38.44,2.86,3.720,5.169,1.23,22
$GNSS,2024-08-03T09:29:45.200Z,50.8524218,3.1476554,1853.882,-0.11,-38.33,2.75,3.739,5.191,1.20,22
$GNSS,2024-08-03T09:29:45.400Z,50.8524212,3.1475452,1853.182,-0.12,-38.43,3.42,3.755,5.209,1.16,22
$GNSS,2024-08-03T09:29:45.600Z,50.8524209,3.1474352,1852.247,-0.25,-38.52,3.86,3.769,5.226,1.15,22
$GNSS,2024-08-03T09:29:45.800Z,50.8524203,3.1473259,1851.324,-0.36,-38.16,4.03,3.783,5.239,1.20,22
$GNSS,2024-08-03T09:29:46.000Z,50.8524190,3.1472166,1850.378,-0.80,-38.10,4.13,3.797,5.253,1.16,21
$GNSS,2024-08-03T09:29:46.200Z,50.8524165,3.1471065,1849.671,-1.17,-38.29,4.03,3.809,5.263,1.14,21
$GNSS,2024-08-03T09:29:46.400Z,50.8524141,3.1469954,1849.310,-0.56,-38.47,3.46,3.818,5.263,1.09,22
$GNSS,2024-08-03T09:29:46.600Z,50.8524126,3.1468838,1848.957,-0.34,-38.69,2.97,3.825,5.265,1.07,22
$GNSS,2024-08-03T09:29:46.800Z,50.8524111,3.1467724,1848.557,-0.46,-38.56,2.89,3.828,5.255,1.02,24
$GNSS,2024-08-03T09:29:47.000Z,50.8524106,3.1466624,1847.863,-0.38,-38.30,2.98,3.833,5.259,1.07,23
$GNSS,2024-08-03T09:29:47.200Z,50.8524106,3.1465524,1847.273,-0.18,-38.37,2.56,3.835,5.252,1.07,23
$GNSS,2024-08-03T09:29:47.400Z,50.8524104,3.1464429,1846.759,-0.22,-38.14,2.23,3.839,5.257,1.06,23
$GNSS,2024-08-03T09:29:47.600Z,50.8524106,3.1463340,1846.146,-0.23,-38.00,2.13,3.842,5.263,1.10,23
$GNSS,2024-08-03T09:29:47.800Z,50.8524106,3.1462250,1845.569,0.12,-38.06,2.50,3.845,5.269,1.12,23
$GNSS,2024-08-03T09:29:48.000Z,50.8524109,3.1461166,1844.952,0.09,-37.78,2.69,3.848,5.275,1.08,23
$GNSS,2024-08-03T09:29:48.200Z,50.8524113,3.1460084,1844.364,0.37,-37.72,2.95,3.851,5.282,1.04,23
$GNSS,2024-08-03T09:29:48.400Z,50.8524119,3.1459003,1843.878,0.41,-37.61,2.74,3.856,5.294,1.06,23
$GNSS,2024-08-03T09:29:48.600Z,50.8524128,3.1457921,1843.391,0.64,-37.64,2.53,3.861,5.306,1.08,24
$GNSS,2024-08-03T09:29:48.800Z,50.8524136,3.1456837,1842.878,0.23,-37.89,2.26,3.870,5.320,1.12,23
$GNSS,2024-08-03T09:29:49.000Z,50.8524150,3.1455750,1842.438,0.74,-38.01,1.96,3.880,5.334,1.06,23
$GNSS,2024-08-03T09:29:49.200Z,50.8524173,3.1454663,1841.769,1.08,-37.98,2.10,3.882,5.347,1.06,23
$GNSS,2024-08-03T09:29:49.400Z,50.8524201,3.1453579,1840.938,1.11,-38.01,2.61,3.883,5.357,1.05,23
$GNSS,2024-08-03T09:29:49.600Z,50.8524221,3.1452491,1840.477,1.15,-37.81,2.65,3.887,5.367,1.04,23
$GNSS,2024-08-03T09:29:49.800Z,50.8524240,3.1451404,1839.951,1.00,-37.89,2.67,3.893,5.378,1.03,23
$GNSS,2024-08-03T09:29:50.000Z,50.8524265,3.1450311,1839.843,2.16,-38.12,2.23,3.903,5.391,1.08,22
$GNSS,2024-08-03T09:29:50.200Z,50.8524304,3.1449239,1839.227,1.58,-37.52,2.26,3.915,5.405,1.10,22
$GNSS,2024-08-03T09:29:50.400Z,50.8524329,3.1448166,1838.749,1.27,-37.45,2.29,3.926,5.424,1.13,23
$GNSS,2024-08-03T09:29:50.600Z,50.8524351,3.1447086,1838.350,1.24,-37.83,2.07,3.938,5.444,1.14,23
$GNSS,2024-08-03T09:29:50.800Z,50.8524385,3.1446006,1837.700,1.61,-38.12,2.42,3.946,5.463,1.19,23
$GNSS,2024-08-03T09:29:51.000Z,50.8524419,3.1444908,1837.213,1.53,-38.72,2.02,3.955,5.481,1.21,23
$GNSS,2024-08-03T09:29:51.200Z,50.8524459,3.1443819,1836.740,1.90,-38.26,1.85,3.965,5.496,1.21,23
$GNSS,2024-08-03T09:29:51.400Z,50.8524502,3.1442737,1836.345,2.13,-37.97,1.77,3.975,5.508,1.15,23
$GNSS,2024-08-03T09:29:51.600Z,50.8524551,3.1441656,1836.007,2.53,-37.97,1.62,3.981,5.519,1.07,23
$GNSS,2024-08-03T09:29:51.800Z,50.8524607,3.1440586,1835.631,2.66,-37.61,1.30,3.989,5.531,1.11,22
$GNSS,2024-08-03T09:29:52.000Z,50.8524657,3.1439507,1835.329,2.66,-37.77,1.34,4.000,5.543,1.10,22
$GNSS,2024-08-03T09:29:52.200Z,50.8524702,3.1438442,1834.775,1.95,-37.45,1.66,4.009,5.556,1.06,22
$GNSS,2024-08-03T09:29:52.400Z,50.8524744,3.1437375,1834.475,2.29,-37.47,1.54,4.012,5.557,1.04,22
$GNSS,2024-08-03T09:29:52.600Z,50.8524785,3.1436300,1834.172,2.45,-37.72,1.63,4.009,5.543,0.99,22
$GNSS,2024-08-03T09:29:52.800Z,50.8524835,3.1435228,1833.630,2.55,-37.83,1.42,4.001,5.522,0.94,22
$GNSS,2024-08-03T09:29:53.000Z,50.8524884,3.1434153,1833.178,2.78,-37.61,1.30,3.993,5.493,0.84,20
$GNSS,2024-08-03T09:29:53.200Z,50.8524945,3.1433082,1832.557,2.89,-37.69,1.17,3.981,5.455,0.75,20
$GNSS,2024-08-03T09:29:53.400Z,50.8525011,3.1432021,1831.851,3.15,-37.53,1.25,3.963,5.408,0.66,21
$GNSS,2024-08-03T09:29:53.600Z,50.8525074,3.1430957,1831.280,3.28,-37.42,1.45,3.941,5.355,0.64,22
$GNSS,2024-08-03T09:29:53.800Z,50.8525131,3.1429888,1830.910,3.23,-37.31,1.62,3.919,5.306,0.64,20
$GNSS,2024-08-03T09:29:54.000Z,50.8525195,3.1428826,1830.444,3.59,-37.19,1.62,3.896,5.257,0.61,20
$GNSS,2024-08-03T09:29:54.200Z,50.8525262,3.1427770,1829.996,3.42,-36.99,1.45,3.871,5.214,0.60,20
$GNSS,2024-08-03T09:29:54.400Z,50.8525330,3.1426708,1829.550,3.53,-37.38,1.59,3.844,5.164,0.57,20
$GNSS,2024-08-03T09:29:54.600Z,50.8525397,3.1425636,1829.190,3.38,-37.44,1.37,3.816,5.110,0.55,20
$GNSS,2024-08-03T09:29:54.800Z,50.8525464,3.1424563,1828.849,3.70,-37.33,1.33,3.784,5.052,0.51,20
$GNSS,2024-08-03T09:29:55.000Z,50.8525538,3.1423495,1828.350,3.38,-37.52,1.79,3.745,4.970,0.49,21
$GNSS,2024-08-03T09:29:55.200Z,50.8525604,3.1422425,1827.771,2.69,-37.58,2.05,3.716,4.897,0.58,19
$GNSS,2024-08-03T09:29:55.400Z,50.8525659,3.1421343,1827.368,3.17,-37.64,1.67,3.689,4.830,0.58,19
$GNSS,2024-08-03T09:29:55.600Z,50.8525721,3.1420253,1827.038,2.74,-36.28,3.06,3.651,4.704,0.50,19
$GNSS,2024-08-03T09:29:55.800Z,50.8525768,3.1419168,1826.680,2.28,-35.63,4.50,3.600,4.557,0.51,19
$GNSS,2024-08-03T09:29:56.000Z,50.8525807,3.1418130,1825.859,2.03,-34.20,6.14,3.556,4.467,0.51,18
$GNSS,2024-08-03T09:29:56.200Z,50.8525866,3.1417144,1824.100,2.06,-33.63,7.58,3.523,4.402,0.60,20
$GNSS,2024-08-03T09:29:56.400Z,50.8525911,3.1416142,1822.139,2.43,-32.75,8.83,3.474,4.359,0.54,17
$GNSS,2024-08-03T09:29:56.600Z,50.8525993,3.1415151,1819.375,2.59,-32.04,10.30,3.380,4.280,0.47,19
$GNSS,2024-08-03T09:29:56.800Z,50.8526095,3.1414173,1816.363,2.92,-31.22,11.38,3.275,4.201,0.46,19
$GNSS,2024-08-03T09:29:57.000Z,50.8526201,3.1413222,1813.076,3.30,-30.61,12.85,3.169,4.102,0.39,22
$GNSS,2024-08-03T09:29:57.200Z,50.8526356,3.1412303,1808.681,3.68,-29.73,14.12,3.041,3.958,0.36,23
$GNSS,2024-08-03T09:29:57.400Z,50.8526488,3.1411415,1804.489,4.20,-28.92,15.16,2.930,3.842,0.34,23
$GNSS,2024-08-03T09:29:57.600Z,50.8526607,3.1410562,1800.361,4.46,-28.21,16.75,2.833,3.744,0.34,24
$GNSS,2024-08-03T09:29:57.800Z,50.8526721,3.1409735,1796.201,4.78,-27.52,17.54,2.748,3.655,0.33,24
$GNSS,2024-08-03T09:29:58.000Z,50.8526834,3.1408935,1792.081,4.94,-26.89,18.81,2.671,3.580,0.35,23
$GNSS,2024-08-03T09:29:58.200Z,50.8526947,3.1408153,1787.686,5.36,-26.34,20.10,2.602,3.511,0.34,25
$GNSS,2024-08-03T09:29:58.400Z,50.8527067,3.1407398,1783.142,5.91,-25.54,20.83,2.536,3.446,0.33,26
$GNSS,2024-08-03T09:29:58.600Z,50.8527187,3.1406678,1778.444,6.07,-24.36,21.71,2.478,3.341,0.29,26
$GNSS,2024-08-03T09:29:58.800Z,50.8527303,3.1405989,1773.742,6.43,-23.68,23.08,2.420,3.228,0.28,25
$GNSS,2024-08-03T09:29:59.000Z,50.8527412,3.1405316,1769.004,5.77,-23.82,23.92,2.369,3.132,0.32,24
$GNSS,2024-08-03T09:29:59.200Z,50.8527519,3.1404659,1764.068,6.20,-22.49,25.39,2.320,3.007,0.31,24
$GNSS,2024-08-03T09:29:59.400Z,50.8527626,3.1404021,1758.807,5.78,-22.21,26.61,2.276,2.894,0.30,25
$GNSS,2024-08-03T09:29:59.600Z,50.8527727,3.1403400,1753.292,5.69,-21.37,27.89,2.234,2.804,0.31,25
$GNSS,2024-08-03T09:29:59.800Z,50.8527830,3.1402812,1747.591,5.98,-19.81,29.06,2.193,2.705,0.29,25
$GNSS,2024-08-03T09:30:00.000Z,50.8527931,3.1402260,1741.647,5.45,-19.36,30.02,2.146,2.638,0.30,25
$GNSS,2024-08-03T09:30:00.200Z,50.8528026,3.1401726,1735.493,5.24,-18.62,31.01,2.107,2.584,0.33,24
$GNSS,2024-08-03T09:30:00.400Z,50.8528121,3.1401214,1729.129,5.37,-17.83,32.12,2.072,2.535,0.34,24
$GNSS,2024-08-03T09:30:00.600Z,50.8528214,3.1400720,1722.489,5.34,-17.09,33.17,2.039,2.490,0.32,23
$GNSS,2024-08-03T09:30:00.800Z,50.8528306,3.1400257,1715.802,5.14,-15.59,33.36,2.010,2.454,0.34,23
$GNSS,2024-08-03T09:30:01.000Z,50.8528390,3.1399837,1709.071,4.66,-13.86,33.56,1.971,2.415,0.32,23
$GNSS,2024-08-03T09:30:01.200Z,50.8528464,3.1399484,1702.111,3.85,-11.06,34.47,1.950,2.393,0.35,23
$GNSS,2024-08-03T09:30:01.400Z,50.8528540,3.1399165,1695.081,4.29,-11.65,35.14,1.934,2.380,0.49,23
$GNSS,2024-08-03T09:30:01.600Z,50.8528622,3.1398839,1688.084,4.83,-11.18,34.23,1.923,2.372,0.57,23
$GNSS,2024-08-03T09:30:01.800Z,50.8528715,3.1398534,1681.381,5.34,-10.23,32.88,1.915,2.369,0.61,23
$GNSS,2024-08-03T09:30:02.000Z,50.8528810,3.1398250,1674.910,5.36,-9.70,31.70,1.909,2.366,0.60,23
$GNSS,2024-08-03T09:30:02.200Z,50.8528909,3.1397982,1668.558,5.62,-9.17,31.26,1.903,2.364,0.61,23
$GNSS,2024-08-03T09:30:02.400Z,50.8529002,3.1397740,1662.209,4.75,-7.77,31.28,1.899,2.363,0.61,23
$GNSS,2024-08-03T09:30:02.600Z,50.8529093,3.1397536,1655.982,5.36,-6.63,30.82,1.895,2.363,0.62,23
$GNSS,2024-08-03T09:30:02.800Z,50.8529190,3.1397365,1649.953,5.41,-5.43,29.75,1.890,2.364,0.62,23
$GNSS,2024-08-03T09:30:03.000Z,50.8529278,3.1397219,1644.146,4.46,-4.92,28.89,1.886,2.365,0.63,23
$GNSS,2024-08-03T09:30:03.200Z,50.8529353,3.1397069,1638.756,4.16,-5.24,26.57,1.882,2.363,0.62,24
$GNSS,2024-08-03T09:30:03.400Z,50.8529419,3.1396899,1633.812,3.56,-6.11,24.38,1.871,2.357,0.54,24
$GNSS,2024-08-03T09:30:03.600Z,50.8529450,3.1396754,1629.385,0.53,-4.26,22.30,1.860,2.348,0.53,24
$GNSS,2024-08-03T09:30:03.800Z,50.8529448,3.1396684,1625.235,-0.43,-0.39,20.39,1.851,2.329,0.55,25
$GNSS,2024-08-03T09:30:04.000Z,50.8529403,3.1396683,1621.438,-3.50,0.68,18.15,1.845,2.319,0.54,25
$GNSS,2024-08-03T09:30:04.200Z,50.8529312,3.1396723,1617.739,-6.02,2.81,18.20,1.834,2.305,0.52,25
$GNSS,2024-08-03T09:30:04.400Z,50.8529191,3.1396836,1614.122,-7.21,5.66,17.87,1.822,2.294,0.51,26
$GNSS,2024-08-03T09:30:04.600Z,50.8529059,3.1397032,1610.615,-7.31,8.56,17.61,1.809,2.278,0.46,26
$GNSS,2024-08-03T09:30:04.800Z,50.8528921,3.1397311,1607.121,-7.15,11.15,16.98,1.797,2.260,0.42,27
$GNSS,2024-08-03T09:30:05.000Z,50.8528801,3.1397664,1603.713,-5.46,13.60,17.02,1.783,2.243,0.40,27
$GNSS,2024-08-03T09:30:05.200Z,50.8528721,3.1398082,1600.143,-2.82,15.62,17.65,1.770,2.224,0.38,27
$GNSS,2024-08-03T09:30:05.400Z,50.8528695,3.1398535,1596.479,0.39,16.29,18.06,1.761,2.210,0.40,27
$GNSS,2024-08-03T09:30:05.600Z,50.8528725,3.1398997,1592.787,3.08,16.02,18.80,1.752,2.199,0.42,27
$GNSS,2024-08-03T09:30:05.800Z,50.8528804,3.1399440,1588.915,5.86,15.18,19.20,1.742,2.187,0.41,27
$GNSS,2024-08-03T09:30:06.000Z,50.8528937,3.1399845,1584.907,9.05,13.44,20.04,1.726,2.175,0.40,27
$GNSS,2024-08-03T09:30:06.200Z,50.8529118,3.1400197,1580.810,11.37,11.49,20.02,1.712,2.162,0.41,27
$GNSS,2024-08-03T09:30:06.400Z,50.8529337,3.1400496,1576.774,13.23,9.70,19.93,1.698,2.150,0.39,27
$GNSS,2024-08-03T09:30:06.600Z,50.8529591,3.1400734,1572.849,15.38,7.00,19.22,1.684,2.137,0.37,28
$GNSS,2024-08-03T09:30:06.800Z,50.8529878,3.1400892,1569.004,16.66,4.28,18.67,1.670,2.123,0.35,28
$GNSS,2024-08-03T09:30:07.000Z,50.8530185,3.1400976,1565.315,17.90,1.92,17.46,1.655,2.107,0.34,28
$GNSS,2024-08-03T09:30:07.200Z,50.8530509,3.1400990,1561.851,18.32,-0.64,16.41,1.641,2.092,0.34,28
$GNSS,2024-08-03T09:30:07.400Z,50.8530837,3.1400938,1558.605,18.26,-2.55,15.20,1.627,2.078,0.33,28
$GNSS,2024-08-03T09:30:07.600Z,50.8531165,3.1400831,1555.679,18.46,-4.55,13.79,1.614,2.065,0.33,28
$GNSS,2024-08-03T09:30:07.800Z,50.8531493,3.1400673,1553.007,18.22,-6.14,12.33,1.602,2.053,0.33,28
$GNSS,2024-08-03T09:30:08.000Z,50.8531814,3.1400472,1550.644,17.73,-7.56,10.97,1.591,2.041,0.34,27
$GNSS,2024-08-03T09:30:08.200Z,50.8532123,3.1400241,1548.601,16.85,-8.48,9.57,1.580,2.029,0.34,27
$GNSS,2024-08-03T09:30:08.400Z,50.8532417,3.1399984,1546.822,16.07,-9.40,8.29,1.571,2.019,0.36,27
$GNSS,2024-08-03T09:30:08.600Z,50.8532691,3.1399703,1545.209,14.65,-9.98,7.37,1.564,2.009,0.37,27
$GNSS,2024-08-03T09:30:08.800Z,50.8532947,3.1399406,1543.716,13.99,-10.64,6.95,1.559,2.005,0.39,28
$GNSS,2024-08-03T09:30:09.000Z,50.8533192,3.1399091,1542.404,13.52,-11.14,5.77,1.556,2.002,0.41,27
$GNSS,2024-08-03T09:30:09.200Z,50.8533425,3.1398767,1541.347,12.53,-11.40,4.74,1.556,2.000,0.44,27
$GNSS,2024-08-03T09:30:09.400Z,50.8533641,3.1398441,1540.373,11.64,-11.18,4.31,1.556,1.997,0.43,27
$GNSS,2024-08-03T09:30:09.600Z,50.8533837,3.1398104,1539.431,10.38,-11.95,4.20,1.555,1.994,0.43,27
$GNSS,2024-08-03T09:30:09.800Z,50.8534013,3.1397764,1538.505,9.48,-11.63,4.28,1.554,1.990,0.43,27
$GNSS,2024-08-03T09:30:10.000Z,50.8534181,3.1397436,1537.709,9.48,-11.11,3.43,1.554,1.989,0.44,27
$GNSS,2024-08-03T09:30:10.200Z,50.8534349,3.1397121,1537.031,9.39,-10.89,3.09,1.555,1.990,0.45,27
$GNSS,2024-08-03T09:30:10.400Z,50.8534515,3.1396818,1536.360,9.24,-10.36,3.13,1.555,1.990,0.45,27
$GNSS,2024-08-03T09:30:10.600Z,50.8534676,3.1396523,1535.651,8.81,-10.11,3.23,1.556,1.991,0.44,27
$GNSS,2024-08-03T09:30:10.800Z,50.8534831,3.1396233,1535.013,8.63,-10.11,2.89,1.556,1.992,0.45,27
$GNSS,2024-08-03T09:30:11.000Z,50.8534987,3.1395954,1534.408,8.79,-9.39,2.83,1.557,1.994,0.46,27
$GNSS,2024-08-03T09:30:11.200Z,50.8535142,3.1395688,1533.682,8.72,-9.17,3.53,1.556,1.993,0.43,27
$GNSS,2024-08-03T09:30:11.400Z,50.8535302,3.1395432,1532.861,9.23,-8.65,3.88,1.554,1.989,0.42,27
$GNSS,2024-08-03T09:30:11.600Z,50.8535468,3.1395186,1532.003,9.41,-8.45,4.12,1.552,1.985,0.41,27
$GNSS,2024-08-03T09:30:11.800Z,50.8535636,3.1394947,1531.096,9.55,-8.04,4.20,1.549,1.980,0.40,27
$GNSS,2024-08-03T09:30:12.000Z,50.8535807,3.1394716,1530.192,9.62,-8.02,4.32,1.545,1.974,0.39,27
$GNSS,2024-08-03T09:30:12.200Z,50.8535978,3.1394487,1529.194,9.54,-7.74,4.88,1.541,1.963,0.39,27
$GNSS,2024-08-03T09:30:12.400Z,50.8536148,3.1394268,1528.124,9.60,-7.40,5.12,1.535,1.949,0.36,28
$GNSS,2024-08-03T09:30:12.600Z,50.8536321,3.1394042,1527.048,9.88,-7.82,5.31,1.528,1.929,0.34,28
$GNSS,2024-08-03T09:30:12.800Z,50.8536498,3.1393816,1525.879,9.91,-7.64,5.86,1.522,1.912,0.38,28
$GNSS,2024-08-03T09:30:13.000Z,50.8536675,3.1393590,1524.648,9.88,-7.52,5.97,1.514,1.894,0.38,28
$GNSS,2024-08-03T09:30:13.200Z,50.8536848,3.1393370,1523.407,9.40,-7.59,6.02,1.506,1.879,0.38,28
$GNSS,2024-08-03T09:30:13.400Z,50.8537014,3.1393143,1522.141,9.09,-7.79,6.15,1.494,1.869,0.35,28
$GNSS,2024-08-03T09:30:13.600Z,50.8537175,3.1392911,1520.764,8.97,-7.92,6.38,1.481,1.855,0.31,28
$GNSS,2024-08-03T09:30:13.800Z,50.8537338,3.1392677,1519.322,8.94,-8.00,6.63,1.467,1.840,0.28,28
$GNSS,2024-08-03T09:30:14.000Z,50.8537495,3.1392442,1517.888,8.62,-8.33,6.86,1.461,1.834,0.32,28
$GNSS,2024-08-03T09:30:14.200Z,50.8537643,3.1392203,1516.440,8.04,-8.48,6.96,1.460,1.832,0.36,28
$GNSS,2024-08-03T09:30:14.400Z,50.8537782,3.1391954,1515.026,7.54,-8.87,6.90,1.460,1.832,0.37,28
$GNSS,2024-08-03T09:30:14.600Z,50.8537917,3.1391693,1513.563,7.55,-9.31,7.03,1.459,1.830,0.34,28
$GNSS,2024-08-03T09:30:14.800Z,50.8538054,3.1391422,1512.080,7.71,-9.37,6.95,1.452,1.825,0.29,28
$GNSS,2024-08-03T09:30:15.000Z,50.8538188,3.1391152,1510.592,7.37,-9.44,7.00,1.445,1.819,0.29,27
$GNSS,2024-08-03T09:30:15.200Z,50.8538319,3.1390880,1509.181,7.20,-9.54,6.98,1.438,1.808,0.27,26
$GNSS,2024-08-03T09:30:15.400Z,50.8538446,3.1390605,1507.708,7.22,-9.74,6.89,1.431,1.799,0.27,27
$GNSS,2024-08-03T09:30:15.600Z,50.8538574,3.1390330,1506.329,7.13,-9.66,6.91,1.427,1.794,0.31,25
$GNSS,2024-08-03T09:30:15.800Z,50.8538702,3.1390053,1504.938,7.20,-9.83,6.72,1.425,1.793,0.34,26
$GNSS,2024-08-03T09:30:16.000Z,50.8538831,3.1389776,1503.577,7.32,-9.76,6.45,1.425,1.793,0.35,25
$GNSS,2024-08-03T09:30:16.200Z,50.8538960,3.1389498,1502.248,7.16,-9.77,6.41,1.426,1.797,0.40,25
$GNSS,2024-08-03T09:30:16.400Z,50.8539091,3.1389215,1500.926,7.42,-10.01,6.39,1.425,1.790,0.34,25
$GNSS,2024-08-03T09:30:16.600Z,50.8539222,3.1388929,1499.595,7.37,-10.05,6.40,1.421,1.783,0.33,25
$GNSS,2024-08-03T09:30:16.800Z,50.8539355,3.1388640,1498.271,7.55,-10.19,6.30,1.416,1.776,0.32,24
$GNSS,2024-08-03T09:30:17.000Z,50.8539491,3.1388346,1496.970,7.60,-10.17,6.18,1.408,1.762,0.25,24
$GNSS,2024-08-03T09:30:17.200Z,50.8539627,3.1388063,1495.691,7.60,-9.33,5.80,1.402,1.747,0.24,24
$GNSS,2024-08-03T09:30:17.400Z,50.8539761,3.1387788,1494.424,7.51,-9.81,6.13,1.394,1.732,0.22,24
$GNSS,2024-08-03T09:30:17.600Z,50.8539893,3.1387507,1493.172,7.22,-9.90,5.94,1.386,1.718,0.23,24
$GNSS,2024-08-03T09:30:17.800Z,50.8540023,3.1387230,1491.927,7.54,-9.53,6.00,1.379,1.704,0.26,24
$GNSS,2024-08-03T09:30:18.000Z,50.8540157,3.1386955,1490.725,7.37,-9.69,5.85,1.374,1.693,0.28,24
$GNSS,2024-08-03T09:30:18.200Z,50.8540289,3.1386679,1489.460,7.50,-9.68,5.84,1.370,1.681,0.29,24
$GNSS,2024-08-03T09:30:18.400Z,50.8540422,3.1386405,1488.254,7.48,-9.55,5.76,1.365,1.671,0.28,24
$GNSS,2024-08-03T09:30:18.600Z,50.8540552,3.1386129,1487.039,7.35,-9.77,5.83,1.359,1.663,0.28,25
$GNSS,2024-08-03T09:30:18.800Z,50.8540681,3.1385854,1485.843,7.19,-9.55,5.63,1.352,1.654,0.28,25
$GNSS,2024-08-03T09:30:19.000Z,50.8540811,3.1385582,1484.685,7.42,-9.47,5.53,1.346,1.647,0.28,25
$GNSS,2024-08-03T09:30:19.200Z,50.8540941,3.1385319,1483.492,7.23,-9.00,5.94,1.341,1.643,0.32,25
$GNSS,2024-08-03T09:30:19.400Z,50.8541069,3.1385059,1482.296,7.19,-9.25,5.63,1.337,1.642,0.34,25
$GNSS,2024-08-03T09:30:19.600Z,50.8541197,3.1384793,1481.109,7.16,-9.39,5.70,1.334,1.642,0.34,25
$GNSS,2024-08-03T09:30:19.800Z,50.8541324,3.1384524,1479.900,7.10,-9.45,5.84,1.331,1.641,0.35,25
$GNSS,2024-08-03T09:30:20.000Z,50.8541450,3.1384254,1478.666,7.00,-9.42,5.86,1.327,1.640,0.35,25
$GNSS,2024-08-03T09:30:20.200Z,50.8541574,3.1383985,1477.438,7.08,-9.41,5.98,1.325,1.640,0.35,25
$GNSS,2024-08-03T09:30:20.400Z,50.8541702,3.1383717,1476.235,7.25,-9.39,5.90,1.322,1.639,0.35,25
$GNSS,2024-08-03T09:30:20.600Z,50.8541829,3.1383446,1475.016,7.03,-9.48,5.86,1.320,1.638,0.35,25
$GNSS,2024-08-03T09:30:20.800Z,50.8541957,3.1383173,1473.798,7.33,-9.56,5.98,1.317,1.636,0.34,25
$GNSS,2024-08-03T09:30:21.000Z,50.8542086,3.1382903,1472.565,7.13,-9.24,5.85,1.315,1.635,0.34,25
$GNSS,2024-08-03T09:30:21.200Z,50.8542210,3.1382638,1471.362,6.85,-9.29,5.89,1.313,1.633,0.32,26
$GNSS,2024-08-03T09:30:21.400Z,50.8542334,3.1382369,1470.076,7.12,-9.42,6.24,1.310,1.630,0.33,26
$GNSS,2024-08-03T09:30:21.600Z,50.8542461,3.1382095,1468.821,7.16,-9.68,6.22,1.308,1.622,0.32,26
$GNSS,2024-08-03T09:30:21.800Z,50.8542587,3.1381820,1467.560,7.12,-9.36,5.83,1.306,1.616,0.33,26
$GNSS,2024-08-03T09:30:22.000Z,50.8542713,3.1381550,1466.310,7.07,-9.36,5.89,1.304,1.610,0.33,26
$GNSS,2024-08-03T09:30:22.200Z,50.8542838,3.1381281,1465.054,7.08,-9.27,5.99,1.302,1.604,0.32,26
$GNSS,2024-08-03T09:30:22.400Z,50.8542965,3.1381014,1463.791,7.26,-9.36,6.00,1.301,1.598,0.32,26
$GNSS,2024-08-03T09:30:22.600Z,50.8543093,3.1380743,1462.545,7.19,-9.46,5.95,1.299,1.594,0.32,27
$GNSS,2024-08-03T09:30:22.800Z,50.8543220,3.1380473,1461.291,7.12,-9.42,5.95,1.295,1.588,0.31,27
$GNSS,2024-08-03T09:30:23.000Z,50.8543345,3.1380204,1460.053,6.98,-9.40,5.89,1.292,1.583,0.32,27
$GNSS,2024-08-03T09:30:23.200Z,50.8543468,3.1379935,1458.820,6.74,-9.45,6.12,1.289,1.577,0.33,27
$GNSS,2024-08-03T09:30:23.400Z,50.8543589,3.1379666,1457.564,6.89,-9.32,6.00,1.285,1.573,0.31,27
$GNSS,2024-08-03T09:30:23.600Z,50.8543710,3.1379396,1456.268,6.74,-9.47,6.23,1.283,1.570,0.31,27
$GNSS,2024-08-03T09:30:23.800Z,50.8543827,3.1379121,1454.954,6.47,-9.71,6.27,1.280,1.567,0.30,28
$GNSS,2024-08-03T09:30:24.000Z,50.8543939,3.1378844,1453.638,6.16,-9.62,6.22,1.277,1.565,0.29,28
$GNSS,2024-08-03T09:30:24.200Z,50.8544046,3.1378568,1452.314,5.91,-9.69,6.05,1.271,1.562,0.27,28
$GNSS,2024-08-03T09:30:24.400Z,50.8544147,3.1378290,1451.021,5.53,-9.75,6.27,1.266,1.558,0.29,28
$GNSS,2024-08-03T09:30:24.600Z,50.8544244,3.1378008,1449.734,5.27,-10.04,6.03,1.263,1.557,0.31,28
$GNSS,2024-08-03T09:30:24.800Z,50.8544340,3.1377719,1448.460,5.46,-10.22,6.12,1.259,1.556,0.31,28
$GNSS,2024-08-03T09:30:25.000Z,50.8544439,3.1377427,1447.174,5.57,-10.20,5.97,1.257,1.556,0.33,27
$GNSS,2024-08-03T09:30:25.200Z,50.8544537,3.1377138,1445.890,5.30,-10.06,6.18,1.254,1.556,0.33,27
$GNSS,2024-08-03T09:30:25.400Z,50.8544636,3.1376849,1444.558,5.61,-10.12,6.19,1.252,1.557,0.34,27
$GNSS,2024-08-03T09:30:25.600Z,50.8544740,3.1376557,1443.223,5.99,-10.37,6.44,1.249,1.558,0.35,27
$GNSS,2024-08-03T09:30:25.800Z,50.8544849,3.1376267,1441.917,6.06,-9.92,6.02,1.247,1.559,0.34,27
$GNSS,2024-08-03T09:30:26.000Z,50.8544969,3.1375979,1440.673,7.25,-10.41,6.12,1.246,1.560,0.35,28
$GNSS,2024-08-03T09:30:26.200Z,50.8545097,3.1375679,1439.365,6.76,-10.47,6.31,1.242,1.557,0.28,28
$GNSS,2024-08-03T09:30:26.400Z,50.8545228,3.1375385,1438.039,7.64,-9.86,6.29,1.238,1.554,0.28,28
$GNSS,2024-08-03T09:30:26.600Z,50.8545370,3.1375119,1436.749,8.01,-8.68,6.05,1.237,1.552,0.29,27
$GNSS,2024-08-03T09:30:26.800Z,50.8545523,3.1374876,1435.459,8.90,-8.51,6.49,1.237,1.552,0.32,27
$GNSS,2024-08-03T09:30:27.000Z,50.8545688,3.1374638,1434.089,9.50,-8.32,6.67,1.236,1.551,0.33,27
$GNSS,2024-08-03T09:30:27.200Z,50.8545866,3.1374405,1432.714,10.30,-8.12,6.75,1.235,1.550,0.34,28
$GNSS,2024-08-03T09:30:27.400Z,50.8546056,3.1374177,1431.296,10.89,-7.96,6.77,1.233,1.548,0.34,28
$GNSS,2024-08-03T09:30:27.600Z,50.8546254,3.1373954,1429.886,11.28,-7.75,6.72,1.232,1.546,0.34,28
$GNSS,2024-08-03T09:30:27.800Z,50.8546460,3.1373745,1428.488,11.66,-6.97,6.54,1.230,1.544,0.34,28
$GNSS,2024-08-03T09:30:28.000Z,50.8546677,3.1373554,1427.119,12.40,-6.55,6.81,1.227,1.544,0.34,28
$GNSS,2024-08-03T09:30:28.200Z,50.8546894,3.1373363,1425.710,11.86,-6.80,6.48,1.226,1.546,0.36,28
$GNSS,2024-08-03T09:30:28.400Z,50.8547105,3.1373164,1424.400,11.71,-7.20,6.25,1.226,1.549,0.34,28
$GNSS,2024-08-03T09:30:28.600Z,50.8547320,3.1372960,1423.073,12.14,-7.17,6.42,1.224,1.550,0.31,28
$GNSS,2024-08-03T09:30:28.800Z,50.8547538,3.1372752,1421.763,12.21,-7.44,6.28,1.223,1.549,0.31,28
$GNSS,2024-08-03T09:30:29.000Z,50.8547756,3.1372536,1420.414,12.17,-7.76,6.40,1.221,1.546,0.31,28
$GNSS,2024-08-03T09:30:29.200Z,50.8547970,3.1372315,1419.076,11.81,-7.79,6.38,1.218,1.542,0.29,28
$GNSS,2024-08-03T09:30:29.400Z,50.8548174,3.1372091,1417.749,10.99,-7.88,6.25,1.216,1.540,0.32,28
$GNSS,2024-08-03T09:30:29.600Z,50.8548373,3.1371866,1416.446,11.13,-7.86,6.13,1.215,1.537,0.33,28
$GNSS,2024-08-03T09:30:29.800Z,50.8548572,3.1371631,1415.148,11.09,-8.52,6.18,1.215,1.533,0.32,28
$GNSS,2024-08-03T09:30:30.000Z,50.8548761,3.1371391,1413.878,10.18,-8.34,5.89,1.215,1.529,0.31,28
$GNSS,2024-08-03T09:30:30.200Z,50.8548941,3.1371150,1412.608,10.29,-8.49,5.89,1.215,1.526,0.32,28
$GNSS,2024-08-03T09:30:30.400Z,50.8549120,3.1370909,1411.426,9.95,-8.44,5.40,1.216,1.522,0.32,28
$GNSS,2024-08-03T09:30:30.600Z,50.8549293,3.1370669,1410.320,9.62,-8.41,5.11,1.216,1.519,0.30,28
$GNSS,2024-08-03T09:30:30.800Z,50.8549466,3.1370432,1409.314,9.53,-8.22,4.96,1.216,1.517,0.27,28
$GNSS,2024-08-03T09:30:31.000Z,50.8549632,3.1370198,1408.266,9.19,-8.36,4.81,1.216,1.517,0.28,28
$GNSS,2024-08-03T09:30:31.200Z,50.8549789,3.1369958,1407.272,8.70,-8.56,4.44,1.216,1.519,0.30,28
$GNSS,2024-08-03T09:30:31.400Z,50.8549939,3.1369715,1406.337,8.41,-8.63,4.01,1.216,1.520,0.30,28
$GNSS,2024-08-03T09:30:31.600Z,50.8550088,3.1369475,1405.505,8.47,-8.26,3.64,1.215,1.521,0.31,28
$GNSS,2024-08-03T09:30:31.800Z,50.8550237,3.1369246,1404.795,8.43,-7.87,3.10,1.214,1.523,0.33,28
$GNSS,2024-08-03T09:30:32.000Z,50.8550388,3.1369020,1404.204,8.49,-8.12,2.95,1.211,1.523,0.31,28
$GNSS,2024-08-03T09:30:32.200Z,50.8550548,3.1368803,1403.590,9.45,-7.06,2.28,1.208,1.524,0.31,28
$GNSS,2024-08-03T09:30:32.400Z,50.8550718,3.1368611,1403.037,9.58,-6.43,2.44,1.206,1.525,0.31,28
$GNSS,2024-08-03T09:30:32.600Z,50.8550895,3.1368440,1402.488,10.08,-5.58,2.42,1.203,1.525,0.31,28
$GNSS,2024-08-03T09:30:32.800Z,50.8551081,3.1368290,1401.940,10.71,-5.02,2.48,1.201,1.525,0.29,28
$GNSS,2024-08-03T09:30:33.000Z,50.8551279,3.1368163,1401.332,11.24,-3.88,2.74,1.198,1.523,0.29,28
$GNSS,2024-08-03T09:30:33.200Z,50.8551486,3.1368070,1400.706,11.69,-2.73,3.06,1.195,1.520,0.31,28
$GNSS,2024-08-03T09:30:33.400Z,50.8551700,3.1368008,1399.969,12.07,-1.70,3.44,1.193,1.517,0.32,28
$GNSS,2024-08-03T09:30:33.600Z,50.8551919,3.1367975,1399.191,12.28,-0.70,3.71,1.191,1.513,0.33,28
$GNSS,2024-08-03T09:30:33.800Z,50.8552143,3.1367974,1398.330,12.54,0.52,4.17,1.188,1.510,0.35,28
$GNSS,2024-08-03T09:30:34.000Z,50.8552374,3.1368001,1397.369,13.20,1.21,4.84,1.186,1.507,0.33,27
$GNSS,2024-08-03T09:30:34.200Z,50.8552611,3.1368056,1396.328,13.19,2.65,5.27,1.184,1.505,0.36,28
$GNSS,2024-08-03T09:30:34.400Z,50.8552852,3.1368146,1395.206,13.72,3.63,5.43,1.182,1.504,0.38,27
$GNSS,2024-08-03T09:30:34.600Z,50.8553099,3.1368263,1394.064,13.79,4.58,5.61,1.183,1.504,0.42,27
$GNSS,2024-08-03T09:30:34.800Z,50.8553349,3.1368406,1392.928,13.94,5.46,5.47,1.183,1.503,0.42,27
$GNSS,2024-08-03T09:30:35.000Z,50.8553599,3.1368576,1391.790,13.90,6.40,5.44,1.184,1.503,0.41,28
$GNSS,2024-08-03T09:30:35.200Z,50.8553848,3.1368772,1390.666,13.96,7.36,5.26,1.184,1.501,0.40,28
$GNSS,2024-08-03T09:30:35.400Z,50.8554098,3.1368990,1389.587,13.93,7.99,5.17,1.184,1.500,0.38,28
$GNSS,2024-08-03T09:30:35.600Z,50.8554350,3.1369227,1388.544,14.08,8.73,4.97,1.183,1.498,0.38,28
$GNSS,2024-08-03T09:30:35.800Z,50.8554600,3.1369478,1387.560,13.95,9.10,4.77,1.182,1.497,0.38,28
$GNSS,2024-08-03T09:30:36.000Z,50.8554849,3.1369745,1386.607,13.77,9.63,4.52,1.182,1.494,0.38,28
$GNSS,2024-08-03T09:30:36.200Z,50.8555093,3.1370027,1385.703,13.62,10.24,4.43,1.183,1.493,0.40,27
$GNSS,2024-08-03T09:30:36.400Z,50.8555333,3.1370324,1384.833,13.20,10.65,4.18,1.185,1.492,0.40,27
$GNSS,2024-08-03T09:30:36.600Z,50.8555567,3.1370633,1383.996,13.03,11.21,4.19,1.186,1.492,0.40,27
$GNSS,2024-08-03T09:30:36.800Z,50.8555798,3.1370958,1383.157,12.80,11.70,4.02,1.188,1.493,0.40,27
$GNSS,2024-08-03T09:30:37.000Z,50.8556022,3.1371298,1382.332,12.27,12.28,4.05,1.189,1.494,0.40,27
$GNSS,2024-08-03T09:30:37.200Z,50.8556238,3.1371657,1381.477,11.87,12.89,4.06,1.191,1.496,0.40,27
$GNSS,2024-08-03T09:30:37.400Z,50.8556445,3.1372032,1380.637,11.34,13.51,4.12,1.193,1.497,0.37,27
$GNSS,2024-08-03T09:30:37.600Z,50.8556642,3.1372424,1379.753,10.70,14.04,4.26,1.194,1.499,0.37,28
$GNSS,2024-08-03T09:30:37.800Z,50.8556828,3.1372832,1378.864,10.19,14.62,4.32,1.196,1.501,0.37,28
$GNSS,2024-08-03T09:30:38.000Z,50.8557004,3.1373255,1377.955,9.49,15.13,4.49,1.199,1.504,0.37,28
$GNSS,2024-08-03T09:30:38.200Z,50.8557167,3.1373693,1377.019,8.72,15.69,4.67,1.203,1.507,0.37,27
$GNSS,2024-08-03T09:30:38.400Z,50.8557314,3.1374146,1376.038,7.93,16.19,4.84,1.206,1.510,0.35,28
$GNSS,2024-08-03T09:30:38.600Z,50.8557449,3.1374614,1375.066,7.16,16.71,4.85,1.209,1.513,0.33,28
$GNSS,2024-08-03T09:30:38.800Z,50.8557569,3.1375095,1374.072,6.33,17.17,4.98,1.212,1.515,0.31,28
$GNSS,2024-08-03T09:30:39.000Z,50.8557672,3.1375587,1373.033,5.41,17.46,5.09,1.214,1.515,0.30,28
$GNSS,2024-08-03T09:30:39.200Z,50.8557758,3.1376088,1371.964,4.35,17.76,5.25,1.216,1.514,0.28,28
$GNSS,2024-08-03T09:30:39.400Z,50.8557826,3.1376594,1370.896,3.34,17.86,5.34,1.218,1.512,0.28,28
$GNSS,2024-08-03T09:30:39.600Z,50.8557874,3.1377106,1369.792,2.27,18.08,5.30,1.220,1.511,0.27,28
$GNSS,2024-08-03T09:30:39.800Z,50.8557899,3.1377620,1368.634,1.03,18.07,5.46,1.222,1.509,0.26,28
$GNSS,2024-08-03T09:30:40.000Z,50.8557906,3.1378136,1367.481,0.07,18.16,5.54,1.224,1.509,0.26,28
$GNSS,2024-08-03T09:30:40.200Z,50.8557894,3.1378649,1366.329,-1.04,17.94,5.52,1.227,1.508,0.26,28
$GNSS,2024-08-03T09:30:40.400Z,50.8557862,3.1379159,1365.159,-2.21,17.86,5.59,1.230,1.507,0.26,28
$GNSS,2024-08-03T09:30:40.600Z,50.8557810,3.1379662,1363.997,-3.29,17.51,5.59,1.232,1.508,0.27,28
$GNSS,2024-08-03T09:30:40.800Z,50.8557743,3.1380156,1362.865,-4.04,17.25,5.62,1.235,1.508,0.26,28
$GNSS,2024-08-03T09:30:41.000Z,50.8557658,3.1380641,1361.698,-5.10,16.84,5.44,1.237,1.509,0.27,28
$GNSS,2024-08-03T09:30:41.200Z,50.8557556,3.1381114,1360.565,-5.91,16.38,5.37,1.240,1.510,0.29,28
$GNSS,2024-08-03T09:30:41.400Z,50.8557441,3.1381573,1359.458,-6.62,15.85,5.19,1.242,1.511,0.30,28
$GNSS,2024-08-03T09:30:41.600Z,50.8557313,3.1382013,1358.372,-7.19,15.07,4.98,1.243,1.512,0.30,28
$GNSS,2024-08-03T09:30:41.800Z,50.8557176,3.1382442,1357.313,-7.95,15.12,5.20,1.245,1.511,0.29,28
$GNSS,2024-08-03T09:30:42.000Z,50.8557025,3.1382860,1356.201,-8.47,14.30,5.27,1.247,1.511,0.29,28
$GNSS,2024-08-03T09:30:42.200Z,50.8556867,3.1383260,1355.128,-8.97,13.85,5.24,1.249,1.511,0.30,28
$GNSS,2024-08-03T09:30:42.400Z,50.8556700,3.1383648,1354.042,-9.39,13.48,5.28,1.250,1.511,0.31,28
$GNSS,2024-08-03T09:30:42.600Z,50.8556525,3.1384026,1352.949,-9.81,13.09,5.20,1.252,1.510,0.31,28
$GNSS,2024-08-03T09:30:42.800Z,50.8556343,3.1384388,1351.885,-10.22,12.41,5.26,1.254,1.510,0.33,28
$GNSS,2024-08-03T09:30:43.000Z,50.8556154,3.1384732,1350.803,-10.60,11.82,5.30,1.257,1.510,0.34,28
$GNSS,2024-08-03T09:30:43.200Z,50.8555957,3.1385056,1349.705,-11.01,11.00,5.27,1.260,1.509,0.35,28
$GNSS,2024-08-03T09:30:43.400Z,50.8555757,3.1385358,1348.599,-11.08,10.27,5.53,1.262,1.507,0.36,28
$GNSS,2024-08-03T09:30:43.600Z,50.8555551,3.1385642,1347.467,-11.51,9.74,5.55,1.265,1.505,0.37,28
$GNSS,2024-08-03T09:30:43.800Z,50.8555341,3.1385907,1346.330,-11.65,8.93,5.64,1.269,1.503,0.38,28
$GNSS,2024-08-03T09:30:44.000Z,50.8555125,3.1386148,1345.147,-11.99,8.06,5.68,1.272,1.501,0.39,28
$GNSS,2024-08-03T09:30:44.200Z,50.8554906,3.1386366,1343.977,-12.11,7.24,5.76,1.276,1.499,0.40,28
$GNSS,2024-08-03T09:30:44.400Z,50.8554683,3.1386561,1342.784,-12.27,6.48,5.75,1.280,1.497,0.40,28
$GNSS,2024-08-03T09:30:44.600Z,50.8554461,3.1386735,1341.628,-12.27,5.77,5.70,1.283,1.496,0.42,28
$GNSS,2024-08-03T09:30:44.800Z,50.8554239,3.1386889,1340.480,-12.31,5.09,5.65,1.287,1.496,0.43,28
$GNSS,2024-08-03T09:30:45.000Z,50.8554013,3.1387027,1339.311,-12.37,4.56,5.63,1.290,1.496,0.42,27
$GNSS,2024-08-03T09:30:45.200Z,50.8553786,3.1387150,1338.138,-12.45,4.05,5.65,1.293,1.496,0.41,27
$GNSS,2024-08-03T09:30:45.400Z,50.8553558,3.1387259,1336.967,-12.59,3.64,5.71,1.296,1.495,0.41,27
$GNSS,2024-08-03T09:30:45.600Z,50.8553330,3.1387358,1335.821,-12.50,3.29,5.61,1.298,1.494,0.42,27
$GNSS,2024-08-03T09:30:45.800Z,50.8553104,3.1387448,1334.707,-12.48,3.09,5.38,1.301,1.494,0.42,27
$GNSS,2024-08-03T09:30:46.000Z,50.8552877,3.1387532,1333.633,-12.47,2.79,5.18,1.304,1.492,0.43,27
$GNSS,2024-08-03T09:30:46.200Z,50.8552647,3.1387610,1332.557,-12.57,2.72,5.09,1.306,1.491,0.42,27
$GNSS,2024-08-03T09:30:46.400Z,50.8552418,3.1387684,1331.524,-12.58,2.47,4.93,1.309,1.489,0.42,27
$GNSS,2024-08-03T09:30:46.600Z,50.8552189,3.1387751,1330.516,-12.48,2.25,4.78,1.311,1.488,0.43,27
$GNSS,2024-08-03T09:30:46.800Z,50.8551963,3.1387812,1329.565,-12.33,2.02,4.61,1.314,1.486,0.43,27
$GNSS,2024-08-03T09:30:47.000Z,50.8551740,3.1387864,1328.641,-12.17,1.68,4.41,1.316,1.486,0.43,27
$GNSS,2024-08-03T09:30:47.200Z,50.8551519,3.1387907,1327.737,-12.06,1.28,4.35,1.319,1.486,0.44,27
$GNSS,2024-08-03T09:30:47.400Z,50.8551301,3.1387938,1326.844,-11.84,0.93,4.17,1.322,1.486,0.44,27
$GNSS,2024-08-03T09:30:47.600Z,50.8551087,3.1387958,1325.962,-11.54,0.46,4.25,1.324,1.486,0.44,27
$GNSS,2024-08-03T09:30:47.800Z,50.8550882,3.1387964,1325.088,-11.02,-0.05,4.25,1.327,1.486,0.44,27
$GNSS,2024-08-03T09:30:48.000Z,50.8550686,3.1387956,1324.226,-10.56,-0.52,4.18,1.330,1.486,0.44,27
$GNSS,2024-08-03T09:30:48.200Z,50.8550495,3.1387932,1323.325,-10.20,-1.22,4.30,1.332,1.486,0.44,27
$GNSS,2024-08-03T09:30:48.400Z,50.8550315,3.1387887,1322.420,-9.55,-1.90,4.48,1.335,1.487,0.43,27
$GNSS,2024-08-03T09:30:48.600Z,50.8550148,3.1387823,1321.477,-8.89,-2.65,4.70,1.336,1.487,0.41,27
$GNSS,2024-08-03T09:30:48.800Z,50.8549991,3.1387738,1320.455,-8.15,-3.33,5.00,1.337,1.487,0.39,27
$GNSS,2024-08-03T09:30:49.000Z,50.8549850,3.1387633,1319.376,-7.24,-4.03,5.32,1.337,1.487,0.37,27
$GNSS,2024-08-03T09:30:49.200Z,50.8549725,3.1387510,1318.218,-6.29,-4.61,5.75,1.336,1.487,0.36,27
$GNSS,2024-08-03T09:30:49.400Z,50.8549618,3.1387370,1316.992,-5.32,-5.23,6.02,1.334,1.487,0.34,27
$GNSS,2024-08-03T09:30:49.600Z,50.8549528,3.1387214,1315.728,-4.42,-5.72,6.26,1.332,1.487,0.33,27
$GNSS,2024-08-03T09:30:49.800Z,50.8549455,3.1387047,1314.462,-3.67,-6.09,6.51,1.328,1.488,0.33,28
$GNSS,2024-08-03T09:30:50.000Z,50.8549404,3.1386865,1313.144,-1.83,-6.67,6.44,1.323,1.487,0.32,28
$GNSS,2024-08-03T09:30:50.200Z,50.8549371,3.1386666,1311.805,-1.45,-7.22,6.42,1.319,1.487,0.31,28
$GNSS,2024-08-03T09:30:50.400Z,50.8549351,3.1386457,1310.491,-0.50,-7.43,6.29,1.316,1.486,0.29,28
$GNSS,2024-08-03T09:30:50.600Z,50.8549345,3.1386242,1309.195,0.16,-7.63,6.22,1.312,1.485,0.29,28
$GNSS,2024-08-03T09:30:50.800Z,50.8549354,3.1386024,1307.940,0.91,-7.76,6.22,1.308,1.485,0.28,28
$GNSS,2024-08-03T09:30:51.000Z,50.8549374,3.1385798,1306.656,1.61,-8.02,6.20,1.304,1.484,0.28,28
$GNSS,2024-08-03T09:30:51.200Z,50.8549408,3.1385571,1305.382,2.35,-7.94,6.23,1.299,1.483,0.28,28
$GNSS,2024-08-03T09:30:51.400Z,50.8549452,3.1385345,1304.095,2.84,-7.94,6.23,1.296,1.482,0.29,28
$GNSS,2024-08-03T09:30:51.600Z,50.8549506,3.1385117,1302.832,3.39,-8.13,6.25,1.292,1.481,0.30,28
$GNSS,2024-08-03T09:30:51.800Z,50.8549571,3.1384881,1301.505,4.15,-8.40,6.48,1.288,1.481,0.31,29
$GNSS,2024-08-03T09:30:52.000Z,50.8549646,3.1384646,1300.173,4.59,-8.08,6.43,1.284,1.480,0.31,29
$GNSS,2024-08-03T09:30:52.200Z,50.8549731,3.1384418,1298.841,5.09,-7.94,6.51,1.281,1.479,0.31,29
$GNSS,2024-08-03T09:30:52.400Z,50.8549828,3.1384188,1297.495,5.83,-8.21,6.70,1.276,1.477,0.31,29
$GNSS,2024-08-03T09:30:52.600Z,50.8549933,3.1383956,1296.130,6.12,-7.98,6.43,1.272,1.476,0.31,29
$GNSS,2024-08-03T09:30:52.800Z,50.8550045,3.1383734,1294.833,6.54,-7.66,6.38,1.269,1.475,0.31,29
$GNSS,2024-08-03T09:30:53.000Z,50.8550164,3.1383515,1293.541,6.92,-7.71,6.36,1.265,1.475,0.32,29
$GNSS,2024-08-03T09:30:53.200Z,50.8550290,3.1383293,1292.288,7.23,-7.88,6.08,1.262,1.474,0.32,29
$GNSS,2024-08-03T09:30:53.400Z,50.8550422,3.1383070,1291.065,7.52,-7.82,6.02,1.259,1.473,0.32,29
$GNSS,2024-08-03T09:30:53.600Z,50.8550557,3.1382846,1289.899,7.71,-7.89,5.55,1.256,1.471,0.31,29
$GNSS,2024-08-03T09:30:53.800Z,50.8550694,3.1382625,1288.751,7.72,-7.53,5.46,1.253,1.470,0.31,29
$GNSS,2024-08-03T09:30:54.000Z,50.8550834,3.1382417,1287.610,8.04,-7.16,5.83,1.250,1.469,0.31,29
$GNSS,2024-08-03T09:30:54.200Z,50.8550978,3.1382208,1286.527,8.10,-7.62,5.18,1.248,1.468,0.33,29
$GNSS,2024-08-03T09:30:54.400Z,50.8551122,3.1381989,1285.441,8.26,-7.62,5.09,1.246,1.468,0.33,29
$GNSS,2024-08-03T09:30:54.600Z,50.8551267,3.1381776,1284.349,8.03,-7.25,5.28,1.244,1.467,0.34,29
$GNSS,2024-08-03T09:30:54.800Z,50.8551410,3.1381567,1283.164,8.02,-7.34,5.83,1.242,1.466,0.34,29
$GNSS,2024-08-03T09:30:55.000Z,50.8551553,3.1381356,1281.926,8.10,-7.46,6.13,1.239,1.465,0.34,29
$GNSS,2024-08-03T09:30:55.200Z,50.8551698,3.1381143,1280.613,8.12,-7.58,6.68,1.237,1.465,0.35,29
$GNSS,2024-08-03T09:30:55.400Z,50.8551841,3.1380932,1279.248,7.99,-7.16,6.55,1.236,1.465,0.35,29
$GNSS,2024-08-03T09:30:55.600Z,50.8551984,3.1380720,1277.847,8.03,-7.63,7.00,1.236,1.465,0.36,29
$GNSS,2024-08-03T09:30:55.800Z,50.8552126,3.1380496,1276.398,7.93,-7.93,6.93,1.236,1.466,0.36,29
$GNSS,2024-08-03T09:30:56.000Z,50.8552266,3.1380268,1275.012,7.72,-8.04,6.74,1.236,1.467,0.36,29
$GNSS,2024-08-03T09:30:56.200Z,50.8552404,3.1380034,1273.685,7.67,-8.36,6.43,1.236,1.468,0.36,29
$GNSS,2024-08-03T09:30:56.400Z,50.8552539,3.1379793,1272.422,7.46,-8.49,6.05,1.236,1.470,0.36,29
$GNSS,2024-08-03T09:30:56.600Z,50.8552671,3.1379549,1271.222,7.30,-8.68,5.88,1.236,1.472,0.38,29
$GNSS,2024-08-03T09:30:56.800Z,50.8552800,3.1379298,1270.034,7.20,-8.72,5.57,1.238,1.474,0.38,29
$GNSS,2024-08-03T09:30:57.000Z,50.8552930,3.1379051,1268.897,7.14,-8.63,5.53,1.238,1.476,0.38,29
$GNSS,2024-08-03T09:30:57.200Z,50.8553059,3.1378804,1267.786,7.23,-8.71,5.34,1.238,1.478,0.38,29
$GNSS,2024-08-03T09:30:57.400Z,50.8553189,3.1378556,1266.717,7.27,-8.69,5.18,1.238,1.480,0.34,29
$GNSS,2024-08-03T09:30:57.600Z,50.8553319,3.1378306,1265.657,7.15,-8.74,4.93,1.238,1.482,0.34,29
$GNSS,2024-08-03T09:30:57.800Z,50.8553445,3.1378058,1264.714,6.95,-8.71,4.61,1.238,1.484,0.34,29
$GNSS,2024-08-03T09:30:58.000Z,50.8553570,3.1377811,1263.820,6.98,-8.70,4.41,1.239,1.486,0.35,29
$GNSS,2024-08-03T09:30:58.200Z,50.8553694,3.1377564,1262.939,6.86,-8.72,4.36,1.238,1.489,0.35,29
$GNSS,2024-08-03T09:30:58.400Z,50.8553815,3.1377317,1262.054,6.62,-8.60,4.38,1.238,1.491,0.36,29
$GNSS,2024-08-03T09:30:58.600Z,50.8553935,3.1377075,1261.168,6.71,-8.44,4.41,1.239,1.493,0.36,29
$GNSS,2024-08-03T09:30:58.800Z,50.8554054,3.1376839,1260.302,6.54,-8.23,4.24,1.239,1.495,0.36,29
$GNSS,2024-08-03T09:30:59.000Z,50.8554173,3.1376609,1259.416,6.69,-7.94,4.39,1.240,1.497,0.36,29
$GNSS,2024-08-03T09:30:59.200Z,50.8554295,3.1376381,1258.499,6.80,-8.06,4.48,1.240,1.499,0.35,29
$GNSS,2024-08-03T09:30:59.400Z,50.8554419,3.1376153,1257.597,6.93,-7.91,4.27,1.241,1.501,0.35,29
$GNSS,2024-08-03T09:30:59.600Z,50.8554545,3.1375923,1256.717,7.10,-8.11,4.14,1.241,1.502,0.34,29
$GNSS,2024-08-03T09:30:59.800Z,50.8554673,3.1375695,1255.812,7.16,-7.86,4.41,1.241,1.505,0.34,29
$GNSS,2024-08-03T09:31:00.000Z,50.8554801,3.1375471,1254.849,7.14,-7.68,4.44,1.241,1.506,0.33,29
$GNSS,2024-08-03T09:31:00.200Z,50.8554931,3.1375253,1253.923,7.26,-7.55,4.45,1.240,1.507,0.33,29
$GNSS,2024-08-03T09:31:00.400Z,50.8555061,3.1375041,1252.999,7.22,-7.38,4.55,1.240,1.509,0.34,29
$GNSS,2024-08-03T09:31:00.600Z,50.8555192,3.1374830,1252.039,7.27,-7.38,4.64,1.240,1.509,0.33,29
$GNSS,2024-08-03T09:31:00.800Z,50.8555323,3.1374617,1251.072,7.29,-7.45,4.52,1.239,1.508,0.33,29
$GNSS,2024-08-03T09:31:01.000Z,50.8555455,3.1374405,1250.127,7.39,-7.35,4.56,1.239,1.508,0.34,29
$GNSS,2024-08-03T09:31:01.200Z,50.8555587,3.1374196,1249.140,7.35,-7.23,4.77,1.238,1.507,0.34,29
$GNSS,2024-08-03T09:31:01.400Z,50.8555721,3.1373990,1248.109,7.50,-7.19,5.12,1.238,1.507,0.34,29
$GNSS,2024-08-03T09:31:01.600Z,50.8555856,3.1373786,1247.053,7.51,-7.13,5.16,1.238,1.507,0.35,29
$GNSS,2024-08-03T09:31:01.800Z,50.8555992,3.1373581,1245.969,7.58,-7.15,5.25,1.238,1.509,0.36,29
$GNSS,2024-08-03T09:31:02.000Z,50.8556130,3.1373377,1244.882,7.74,-7.15,5.30,1.239,1.510,0.37,29
$GNSS,2024-08-03T09:31:02.200Z,50.8556270,3.1373171,1243.799,7.85,-7.21,5.22,1.240,1.512,0.37,29
$GNSS,2024-08-03T09:31:02.400Z,50.8556413,3.1372968,1242.736,8.00,-7.02,5.20,1.241,1.515,0.38,29
$GNSS,2024-08-03T09:31:02.600Z,50.8556558,3.1372762,1241.635,8.22,-7.34,5.37,1.242,1.517,0.36,29
$GNSS,2024-08-03T09:31:02.800Z,50.8556705,3.1372563,1240.554,8.10,-6.61,5.26,1.242,1.519,0.36,29
$GNSS,2024-08-03T09:31:03.000Z,50.8556850,3.1372370,1239.495,8.17,-6.88,5.17,1.243,1.521,0.36,29
$GNSS,2024-08-03T09:31:03.200Z,50.8556998,3.1372174,1238.471,8.25,-6.85,5.00,1.243,1.523,0.36,29
$GNSS,2024-08-03T09:31:03.400Z,50.8557144,3.1371979,1237.453,8.14,-6.71,4.76,1.244,1.525,0.38,29
$GNSS,2024-08-03T09:31:03.600Z,50.8557290,3.1371789,1236.458,8.18,-6.49,4.75,1.245,1.527,0.37,29
$GNSS,2024-08-03T09:31:03.800Z,50.8557436,3.1371605,1235.479,8.09,-6.38,4.85,1.246,1.530,0.37,29
$GNSS,2024-08-03T09:31:04.000Z,50.8557582,3.1371424,1234.498,8.12,-6.29,4.79,1.247,1.532,0.37,29
$GNSS,2024-08-03T09:31:04.200Z,50.8557729,3.1371245,1233.511,8.21,-6.28,4.93,1.249,1.534,0.37,29
$GNSS,2024-08-03T09:31:04.400Z,50.8557878,3.1371067,1232.534,8.42,-6.21,4.83,1.250,1.536,0.37,29
$GNSS,2024-08-03T09:31:04.600Z,50.8558029,3.1370894,1231.578,8.40,-5.93,4.66,1.251,1.538,0.37,29
$GNSS,2024-08-03T09:31:04.800Z,50.8558180,3.1370728,1230.633,8.46,-5.82,4.86,1.253,1.541,0.38,29
$GNSS,2024-08-03T09:31:05.000Z,50.8558329,3.1370567,1229.692,8.15,-5.57,4.66,1.254,1.543,0.37,29
$GNSS,2024-08-03T09:31:05.200Z,50.8558485,3.1370408,1228.598,9.15,-5.47,5.59,1.255,1.543,0.36,29
$GNSS,2024-08-03T09:31:05.400Z,50.8558644,3.1370249,1227.527,8.60,-5.70,5.20,1.257,1.544,0.37,29
$GNSS,2024-08-03T09:31:05.600Z,50.8558800,3.1370085,1226.411,8.79,-5.65,5.48,1.259,1.546,0.38,29
$GNSS,2024-08-03T09:31:05.800Z,50.8558956,3.1369931,1225.325,8.60,-5.40,5.69,1.262,1.549,0.39,29
$GNSS,2024-08-03T09:31:06.000Z,50.8559112,3.1369772,1224.140,8.78,-5.58,5.79,1.264,1.553,0.39,29
$GNSS,2024-08-03T09:31:06.200Z,50.8559269,3.1369612,1222.960,8.73,-5.63,5.85,1.267,1.556,0.39,29
$GNSS,2024-08-03T09:31:06.400Z,50.8559425,3.1369449,1221.792,8.59,-5.78,5.72,1.269,1.559,0.38,29
$GNSS,2024-08-03T09:31:06.600Z,50.8559579,3.1369284,1220.645,8.58,-5.72,5.65,1.271,1.562,0.39,29
$GNSS,2024-08-03T09:31:06.800Z,50.8559734,3.1369119,1219.500,8.61,-5.78,5.58,1.274,1.564,0.38,29
$GNSS,2024-08-03T09:31:07.000Z,50.8559888,3.1368954,1218.378,8.60,-5.69,5.47,1.276,1.567,0.38,29
$GNSS,2024-08-03T09:31:07.200Z,50.8560043,3.1368791,1217.283,8.66,-5.66,5.32,1.278,1.570,0.38,29
$GNSS,2024-08-03T09:31:07.400Z,50.8560201,3.1368628,1216.180,8.96,-5.63,5.41,1.280,1.572,0.38,29
$GNSS,2024-08-03T09:31:07.600Z,50.8560361,3.1368467,1215.084,8.89,-5.56,5.27,1.282,1.575,0.38,29
$GNSS,2024-08-03T09:31:07.800Z,50.8560522,3.1368309,1214.036,8.96,-5.54,5.24,1.284,1.578,0.38,29
$GNSS,2024-08-03T09:31:08.000Z,50.8560683,3.1368152,1212.994,9.01,-5.48,5.14,1.287,1.581,0.39,29
$GNSS,2024-08-03T09:31:08.200Z,50.8560845,3.1367999,1211.978,9.10,-5.25,4.95,1.289,1.583,0.39,29
$GNSS,2024-08-03T09:31:08.400Z,50.8561008,3.1367847,1210.982,9.14,-5.31,4.81,1.292,1.586,0.38,29
$GNSS,2024-08-03T09:31:08.600Z,50.8561172,3.1367692,1209.984,9.15,-5.37,4.77,1.294,1.589,0.39,29
$GNSS,2024-08-03T09:31:08.800Z,50.8561335,3.1367539,1209.037,9.02,-5.26,4.55,1.297,1.592,0.39,29
$GNSS,2024-08-03T09:31:09.000Z,50.8561497,3.1367385,1208.090,9.03,-5.30,4.47,1.300,1.595,0.39,29
$GNSS,2024-08-03T09:31:09.200Z,50.8561657,3.1367230,1207.150,8.85,-5.35,4.45,1.302,1.598,0.39,29
$GNSS,2024-08-03T09:31:09.400Z,50.8561814,3.1367078,1206.243,8.64,-5.26,4.43,1.305,1.601,0.39,29
$GNSS,2024-08-03T09:31:09.600Z,50.8561967,3.1366927,1205.325,8.46,-5.30,4.53,1.307,1.604,0.39,29
$GNSS,2024-08-03T09:31:09.800Z,50.8562119,3.1366778,1204.416,8.46,-5.11,4.46,1.309,1.607,0.39,29
$GNSS,2024-08-03T09:31:10.000Z,50.8562269,3.1366634,1203.532,8.23,-5.03,4.42,1.312,1.610,0.39,29
$GNSS,2024-08-03T09:31:10.200Z,50.8562418,3.1366490,1202.609,8.34,-5.00,4.55,1.314,1.612,0.39,29
$GNSS,2024-08-03T09:31:10.400Z,50.8562568,3.1366350,1201.672,8.42,-4.82,4.64,1.317,1.615,0.39,29
$GNSS,2024-08-03T09:31:10.600Z,50.8562719,3.1366213,1200.731,8.40,-4.72,4.65,1.319,1.617,0.39,29
$GNSS,2024-08-03T09:31:10.800Z,50.8562871,3.1366077,1199.765,8.47,-4.70,4.71,1.322,1.619,0.39,29
$GNSS,2024-08-03T09:31:11.000Z,50.8563024,3.1365941,1198.785,8.55,-4.71,4.83,1.324,1.621,0.39,29
$GNSS,2024-08-03T09:31:11.200Z,50.8563180,3.1365805,1197.768,8.84,-4.73,5.03,1.326,1.623,0.39,29
$GNSS,2024-08-03T09:31:11.400Z,50.8563337,3.1365667,1196.695,8.68,-4.70,5.20,1.329,1.625,0.38,29
$GNSS,2024-08-03T09:31:11.600Z,50.8563493,3.1365534,1195.639,8.74,-4.55,5.22,1.330,1.627,0.39,29
$GNSS,2024-08-03T09:31:11.800Z,50.8563652,3.1365405,1194.581,8.93,-4.42,5.25,1.332,1.628,0.39,29
$GNSS,2024-08-03T09:31:12.000Z,50.8563814,3.1365276,1193.469,9.05,-4.42,5.44,1.334,1.630,0.38,29
$GNSS,2024-08-03T09:31:12.200Z,50.8563977,3.1365152,1192.348,9.15,-4.23,5.58,1.335,1.631,0.38,29
$GNSS,2024-08-03T09:31:12.400Z,50.8564142,3.1365028,1191.215,9.28,-4.32,5.57,1.336,1.632,0.38,29
$GNSS,2024-08-03T09:31:12.600Z,50.8564310,3.1364902,1190.071,9.41,-4.34,5.53,1.337,1.634,0.38,29
$GNSS,2024-08-03T09:31:12.800Z,50.8564480,3.1364777,1188.913,9.53,-4.28,5.68,1.338,1.635,0.38,29
$GNSS,2024-08-03T09:31:13.000Z,50.8564655,3.1364648,1187.763,9.97,-4.48,5.49,1.336,1.634,0.36,29
$GNSS,2024-08-03T09:31:13.200Z,50.8564826,3.1364527,1186.619,9.09,-3.93,5.80,1.333,1.633,0.37,29
$GNSS,2024-08-03T09:31:13.400Z,50.8564997,3.1364407,1185.477,9.91,-4.29,5.50,1.331,1.631,0.35,29
$GNSS,2024-08-03T09:31:13.600Z,50.8565174,3.1364283,1184.330,9.88,-4.24,5.55,1.328,1.630,0.34,29
$GNSS,2024-08-03T09:31:13.800Z,50.8565351,3.1364161,1183.200,9.79,-4.27,5.46,1.325,1.628,0.34,29
$GNSS,2024-08-03T09:31:14.000Z,50.8565527,3.1364037,1182.081,9.80,-4.39,5.59,1.323,1.627,0.34,29
$GNSS,2024-08-03T09:31:14.200Z,50.8565702,3.1363913,1180.965,9.79,-4.35,5.55,1.321,1.626,0.34,29
$GNSS,2024-08-03T09:31:14.400Z,50.8565877,3.1363787,1179.826,9.65,-4.43,5.50,1.319,1.625,0.35,29
$GNSS,2024-08-03T09:31:14.600Z,50.8566049,3.1363661,1178.708,9.58,-4.38,5.40,1.317,1.623,0.35,29
$GNSS,2024-08-03T09:31:14.800Z,50.8566220,3.1363534,1177.576,9.54,-4.44,5.54,1.316,1.622,0.35,29
$GNSS,2024-08-03T09:31:15.000Z,50.8566391,3.1363406,1176.479,9.50,-4.55,5.41,1.314,1.621,0.35,29
$GNSS,2024-08-03T09:31:15.200Z,50.8566561,3.1363276,1175.372,9.50,-4.47,5.38,1.313,1.619,0.35,29
$GNSS,2024-08-03T09:31:15.400Z,50.8566731,3.1363147,1174.282,9.47,-4.50,5.35,1.312,1.619,0.36,29
$GNSS,2024-08-03T09:31:15.600Z,50.8566900,3.1363019,1173.207,9.39,-4.48,5.25,1.311,1.618,0.36,29
$GNSS,2024-08-03T09:31:15.800Z,50.8567070,3.1362893,1172.142,9.47,-4.39,5.26,1.310,1.618,0.36,29
$GNSS,2024-08-03T09:31:16.000Z,50.8567240,3.1362768,1171.081,9.52,-4.33,5.18,1.310,1.617,0.36,29
$GNSS,2024-08-03T09:31:16.200Z,50.8567410,3.1362644,1170.016,9.48,-4.35,5.22,1.310,1.617,0.37,29
$GNSS,2024-08-03T09:31:16.400Z,50.8567581,3.1362522,1168.963,9.53,-4.23,5.22,1.310,1.618,0.37,29
$GNSS,2024-08-03T09:31:16.600Z,50.8567752,3.1362404,1167.928,9.51,-4.15,5.18,1.310,1.618,0.37,29
$GNSS,2024-08-03T09:31:16.800Z,50.8567924,3.1362287,1166.861,9.59,-4.07,5.34,1.310,1.619,0.37,29
$GNSS,2024-08-03T09:31:17.000Z,50.8568096,3.1362172,1165.817,9.54,-4.08,5.21,1.310,1.619,0.37,29
$GNSS,2024-08-03T09:31:17.200Z,50.8568266,3.1362055,1164.743,9.42,-4.12,5.27,1.311,1.620,0.37,29
$GNSS,2024-08-03T09:31:17.400Z,50.8568435,3.1361938,1163.688,9.39,-4.16,5.29,1.312,1.621,0.37,29
$GNSS,2024-08-03T09:31:17.600Z,50.8568603,3.1361822,1162.642,9.33,-4.03,5.28,1.312,1.621,0.37,29
$GNSS,2024-08-03T09:31:17.800Z,50.8568771,3.1361705,1161.586,9.36,-4.16,5.14,1.313,1.621,0.37,29
$GNSS,2024-08-03T09:31:18.000Z,50.8568939,3.1361591,1160.563,9.34,-3.88,5.07,1.314,1.621,0.37,29
$GNSS,2024-08-03T09:31:18.200Z,50.8569105,3.1361479,1159.536,9.22,-3.90,5.05,1.314,1.621,0.36,29
$GNSS,2024-08-03T09:31:18.400Z,50.8569271,3.1361369,1158.502,9.27,-3.79,5.08,1.315,1.621,0.36,29
$GNSS,2024-08-03T09:31:18.600Z,50.8569439,3.1361260,1157.476,9.41,-3.71,4.98,1.315,1.622,0.36,29
$GNSS,2024-08-03T09:31:18.800Z,50.8569608,3.1361154,1156.424,9.49,-3.54,4.98,1.316,1.623,0.36,29
$GNSS,2024-08-03T09:31:19.000Z,50.8569781,3.1361051,1155.376,9.77,-3.47,5.09,1.317,1.623,0.37,29
$GNSS,2024-08-03T09:31:19.200Z,50.8569958,3.1360955,1154.313,9.89,-3.25,5.25,1.318,1.624,0.37,29
$GNSS,2024-08-03T09:31:19.400Z,50.8570136,3.1360864,1153.247,9.92,-3.08,5.28,1.319,1.625,0.37,29
$GNSS,2024-08-03T09:31:19.600Z,50.8570317,3.1360777,1152.148,10.18,-2.92,5.35,1.320,1.626,0.37,29
$GNSS,2024-08-03T09:31:19.800Z,50.8570502,3.1360690,1151.037,10.37,-3.00,5.33,1.322,1.627,0.37,29
$GNSS,2024-08-03T09:31:20.000Z,50.8570688,3.1360603,1149.914,10.37,-3.01,5.57,1.323,1.628,0.37,29
$GNSS,2024-08-03T09:31:20.200Z,50.8570874,3.1360513,1148.761,10.31,-3.09,5.51,1.323,1.628,0.36,29
$GNSS,2024-08-03T09:31:20.400Z,50.8571059,3.1360419,1147.580,10.24,-3.12,5.59,1.322,1.626,0.35,29
$GNSS,2024-08-03T09:31:20.600Z,50.8571243,3.1360329,1146.409,10.22,-3.04,5.75,1.319,1.623,0.34,29
$GNSS,2024-08-03T09:31:20.800Z,50.8571427,3.1360237,1145.232,10.15,-3.19,5.70,1.317,1.620,0.34,29
$GNSS,2024-08-03T09:31:21.000Z,50.8571608,3.1360142,1144.044,10.04,-3.29,5.87,1.314,1.618,0.34,29
$GNSS,2024-08-03T09:31:21.200Z,50.8571787,3.1360046,1142.853,9.84,-3.39,5.86,1.312,1.617,0.34,29
$GNSS,2024-08-03T09:31:21.400Z,50.8571963,3.1359946,1141.668,9.76,-3.58,5.77,1.311,1.616,0.36,29
$GNSS,2024-08-03T09:31:21.600Z,50.8572138,3.1359842,1140.509,9.72,-3.70,5.70,1.310,1.616,0.36,29
$GNSS,2024-08-03T09:31:21.800Z,50.8572312,3.1359737,1139.345,9.66,-3.60,5.69,1.310,1.615,0.36,29
$GNSS,2024-08-03T09:31:22.000Z,50.8572486,3.1359633,1138.194,9.76,-3.66,5.70,1.309,1.614,0.35,29
$GNSS,2024-08-03T09:31:22.200Z,50.8572662,3.1359528,1137.050,9.79,-3.66,5.64,1.308,1.614,0.35,29
$GNSS,2024-08-03T09:31:22.400Z,50.8572838,3.1359422,1135.912,9.81,-3.73,5.56,1.307,1.614,0.35,29
$GNSS,2024-08-03T09:31:22.600Z,50.8573014,3.1359316,1134.808,9.77,-3.63,5.37,1.307,1.614,0.35,29
$GNSS,2024-08-03T09:31:22.800Z,50.8573191,3.1359215,1133.721,9.92,-3.40,5.42,1.307,1.614,0.35,29
$GNSS,2024-08-03T09:31:23.000Z,50.8573371,3.1359119,1132.630,10.15,-3.26,5.30,1.306,1.615,0.36,29
$GNSS,2024-08-03T09:31:23.200Z,50.8573556,3.1359028,1131.573,10.34,-3.10,5.23,1.307,1.616,0.36,29
$GNSS,2024-08-03T09:31:23.400Z,50.8573743,3.1358943,1130.506,10.49,-2.88,5.26,1.307,1.617,0.36,29
$GNSS,2024-08-03T09:31:23.600Z,50.8573933,3.1358865,1129.447,10.62,-2.62,5.27,1.308,1.619,0.36,29
$GNSS,2024-08-03T09:31:23.800Z,50.8574126,3.1358790,1128.359,10.85,-2.49,5.22,1.309,1.621,0.37,29
$GNSS,2024-08-03T09:31:24.000Z,50.8574322,3.1358723,1127.291,10.99,-2.14,5.24,1.310,1.623,0.37,29
$GNSS,2024-08-03T09:31:24.200Z,50.8574522,3.1358663,1126.208,11.25,-1.92,5.19,1.311,1.625,0.36,29
$GNSS,2024-08-03T09:31:24.400Z,50.8574726,3.1358612,1125.133,11.43,-1.64,5.31,1.312,1.626,0.36,29
$GNSS,2024-08-03T09:31:24.600Z,50.8574932,3.1358565,1124.002,11.51,-1.45,5.48,1.313,1.628,0.36,29
$GNSS,2024-08-03T09:31:24.800Z,50.8575140,3.1358522,1122.820,11.55,-1.31,5.65,1.314,1.630,0.36,29
$GNSS,2024-08-03T09:31:25.000Z,50.8575347,3.1358482,1121.634,11.51,-1.24,5.65,1.314,1.631,0.36,29
$GNSS,2024-08-03T09:31:25.200Z,50.8575554,3.1358445,1120.464,11.50,-1.19,5.71,1.315,1.633,0.37,29
$GNSS,2024-08-03T09:31:25.400Z,50.8575761,3.1358409,1119.309,11.47,-1.22,5.65,1.316,1.635,0.37,29
$GNSS,2024-08-03T09:31:25.600Z,50.8575967,3.1358371,1118.166,11.45,-1.34,5.64,1.317,1.636,0.36,29
$GNSS,2024-08-03T09:31:25.800Z,50.8576173,3.1358329,1117.026,11.40,-1.50,5.56,1.318,1.638,0.37,29
$GNSS,2024-08-03T09:31:26.000Z,50.8576376,3.1358287,1115.903,11.19,-1.49,5.68,1.320,1.640,0.37,29
$GNSS,2024-08-03T09:31:26.200Z,50.8576577,3.1358244,1114.773,11.08,-1.59,5.64,1.321,1.642,0.37,29
$GNSS,2024-08-03T09:31:26.400Z,50.8576775,3.1358197,1113.660,10.93,-1.66,5.53,1.322,1.643,0.37,29
$GNSS,2024-08-03T09:31:26.600Z,50.8576970,3.1358146,1112.535,10.80,-1.88,5.55,1.324,1.645,0.37,29
$GNSS,2024-08-03T09:31:26.800Z,50.8577165,3.1358091,1111.396,10.87,-1.84,5.61,1.325,1.647,0.37,29
$GNSS,2024-08-03T09:31:27.000Z,50.8577360,3.1358032,1110.238,10.80,-2.02,5.45,1.326,1.648,0.37,29
$GNSS,2024-08-03T09:31:27.200Z,50.8577555,3.1357972,1109.105,10.85,-2.02,5.46,1.327,1.649,0.37,29
$GNSS,2024-08-03T09:31:27.400Z,50.8577750,3.1357913,1107.963,10.79,-1.89,5.47,1.329,1.651,0.37,29
$GNSS,2024-08-03T09:31:27.600Z,50.8577943,3.1357863,1106.873,10.75,-1.68,5.49,1.330,1.653,0.37,29
$GNSS,2024-08-03T09:31:27.800Z,50.8578139,3.1357815,1105.733,10.93,-1.61,5.59,1.332,1.654,0.37,29
$GNSS,2024-08-03T09:31:28.000Z,50.8578336,3.1357766,1104.560,10.99,-1.60,5.66,1.334,1.656,0.37,29
$GNSS,2024-08-03T09:31:28.200Z,50.8578535,3.1357719,1103.375,11.17,-1.52,5.73,1.335,1.657,0.36,29
$GNSS,2024-08-03T09:31:28.400Z,50.8578736,3.1357676,1102.208,11.12,-1.43,5.68,1.337,1.659,0.36,29
$GNSS,2024-08-03T09:31:28.600Z,50.8578937,3.1357634,1101.039,11.21,-1.36,5.65,1.338,1.661,0.36,29
$GNSS,2024-08-03T09:31:28.800Z,50.8579140,3.1357595,1099.864,11.40,-1.24,5.79,1.339,1.663,0.36,29
$GNSS,2024-08-03T09:31:29.000Z,50.8579345,3.1357561,1098.691,11.40,-1.09,5.75,1.340,1.664,0.36,29
$GNSS,2024-08-03T09:31:29.200Z,50.8579550,3.1357525,1097.474,11.36,-1.19,5.79,1.341,1.666,0.36,29
$GNSS,2024-08-03T09:31:29.400Z,50.8579755,3.1357487,1096.263,11.39,-1.33,5.92,1.342,1.667,0.36,29
$GNSS,2024-08-03T09:31:29.600Z,50.8579959,3.1357448,1095.056,11.27,-1.29,5.88,1.343,1.668,0.36,29
$GNSS,2024-08-03T09:31:29.800Z,50.8580161,3.1357407,1093.858,11.24,-1.44,5.75,1.344,1.669,0.36,29
$GNSS,2024-08-03T09:31:30.000Z,50.8580364,3.1357363,1092.668,11.26,-1.58,5.89,1.344,1.669,0.36,29
$GNSS,2024-08-03T09:31:30.200Z,50.8580565,3.1357317,1091.477,11.14,-1.61,5.81,1.345,1.670,0.36,29
$GNSS,2024-08-03T09:31:30.400Z,50.8580764,3.1357272,1090.316,11.05,-1.58,5.80,1.346,1.671,0.36,29
$GNSS,2024-08-03T09:31:30.600Z,50.8580963,3.1357226,1089.149,10.98,-1.67,5.77,1.346,1.671,0.37,29
$GNSS,2024-08-03T09:31:30.800Z,50.8581160,3.1357177,1087.981,11.03,-1.71,5.72,1.347,1.671,0.36,29
$GNSS,2024-08-03T09:31:31.000Z,50.8581359,3.1357127,1086.839,11.03,-1.76,5.59,1.348,1.672,0.37,29
$GNSS,2024-08-03T09:31:31.200Z,50.8581557,3.1357079,1085.725,11.03,-1.79,5.66,1.348,1.672,0.36,29
$GNSS,2024-08-03T09:31:31.400Z,50.8581756,3.1357028,1084.591,11.10,-1.72,5.57,1.349,1.673,0.37,29
$GNSS,2024-08-03T09:31:31.600Z,50.8581955,3.1356981,1083.451,11.04,-1.58,5.60,1.350,1.674,0.36,29
$GNSS,2024-08-03T09:31:31.800Z,50.8582153,3.1356932,1082.287,11.00,-1.59,5.56,1.351,1.675,0.36,29
$GNSS,2024-08-03T09:31:32.000Z,50.8582352,3.1356887,1081.129,11.11,-1.44,5.61,1.352,1.676,0.36,29
$GNSS,2024-08-03T09:31:32.200Z,50.8582551,3.1356843,1079.971,10.99,-1.50,5.57,1.353,1.677,0.37,29
$GNSS,2024-08-03T09:31:32.400Z,50.8582748,3.1356799,1078.829,10.97,-1.44,5.49,1.354,1.678,0.36,29
$GNSS,2024-08-03T09:31:32.600Z,50.8582945,3.1356757,1077.702,10.87,-1.43,5.50,1.355,1.679,0.37,29
$GNSS,2024-08-03T09:31:32.800Z,50.8583141,3.1356711,1076.580,10.96,-1.57,5.34,1.356,1.680,0.36,29
$GNSS,2024-08-03T09:31:33.000Z,50.8583337,3.1356665,1075.509,10.89,-1.59,5.21,1.357,1.680,0.37,29
$GNSS,2024-08-03T09:31:33.200Z,50.8583532,3.1356617,1074.425,10.82,-1.56,5.21,1.358,1.681,0.36,29
$GNSS,2024-08-03T09:31:33.400Z,50.8583725,3.1356573,1073.352,10.63,-1.47,5.29,1.358,1.682,0.36,29
$GNSS,2024-08-03T09:31:33.600Z,50.8583915,3.1356525,1072.255,10.57,-1.72,5.33,1.359,1.682,0.36,29
$GNSS,2024-08-03T09:31:33.800Z,50.8584104,3.1356472,1071.113,10.40,-1.65,5.32,1.359,1.683,0.37,29
$GNSS,2024-08-03T09:31:34.000Z,50.8584290,3.1356421,1070.007,10.32,-1.75,5.34,1.359,1.683,0.36,29
$GNSS,2024-08-03T09:31:34.200Z,50.8584475,3.1356368,1068.882,10.29,-1.85,5.50,1.359,1.683,0.36,29
$GNSS,2024-08-03T09:31:34.400Z,50.8584659,3.1356315,1067.754,10.16,-1.86,5.69,1.359,1.684,0.37,29
$GNSS,2024-08-03T09:31:34.600Z,50.8584841,3.1356260,1066.604,10.17,-1.98,5.70,1.360,1.685,0.37,29
$GNSS,2024-08-03T09:31:34.800Z,50.8585022,3.1356204,1065.458,9.96,-2.06,5.73,1.361,1.686,0.37,29
$GNSS,2024-08-03T09:31:35.000Z,50.8585202,3.1356144,1064.266,10.08,-1.97,5.76,1.362,1.687,0.37,29
$GNSS,2024-08-03T09:31:35.200Z,50.8585384,3.1356086,1063.065,10.12,-1.91,5.79,1.363,1.687,0.37,29
$GNSS,2024-08-03T09:31:35.400Z,50.8585567,3.1356029,1061.887,10.22,-2.06,5.83,1.363,1.688,0.37,29
$GNSS,2024-08-03T09:31:35.600Z,50.8585751,3.1355970,1060.697,10.31,-2.02,5.74,1.364,1.689,0.37,29
$GNSS,2024-08-03T09:31:35.800Z,50.8585936,3.1355910,1059.517,10.25,-2.08,5.74,1.365,1.690,0.37,29
$GNSS,2024-08-03T09:31:36.000Z,50.8586120,3.1355850,1058.326,10.27,-1.97,5.76,1.366,1.691,0.37,29
$GNSS,2024-08-03T09:31:36.200Z,50.8586305,3.1355794,1057.171,10.31,-1.98,5.68,1.367,1.691,0.37,29
$GNSS,2024-08-03T09:31:36.400Z,50.8586491,3.1355734,1056.012,10.35,-2.13,5.68,1.368,1.692,0.37,29
$GNSS,2024-08-03T09:31:36.600Z,50.8586676,3.1355671,1054.844,10.33,-2.12,5.63,1.368,1.693,0.37,29
$GNSS,2024-08-03T09:31:36.800Z,50.8586863,3.1355609,1053.685,10.37,-2.07,5.62,1.369,1.694,0.37,29
$GNSS,2024-08-03T09:31:37.000Z,50.8587048,3.1355547,1052.535,10.25,-2.19,5.61,1.370,1.695,0.37,29
$GNSS,2024-08-03T09:31:37.200Z,50.8587232,3.1355480,1051.352,10.18,-2.26,5.63,1.371,1.696,0.37,29
$GNSS,2024-08-03T09:31:37.400Z,50.8587412,3.1355409,1050.176,9.94,-2.45,5.57,1.371,1.697,0.37,29
$GNSS,2024-08-03T09:31:37.600Z,50.8587590,3.1355334,1049.024,9.82,-2.68,5.68,1.372,1.697,0.37,29
$GNSS,2024-08-03T09:31:37.800Z,50.8587765,3.1355255,1047.840,9.67,-2.71,5.69,1.373,1.698,0.37,29
$GNSS,2024-08-03T09:31:38.000Z,50.8587938,3.1355175,1046.682,9.56,-2.80,5.69,1.374,1.699,0.37,29
$GNSS,2024-08-03T09:31:38.200Z,50.8588109,3.1355094,1045.525,9.52,-2.86,5.74,1.374,1.700,0.37,29
$GNSS,2024-08-03T09:31:38.400Z,50.8588279,3.1355010,1044.346,9.41,-2.89,5.73,1.374,1.700,0.37,29
$GNSS,2024-08-03T09:31:38.600Z,50.8588447,3.1354922,1043.141,9.28,-3.02,5.76,1.375,1.701,0.37,29
$GNSS,2024-08-03T09:31:38.800Z,50.8588614,3.1354833,1041.952,9.25,-3.01,5.73,1.375,1.701,0.37,29
$GNSS,2024-08-03T09:31:39.000Z,50.8588778,3.1354748,1040.803,9.10,-3.02,5.78,1.376,1.701,0.38,29
$GNSS,2024-08-03T09:31:39.200Z,50.8588941,3.1354654,1039.592,9.00,-3.38,5.83,1.376,1.701,0.38,29
$GNSS,2024-08-03T09:31:39.400Z,50.8589101,3.1354553,1038.353,8.87,-3.44,5.91,1.376,1.701,0.38,29
$GNSS,2024-08-03T09:31:39.600Z,50.8589259,3.1354454,1037.146,8.66,-3.50,5.92,1.377,1.702,0.39,29
$GNSS,2024-08-03T09:31:39.800Z,50.8589413,3.1354348,1035.920,8.55,-3.75,5.87,1.377,1.703,0.39,29
$GNSS,2024-08-03T09:31:40.000Z,50.8589563,3.1354241,1034.725,8.23,-3.73,5.93,1.378,1.703,0.39,29
$GNSS,2024-08-03T09:31:40.200Z,50.8589709,3.1354126,1033.457,8.01,-4.06,6.04,1.379,1.704,0.39,29
$GNSS,2024-08-03T09:31:40.400Z,50.8589851,3.1354010,1032.236,7.76,-4.08,6.11,1.380,1.704,0.39,29
$GNSS,2024-08-03T09:31:40.600Z,50.8589988,3.1353890,1030.998,7.57,-4.27,6.09,1.380,1.705,0.39,29
$GNSS,2024-08-03T09:31:40.800Z,50.8590121,3.1353761,1029.720,7.32,-4.61,6.23,1.379,1.704,0.39,29
$GNSS,2024-08-03T09:31:41.000Z,50.8590250,3.1353629,1028.452,6.99,-4.71,6.40,1.379,1.704,0.38,29
$GNSS,2024-08-03T09:31:41.200Z,50.8590372,3.1353493,1027.151,6.63,-4.88,6.44,1.378,1.704,0.38,29
$GNSS,2024-08-03T09:31:41.400Z,50.8590488,3.1353353,1025.860,6.37,-5.04,6.53,1.377,1.703,0.38,29
$GNSS,2024-08-03T09:31:41.600Z,50.8590600,3.1353207,1024.534,6.12,-5.22,6.59,1.376,1.703,0.38,29
$GNSS,2024-08-03T09:31:41.800Z,50.8590708,3.1353056,1023.205,5.90,-5.40,6.61,1.375,1.702,0.38,29
$GNSS,2024-08-03T09:31:42.000Z,50.8590810,3.1352898,1021.903,5.55,-5.68,6.45,1.374,1.701,0.37,29
$GNSS,2024-08-03T09:31:42.200Z,50.8590908,3.1352736,1020.568,5.34,-5.77,6.75,1.372,1.699,0.35,29
$GNSS,2024-08-03T09:31:42.400Z,50.8591001,3.1352570,1019.221,5.04,-5.93,6.63,1.370,1.696,0.35,29
$GNSS,2024-08-03T09:31:42.600Z,50.8591089,3.1352398,1017.890,4.82,-6.20,6.71,1.369,1.693,0.34,29
$GNSS,2024-08-03T09:31:42.800Z,50.8591174,3.1352222,1016.566,4.61,-6.27,6.58,1.367,1.691,0.34,29
$GNSS,2024-08-03T09:31:43.000Z,50.8591255,3.1352039,1015.271,4.45,-6.55,6.36,1.365,1.689,0.34,29
$GNSS,2024-08-03T09:31:43.200Z,50.8591335,3.1351853,1014.001,4.52,-6.58,6.34,1.364,1.687,0.34,29
$GNSS,2024-08-03T09:31:43.400Z,50.8591414,3.1351665,1012.725,4.35,-6.70,6.34,1.362,1.685,0.34,29
$GNSS,2024-08-03T09:31:43.600Z,50.8591493,3.1351472,1011.425,4.47,-6.83,6.45,1.361,1.683,0.34,29
$GNSS,2024-08-03T09:31:43.800Z,50.8591572,3.1351276,1010.111,4.45,-6.89,6.43,1.360,1.681,0.34,29
$GNSS,2024-08-03T09:31:44.000Z,50.8591652,3.1351079,1008.800,4.53,-6.92,6.50,1.359,1.679,0.34,29
$GNSS,2024-08-03T09:31:44.200Z,50.8591734,3.1350881,1007.465,4.71,-7.00,6.64,1.358,1.676,0.34,29
$GNSS,2024-08-03T09:31:44.400Z,50.8591819,3.1350680,1006.102,4.84,-7.01,6.62,1.357,1.675,0.34,29
$GNSS,2024-08-03T09:31:44.600Z,50.8591905,3.1350478,1004.732,4.93,-7.12,6.68,1.356,1.673,0.34,29
$GNSS,2024-08-03T09:31:44.800Z,50.8591995,3.1350276,1003.394,5.07,-7.10,6.55,1.356,1.672,0.34,29
$GNSS,2024-08-03T09:31:45.000Z,50.8592085,3.1350075,1002.063,5.11,-7.00,6.48,1.355,1.670,0.34,29
$GNSS,2024-08-03T09:31:45.200Z,50.8592177,3.1349877,1000.777,5.12,-6.91,6.35,1.355,1.669,0.34,29
$GNSS,2024-08-03T09:31:45.400Z,50.8592268,3.1349680,999.514,5.17,-6.94,6.17,1.354,1.668,0.34,29
$GNSS,2024-08-03T09:31:45.600Z,50.8592360,3.1349481,998.273,5.06,-7.11,6.17,1.354,1.666,0.34,29
$GNSS,2024-08-03T09:31:45.800Z,50.8592448,3.1349277,997.015,4.95,-7.19,6.08,1.353,1.664,0.33,29
$GNSS,2024-08-03T09:31:46.000Z,50.8592533,3.1349069,995.767,4.64,-7.31,6.12,1.352,1.663,0.34,28
$GNSS,2024-08-03T09:31:46.200Z,50.8592615,3.1348864,994.499,4.56,-7.05,6.22,1.351,1.661,0.34,28
$GNSS,2024-08-03T09:31:46.400Z,50.8592695,3.1348662,993.255,4.36,-6.96,5.98,1.351,1.659,0.33,28
$GNSS,2024-08-03T09:31:46.600Z,50.8592769,3.1348462,992.069,4.04,-6.97,5.65,1.350,1.658,0.33,28
$GNSS,2024-08-03T09:31:46.800Z,50.8592838,3.1348261,990.931,3.71,-7.08,5.52,1.349,1.657,0.33,28
$GNSS,2024-08-03T09:31:47.000Z,50.8592903,3.1348057,989.785,3.60,-7.08,5.60,1.349,1.656,0.33,28
$GNSS,2024-08-03T09:31:47.200Z,50.8592965,3.1347854,988.648,3.40,-7.06,5.38,1.349,1.654,0.33,28
$GNSS,2024-08-03T09:31:47.400Z,50.8593023,3.1347652,987.551,3.20,-6.98,5.28,1.348,1.653,0.33,28
$GNSS,2024-08-03T09:31:47.600Z,50.8593082,3.1347456,986.491,3.29,-6.77,5.25,1.348,1.652,0.33,28
$GNSS,2024-08-03T09:31:47.800Z,50.8593139,3.1347262,985.399,3.10,-6.77,5.38,1.348,1.650,0.33,28
$GNSS,2024-08-03T09:31:48.000Z,50.8593193,3.1347070,984.274,3.08,-6.61,5.44,1.348,1.649,0.33,28
$GNSS,2024-08-03T09:31:48.200Z,50.8593246,3.1346881,983.190,2.77,-6.56,5.33,1.348,1.648,0.32,28
$GNSS,2024-08-03T09:31:48.400Z,50.8593294,3.1346689,982.099,2.61,-6.80,5.33,1.348,1.647,0.32,28
$GNSS,2024-08-03T09:31:48.600Z,50.8593341,3.1346493,980.996,2.71,-6.87,5.34,1.348,1.646,0.32,28
$GNSS,2024-08-03T09:31:48.800Z,50.8593389,3.1346298,979.885,2.68,-6.67,5.41,1.348,1.645,0.32,28
$GNSS,2024-08-03T09:31:49.000Z,50.8593435,3.1346108,978.769,2.59,-6.58,5.44,1.347,1.644,0.32,28
$GNSS,2024-08-03T09:31:49.200Z,50.8593482,3.1345920,977.655,2.59,-6.62,5.51,1.348,1.644,0.34,28
$GNSS,2024-08-03T09:31:49.400Z,50.8593526,3.1345728,976.504,2.38,-6.70,5.54,1.349,1.644,0.34,28
$GNSS,2024-08-03T09:31:49.600Z,50.8593568,3.1345540,975.355,2.32,-6.44,5.62,1.349,1.644,0.34,28
$GNSS,2024-08-03T09:31:49.800Z,50.8593611,3.1345356,974.209,2.42,-6.40,5.58,1.351,1.643,0.34,28
$GNSS,2024-08-03T09:31:50.000Z,50.8593654,3.1345173,973.091,2.44,-6.42,5.43,1.352,1.643,0.34,28
$GNSS,2024-08-03T09:31:50.200Z,50.8593698,3.1344989,971.989,2.42,-6.45,5.35,1.353,1.643,0.33,28
$GNSS,2024-08-03T09:31:50.400Z,50.8593741,3.1344803,970.924,2.30,-6.57,5.18,1.354,1.643,0.33,28
$GNSS,2024-08-03T09:31:50.600Z,50.8593780,3.1344615,969.847,2.17,-6.48,5.17,1.356,1.642,0.33,28
$GNSS,2024-08-03T09:31:50.800Z,50.8593816,3.1344431,968.813,1.88,-6.43,5.05,1.357,1.642,0.32,28
$GNSS,2024-08-03T09:31:51.000Z,50.8593848,3.1344250,967.738,1.67,-6.29,5.40,1.357,1.639,0.30,28
$GNSS,2024-08-03T09:31:51.200Z,50.8593878,3.1344072,966.642,1.51,-6.11,5.55,1.356,1.636,0.29,28
$GNSS,2024-08-03T09:31:51.400Z,50.8593899,3.1343896,965.507,0.92,-6.16,5.46,1.356,1.633,0.29,28
$GNSS,2024-08-03T09:31:51.600Z,50.8593911,3.1343720,964.378,0.47,-6.10,5.52,1.356,1.631,0.30,28
$GNSS,2024-08-03T09:31:51.800Z,50.8593915,3.1343546,963.216,0.02,-6.10,5.74,1.356,1.629,0.30,28
$GNSS,2024-08-03T09:31:52.000Z,50.8593913,3.1343374,962.034,-0.24,-6.02,5.86,1.357,1.628,0.31,28
$GNSS,2024-08-03T09:31:52.200Z,50.8593905,3.1343205,960.860,-0.64,-5.83,5.77,1.357,1.626,0.30,28
$GNSS,2024-08-03T09:31:52.400Z,50.8593890,3.1343038,959.682,-0.95,-5.81,5.70,1.358,1.625,0.29,28
$GNSS,2024-08-03T09:31:52.600Z,50.8593871,3.1342870,958.548,-1.13,-5.90,5.54,1.359,1.623,0.28,28
$GNSS,2024-08-03T09:31:52.800Z,50.8593848,3.1342702,957.432,-1.38,-5.83,5.43,1.361,1.622,0.29,28
$GNSS,2024-08-03T09:31:53.000Z,50.8593822,3.1342534,956.334,-1.39,-5.85,5.26,1.362,1.621,0.28,28
$GNSS,2024-08-03T09:31:53.200Z,50.8593796,3.1342368,955.306,-1.43,-5.83,4.94,1.364,1.621,0.29,28
$GNSS,2024-08-03T09:31:53.400Z,50.8593770,3.1342202,954.285,-1.42,-5.78,5.07,1.366,1.621,0.29,28
$GNSS,2024-08-03T09:31:53.600Z,50.8593742,3.1342038,953.265,-1.53,-5.72,4.90,1.367,1.622,0.28,28
$GNSS,2024-08-03T09:31:53.800Z,50.8593713,3.1341875,952.247,-1.66,-5.65,5.00,1.369,1.622,0.29,28
$GNSS,2024-08-03T09:31:54.000Z,50.8593681,3.1341714,951.245,-1.72,-5.58,4.79,1.372,1.623,0.28,28
$GNSS,2024-08-03T09:31:54.200Z,50.8593647,3.1341554,950.239,-1.89,-5.55,4.80,1.374,1.623,0.29,28
$GNSS,2024-08-03T09:31:54.400Z,50.8593610,3.1341396,949.237,-2.06,-5.43,4.98,1.377,1.624,0.29,28
$GNSS,2024-08-03T09:31:54.600Z,50.8593571,3.1341244,948.202,-2.18,-5.22,5.06,1.380,1.624,0.30,28
$GNSS,2024-08-03T09:31:54.800Z,50.8593523,3.1341104,947.087,-2.90,-4.55,5.67,1.383,1.625,0.32,28
$GNSS,2024-08-03T09:31:55.000Z,50.8593478,3.1340971,945.955,-1.96,-4.76,5.35,1.385,1.626,0.32,28
$GNSS,2024-08-03T09:31:55.200Z,50.8593439,3.1340824,944.823,-2.11,-5.39,5.41,1.386,1.626,0.30,28
$GNSS,2024-08-03T09:31:55.400Z,50.8593385,3.1340680,943.677,-3.42,-4.67,5.48,1.387,1.626,0.30,28
$GNSS,2024-08-03T09:31:55.600Z,50.8593338,3.1340552,942.663,-2.47,-4.56,5.41,1.385,1.625,0.31,28
$GNSS,2024-08-03T09:31:55.800Z,50.8593296,3.1340418,941.645,-2.37,-4.90,5.11,1.383,1.625,0.30,28
$GNSS,2024-08-03T09:31:56.000Z,50.8593247,3.1340274,940.529,-2.80,-5.00,5.28,1.382,1.625,0.30,28
$GNSS,2024-08-03T09:31:56.200Z,50.8593196,3.1340131,939.428,-2.81,-4.97,5.29,1.383,1.624,0.31,28
$GNSS,2024-08-03T09:31:56.400Z,50.8593142,3.1339988,938.313,-3.12,-5.02,5.52,1.384,1.624,0.32,28
$GNSS,2024-08-03T09:31:56.600Z,50.8593080,3.1339852,937.153,-3.70,-4.54,5.87,1.386,1.624,0.33,28
$GNSS,2024-08-03T09:31:56.800Z,50.8593018,3.1339716,935.901,-3.24,-4.94,6.32,1.386,1.624,0.33,28
$GNSS,2024-08-03T09:31:57.000Z,50.8592960,3.1339568,934.594,-3.16,-5.44,6.47,1.386,1.626,0.32,28
$GNSS,2024-08-03T09:31:57.200Z,50.8592895,3.1339418,933.221,-3.98,-5.23,7.04,1.388,1.627,0.33,28
$GNSS,2024-08-03T09:31:57.400Z,50.8592821,3.1339267,931.754,-4.27,-5.44,7.46,1.390,1.629,0.33,28
$GNSS,2024-08-03T09:31:57.600Z,50.8592741,3.1339113,930.251,-4.47,-5.37,7.39,1.393,1.630,0.32,28
$GNSS,2024-08-03T09:31:57.800Z,50.8592661,3.1338959,928.809,-4.59,-5.54,7.27,1.395,1.631,0.32,28
$GNSS,2024-08-03T09:31:58.000Z,50.8592576,3.1338799,927.355,-4.76,-5.70,7.20,1.397,1.632,0.32,28
$GNSS,2024-08-03T09:31:58.200Z,50.8592489,3.1338633,925.966,-4.86,-5.96,6.86,1.399,1.633,0.32,28
$GNSS,2024-08-03T09:31:58.400Z,50.8592400,3.1338462,924.652,-4.99,-6.03,6.39,1.401,1.635,0.32,28
$GNSS,2024-08-03T09:31:58.600Z,50.8592308,3.1338286,923.399,-5.12,-6.30,6.05,1.404,1.636,0.31,28
$GNSS,2024-08-03T09:31:58.800Z,50.8592214,3.1338107,922.230,-5.30,-6.30,5.81,1.406,1.638,0.31,28
$GNSS,2024-08-03T09:31:59.000Z,50.8592117,3.1337926,921.116,-5.30,-6.36,5.42,1.409,1.640,0.31,28
$GNSS,2024-08-03T09:31:59.200Z,50.8592024,3.1337745,920.082,-5.17,-6.36,5.23,1.412,1.642,0.32,28
$GNSS,2024-08-03T09:31:59.400Z,50.8591933,3.1337562,919.069,-4.85,-6.40,4.94,1.414,1.644,0.32,28
$GNSS,2024-08-03T09:31:59.600Z,50.8591843,3.1337375,918.012,-4.75,-6.51,4.93,1.417,1.647,0.32,28
$GNSS,2024-08-03T09:31:59.800Z,50.8591753,3.1337190,916.974,-5.28,-6.58,5.40,1.416,1.646,0.28,28
$GNSS,2024-08-03T09:32:00.000Z,50.8591671,3.1337003,915.885,-3.83,-6.49,5.18,1.414,1.645,0.28,28
$GNSS,2024-08-03T09:32:00.200Z,50.8591600,3.1336809,914.789,-3.76,-7.03,5.27,1.416,1.647,0.30,28
$GNSS,2024-08-03T09:32:00.400Z,50.8591531,3.1336611,913.649,-3.70,-6.74,5.49,1.418,1.650,0.32,28
$GNSS,2024-08-03T09:32:00.600Z,50.8591466,3.1336414,912.486,-3.31,-6.88,5.55,1.420,1.652,0.31,28
$GNSS,2024-08-03T09:32:00.800Z,50.8591412,3.1336216,911.360,-2.73,-7.08,5.64,1.422,1.655,0.32,28
$GNSS,2024-08-03T09:32:01.000Z,50.8591367,3.1336012,910.194,-2.20,-7.15,5.67,1.424,1.658,0.30,28
$GNSS,2024-08-03T09:32:01.200Z,50.8591330,3.1335808,908.983,-1.74,-6.94,5.81,1.424,1.658,0.31,28
$GNSS,2024-08-03T09:32:01.400Z,50.8591305,3.1335603,907.799,-0.87,-7.19,5.47,1.424,1.658,0.30,28
$GNSS,2024-08-03T09:32:01.600Z,50.8591299,3.1335395,906.678,0.05,-7.24,5.55,1.423,1.659,0.30,28
$GNSS,2024-08-03T09:32:01.800Z,50.8591304,3.1335192,905.555,0.66,-6.85,5.33,1.424,1.659,0.31,28
$GNSS,2024-08-03T09:32:02.000Z,50.8591330,3.1334996,904.537,1.44,-7.04,5.55,1.423,1.658,0.29,28
$GNSS,2024-08-03T09:32:02.200Z,50.8591367,3.1334799,903.385,2.84,-6.65,5.34,1.419,1.655,0.34,28
$GNSS,2024-08-03T09:32:02.400Z,50.8591436,3.1334607,902.192,4.93,-6.64,5.79,1.417,1.653,0.37,28
$GNSS,2024-08-03T09:32:02.600Z,50.8591521,3.1334428,901.056,4.51,-5.87,5.54,1.418,1.651,0.37,28
$GNSS,2024-08-03T09:32:02.800Z,50.8591610,3.1334259,899.899,5.45,-5.85,5.62,1.419,1.650,0.37,28
$GNSS,2024-08-03T09:32:03.000Z,50.8591716,3.1334095,898.698,6.45,-5.48,5.80,1.419,1.648,0.38,28
$GNSS,2024-08-03T09:32:03.200Z,50.8591831,3.1333947,897.578,6.14,-5.01,5.73,1.418,1.647,0.37,28
$GNSS,2024-08-03T09:32:03.400Z,50.8591959,3.1333807,896.355,8.11,-4.66,5.87,1.415,1.645,0.36,28
$GNSS,2024-08-03T09:32:03.600Z,50.8592108,3.1333674,895.115,8.62,-4.52,5.89,1.411,1.643,0.36,28
$GNSS,2024-08-03T09:32:03.800Z,50.8592272,3.1333547,893.818,9.78,-4.01,5.96,1.406,1.640,0.36,28
$GNSS,2024-08-03T09:32:04.000Z,50.8592446,3.1333430,892.596,9.65,-4.04,5.72,1.404,1.636,0.36,28
$GNSS,2024-08-03T09:32:04.200Z,50.8592625,3.1333324,891.452,10.12,-3.50,5.71,1.402,1.632,0.36,28
$GNSS,2024-08-03T09:32:04.400Z,50.8592801,3.1333233,890.356,9.39,-3.05,5.60,1.398,1.629,0.36,27
$GNSS,2024-08-03T09:32:04.600Z,50.8592986,3.1333149,889.231,11.10,-2.72,5.26,1.393,1.625,0.34,27
$GNSS,2024-08-03T09:32:04.800Z,50.8593186,3.1333073,888.167,11.07,-2.64,5.15,1.387,1.621,0.32,27
$GNSS,2024-08-03T09:32:05.000Z,50.8593388,3.1333005,887.078,11.41,-2.09,5.29,1.382,1.618,0.33,27
$GNSS,2024-08-03T09:32:05.200Z,50.8593600,3.1332954,886.009,12.05,-1.49,5.11,1.376,1.616,0.32,27
$GNSS,2024-08-03T09:32:05.400Z,50.8593820,3.1332920,884.956,12.47,-0.92,5.10,1.371,1.613,0.32,27
$GNSS,2024-08-03T09:32:05.600Z,50.8594046,3.1332905,883.888,12.73,-0.17,5.34,1.366,1.609,0.32,27
$GNSS,2024-08-03T09:32:05.800Z,50.8594279,3.1332908,882.720,13.19,0.44,5.80,1.362,1.606,0.32,27
$GNSS,2024-08-03T09:32:06.000Z,50.8594526,3.1332929,881.491,14.28,1.11,6.11,1.360,1.604,0.35,27
$GNSS,2024-08-03T09:32:06.200Z,50.8594772,3.1332971,880.244,13.14,1.74,6.23,1.360,1.605,0.36,27
$GNSS,2024-08-03T09:32:06.400Z,50.8595013,3.1333028,878.969,13.64,1.90,6.86,1.360,1.605,0.35,27
$GNSS,2024-08-03T09:32:06.600Z,50.8595263,3.1333100,877.552,14.19,2.96,7.23,1.357,1.603,0.32,27
$GNSS,2024-08-03T09:32:06.800Z,50.8595522,3.1333192,876.044,14.62,3.55,7.50,1.354,1.602,0.33,27
$GNSS,2024-08-03T09:32:07.000Z,50.8595788,3.1333300,874.497,15.03,4.04,7.66,1.351,1.601,0.33,27
$GNSS,2024-08-03T09:32:07.200Z,50.8596059,3.1333427,872.921,15.22,4.89,7.90,1.348,1.599,0.33,28
$GNSS,2024-08-03T09:32:07.400Z,50.8596344,3.1333579,871.248,16.46,6.03,7.98,1.345,1.598,0.32,28
$GNSS,2024-08-03T09:32:07.600Z,50.8596632,3.1333745,869.640,15.59,5.64,8.08,1.345,1.598,0.34,28
$GNSS,2024-08-03T09:32:07.800Z,50.8596911,3.1333911,868.137,15.68,5.51,7.94,1.343,1.597,0.31,28
$GNSS,2024-08-03T09:32:08.000Z,50.8597199,3.1334088,866.530,16.27,7.07,7.71,1.340,1.596,0.33,28
$GNSS,2024-08-03T09:32:08.200Z,50.8597495,3.1334292,864.945,16.63,7.40,7.78,1.337,1.595,0.34,28
$GNSS,2024-08-03T09:32:08.400Z,50.8597795,3.1334510,863.375,16.75,8.03,7.60,1.334,1.595,0.34,28
$GNSS,2024-08-03T09:32:08.600Z,50.8598097,3.1334753,861.834,16.93,9.05,7.48,1.331,1.594,0.34,28
$GNSS,2024-08-03T09:32:08.800Z,50.8598402,3.1335010,860.361,17.02,9.01,7.25,1.329,1.593,0.30,28
$GNSS,2024-08-03T09:32:09.000Z,50.8598711,3.1335272,858.888,17.34,9.54,7.12,1.328,1.593,0.33,28
$GNSS,2024-08-03T09:32:09.200Z,50.8599015,3.1335542,857.537,16.53,9.32,6.82,1.328,1.592,0.32,28
$GNSS,2024-08-03T09:32:09.400Z,50.8599316,3.1335819,856.120,16.88,10.57,6.58,1.326,1.591,0.36,28
$GNSS,2024-08-03T09:32:09.600Z,50.8599616,3.1336124,854.761,16.56,11.26,6.38,1.324,1.591,0.39,28
$GNSS,2024-08-03T09:32:09.800Z,50.8599917,3.1336460,853.428,16.89,12.56,6.21,1.323,1.590,0.36,28
$GNSS,2024-08-03T09:32:10.000Z,50.8600216,3.1336801,852.157,16.37,11.65,6.08,1.322,1.590,0.30,28
$GNSS,2024-08-03T09:32:10.200Z,50.8600510,3.1337140,850.933,16.33,12.31,5.83,1.321,1.589,0.29,29
$GNSS,2024-08-03T09:32:10.400Z,50.8600803,3.1337487,849.788,16.40,11.91,6.03,1.318,1.589,0.32,29
$GNSS,2024-08-03T09:32:10.600Z,50.8601091,3.1337849,848.636,15.74,13.60,5.31,1.311,1.587,0.36,29
$GNSS,2024-08-03T09:32:10.800Z,50.8601375,3.1338237,847.526,15.83,13.95,5.07,1.304,1.584,0.39,29
$GNSS,2024-08-03T09:32:11.000Z,50.8601652,3.1338640,846.484,15.02,14.64,4.83,1.298,1.582,0.39,29
$GNSS,2024-08-03T09:32:11.200Z,50.8601921,3.1339082,845.506,14.85,16.47,4.78,1.295,1.581,0.37,29
$GNSS,2024-08-03T09:32:11.400Z,50.8602178,3.1339539,844.652,13.83,15.74,4.41,1.293,1.583,0.32,29
$GNSS,2024-08-03T09:32:11.600Z,50.8602422,3.1339996,843.724,13.28,16.55,4.19,1.293,1.584,0.32,29
$GNSS,2024-08-03T09:32:11.800Z,50.8602649,3.1340461,842.897,12.04,16.19,4.09,1.292,1.586,0.33,29
$GNSS,2024-08-03T09:32:12.000Z,50.8602872,3.1340938,842.109,12.86,17.00,4.33,1.290,1.584,0.40,29
$GNSS,2024-08-03T09:32:12.200Z,50.8603090,3.1341430,841.242,11.60,17.54,4.16,1.288,1.582,0.35,29
$GNSS,2024-08-03T09:32:12.400Z,50.8603295,3.1341932,840.326,11.22,17.97,4.31,1.286,1.579,0.34,29
$GNSS,2024-08-03T09:32:12.600Z,50.8603493,3.1342446,839.338,10.74,18.49,4.48,1.283,1.575,0.32,29
$GNSS,2024-08-03T09:32:12.800Z,50.8603676,3.1342967,838.315,9.80,18.62,4.44,1.278,1.571,0.29,29
$GNSS,2024-08-03T09:32:13.000Z,50.8603851,3.1343496,837.304,9.68,18.75,4.85,1.275,1.567,0.31,29
$GNSS,2024-08-03T09:32:13.200Z,50.8604022,3.1344029,836.276,9.33,19.04,4.95,1.272,1.562,0.33,29
$GNSS,2024-08-03T09:32:13.400Z,50.8604179,3.1344579,835.233,8.37,19.83,4.90,1.269,1.558,0.32,29
$GNSS,2024-08-03T09:32:13.600Z,50.8604323,3.1345145,834.164,7.74,20.10,5.06,1.266,1.554,0.30,29
$GNSS,2024-08-03T09:32:13.800Z,50.8604454,3.1345716,833.103,6.96,20.22,5.00,1.264,1.550,0.30,29
$GNSS,2024-08-03T09:32:14.000Z,50.8604567,3.1346292,832.051,5.89,20.42,4.96,1.261,1.546,0.29,29
$GNSS,2024-08-03T09:32:14.200Z,50.8604661,3.1346873,831.000,4.68,20.57,5.14,1.259,1.542,0.28,29
$GNSS,2024-08-03T09:32:14.400Z,50.8604735,3.1347457,829.851,3.71,20.54,5.62,1.257,1.538,0.28,29
$GNSS,2024-08-03T09:32:14.600Z,50.8604788,3.1348042,828.594,2.46,20.64,6.20,1.257,1.534,0.28,29
$GNSS,2024-08-03T09:32:14.800Z,50.8604819,3.1348626,827.237,1.19,20.52,6.81,1.256,1.529,0.28,29
$GNSS,2024-08-03T09:32:15.000Z,50.8604828,3.1349202,825.734,0.03,20.16,7.57,1.255,1.526,0.29,29
$GNSS,2024-08-03T09:32:15.200Z,50.8604816,3.1349766,824.123,-1.26,19.63,7.96,1.255,1.524,0.29,29
$GNSS,2024-08-03T09:32:15.400Z,50.8604782,3.1350315,822.396,-2.39,19.15,8.55,1.254,1.523,0.29,29
$GNSS,2024-08-03T09:32:15.600Z,50.8604723,3.1350853,820.577,-4.09,18.90,9.04,1.252,1.521,0.27,29
$GNSS,2024-08-03T09:32:15.800Z,50.8604637,3.1351376,818.668,-5.51,18.19,9.55,1.251,1.520,0.27,29
$GNSS,2024-08-03T09:32:16.000Z,50.8604528,3.1351879,816.691,-6.54,17.43,9.73,1.251,1.518,0.27,29
$GNSS,2024-08-03T09:32:16.200Z,50.8604398,3.1352363,814.665,-7.77,16.80,9.82,1.251,1.516,0.27,29
$GNSS,2024-08-03T09:32:16.400Z,50.8604248,3.1352829,812.672,-8.82,16.32,9.51,1.251,1.514,0.27,29
$GNSS,2024-08-03T09:32:16.600Z,50.8604080,3.1353282,810.762,-9.77,15.85,9.04,1.251,1.513,0.28,29
$GNSS,2024-08-03T09:32:16.800Z,50.8603898,3.1353725,808.931,-10.40,15.59,8.54,1.251,1.510,0.28,29
$GNSS,2024-08-03T09:32:17.000Z,50.8603705,3.1354164,807.231,-10.93,15.53,7.94,1.252,1.508,0.28,28
$GNSS,2024-08-03T09:32:17.200Z,50.8603507,3.1354601,805.641,-11.01,15.48,7.51,1.252,1.507,0.28,28
$GNSS,2024-08-03T09:32:17.400Z,50.8603310,3.1355040,804.128,-11.06,15.62,7.35,1.253,1.505,0.29,28
$GNSS,2024-08-03T09:32:17.600Z,50.8603110,3.1355483,802.651,-11.18,15.81,7.03,1.254,1.503,0.28,28
$GNSS,2024-08-03T09:32:17.800Z,50.8602909,3.1355934,801.243,-11.18,16.05,6.75,1.254,1.502,0.27,28
$GNSS,2024-08-03T09:32:18.000Z,50.8602708,3.1356393,799.876,-11.20,16.37,6.39,1.255,1.500,0.27,28
$GNSS,2024-08-03T09:32:18.200Z,50.8602506,3.1356859,798.559,-11.13,16.51,6.23,1.256,1.498,0.27,28
$GNSS,2024-08-03T09:32:18.400Z,50.8602308,3.1357328,797.298,-10.95,16.64,6.13,1.257,1.495,0.27,28
$GNSS,2024-08-03T09:32:18.600Z,50.8602112,3.1357801,796.067,-10.85,16.70,5.79,1.258,1.492,0.27,28
$GNSS,2024-08-03T09:32:18.800Z,50.8601915,3.1358274,794.863,-10.83,16.68,5.69,1.259,1.490,0.27,28
$GNSS,2024-08-03T09:32:19.000Z,50.8601720,3.1358746,793.696,-10.86,16.64,5.62,1.260,1.487,0.27,28
$GNSS,2024-08-03T09:32:19.200Z,50.8601524,3.1359218,792.550,-10.83,16.64,5.48,1.261,1.485,0.26,28
$GNSS,2024-08-03T09:32:19.400Z,50.8601331,3.1359688,791.479,-10.62,16.51,5.05,1.262,1.485,0.27,28
$GNSS,2024-08-03T09:32:19.600Z,50.8601140,3.1360153,790.444,-10.63,16.31,4.92,1.264,1.484,0.27,28
$GNSS,2024-08-03T09:32:19.800Z,50.8600947,3.1360615,789.430,-10.73,16.23,4.92,1.265,1.483,0.27,28
$GNSS,2024-08-03T09:32:20.000Z,50.8600755,3.1361074,788.441,-10.71,16.16,4.78,1.266,1.482,0.26,28
$GNSS,2024-08-03T09:32:20.200Z,50.8600563,3.1361530,787.474,-10.60,16.03,4.60,1.267,1.480,0.26,28
$GNSS,2024-08-03T09:32:20.400Z,50.8600373,3.1361983,786.522,-10.56,15.96,4.57,1.267,1.479,0.26,28
$GNSS,2024-08-03T09:32:20.600Z,50.8600184,3.1362434,785.560,-10.37,15.83,4.60,1.268,1.478,0.26,28
$GNSS,2024-08-03T09:32:20.800Z,50.8599997,3.1362880,784.600,-10.35,15.63,4.61,1.269,1.477,0.26,28
$GNSS,2024-08-03T09:32:21.000Z,50.8599811,3.1363319,783.634,-10.26,15.34,4.68,1.270,1.476,0.26,28
$GNSS,2024-08-03T09:32:21.200Z,50.8599625,3.1363755,782.656,-10.36,15.36,4.68,1.270,1.474,0.26,28
$GNSS,2024-08-03T09:32:21.400Z,50.8599440,3.1364188,781.662,-10.17,15.14,4.81,1.271,1.473,0.26,28
$GNSS,2024-08-03T09:32:21.600Z,50.8599256,3.1364615,780.662,-10.21,15.01,4.80,1.272,1.472,0.26,28
$GNSS,2024-08-03T09:32:21.800Z,50.8599073,3.1365038,779.659,-10.06,14.77,4.83,1.272,1.471,0.26,28
$GNSS,2024-08-03T09:32:22.000Z,50.8598889,3.1365453,778.656,-10.30,14.55,5.02,1.273,1.470,0.26,28
$GNSS,2024-08-03T09:32:22.200Z,50.8598704,3.1365863,777.648,-10.33,14.36,4.93,1.274,1.469,0.26,28
$GNSS,2024-08-03T09:32:22.400Z,50.8598517,3.1366265,776.663,-10.42,14.02,4.66,1.275,1.468,0.26,28
$GNSS,2024-08-03T09:32:22.600Z,50.8598329,3.1366661,775.687,-10.35,13.85,4.74,1.275,1.467,0.26,28
$GNSS,2024-08-03T09:32:22.800Z,50.8598144,3.1367051,774.702,-10.26,13.66,4.85,1.276,1.465,0.26,28
$GNSS,2024-08-03T09:32:23.000Z,50.8597957,3.1367435,773.703,-10.36,13.43,4.77,1.277,1.464,0.26,28
$GNSS,2024-08-03T09:32:23.200Z,50.8597771,3.1367811,772.731,-10.34,13.14,4.68,1.277,1.463,0.26,28
$GNSS,2024-08-03T09:32:23.400Z,50.8597585,3.1368182,771.792,-10.33,13.01,4.57,1.278,1.463,0.26,28
$GNSS,2024-08-03T09:32:23.600Z,50.8597400,3.1368549,770.847,-10.25,12.86,4.62,1.279,1.461,0.26,28
$GNSS,2024-08-03T09:32:23.800Z,50.8597214,3.1368911,769.888,-10.27,12.67,4.55,1.280,1.460,0.26,28
$GNSS,2024-08-03T09:32:24.000Z,50.8597028,3.1369266,768.933,-10.29,12.34,4.48,1.280,1.459,0.27,28
$GNSS,2024-08-03T09:32:24.200Z,50.8596842,3.1369611,767.952,-10.24,12.02,4.86,1.281,1.458,0.27,28
$GNSS,2024-08-03T09:32:24.400Z,50.8596656,3.1369951,766.909,-10.33,11.91,5.08,1.282,1.457,0.27,28
$GNSS,2024-08-03T09:32:24.600Z,50.8596469,3.1370285,765.794,-10.23,11.62,5.38,1.283,1.457,0.27,28
$GNSS,2024-08-03T09:32:24.800Z,50.8596284,3.1370612,764.638,-10.29,11.36,5.80,1.283,1.456,0.27,28
$GNSS,2024-08-03T09:32:25.000Z,50.8596096,3.1370931,763.386,-10.49,11.15,6.23,1.284,1.455,0.28,28
$GNSS,2024-08-03T09:32:25.200Z,50.8595903,3.1371246,762.024,-10.82,10.99,6.67,1.285,1.454,0.28,28
$GNSS,2024-08-03T09:32:25.400Z,50.8595707,3.1371555,760.647,-10.86,10.80,6.71,1.286,1.452,0.29,28
$GNSS,2024-08-03T09:32:25.600Z,50.8595508,3.1371861,759.265,-11.11,10.70,6.79,1.287,1.451,0.30,28
$GNSS,2024-08-03T09:32:25.800Z,50.8595305,3.1372160,757.834,-11.25,10.35,6.96,1.286,1.451,0.31,28
$GNSS,2024-08-03T09:32:26.000Z,50.8595100,3.1372453,756.448,-11.40,10.30,6.71,1.286,1.451,0.32,28
$GNSS,2024-08-03T09:32:26.200Z,50.8594893,3.1372742,755.074,-11.48,10.05,6.69,1.285,1.450,0.32,28
$GNSS,2024-08-03T09:32:26.400Z,50.8594683,3.1373027,753.739,-11.82,10.00,6.46,1.285,1.449,0.31,28
$GNSS,2024-08-03T09:32:26.600Z,50.8594469,3.1373308,752.430,-11.85,9.79,6.25,1.287,1.450,0.33,28
$GNSS,2024-08-03T09:32:26.800Z,50.8594254,3.1373582,751.153,-11.90,9.48,6.19,1.290,1.450,0.33,28
$GNSS,2024-08-03T09:32:27.000Z,50.8594037,3.1373850,749.892,-12.10,9.44,6.11,1.292,1.451,0.34,28
$GNSS,2024-08-03T09:32:27.200Z,50.8593817,3.1374116,748.667,-12.34,9.26,5.96,1.295,1.451,0.34,28
$GNSS,2024-08-03T09:32:27.400Z,50.8593594,3.1374376,747.489,-12.46,9.05,5.69,1.298,1.452,0.34,28
$GNSS,2024-08-03T09:32:27.600Z,50.8593367,3.1374628,746.342,-12.63,8.65,5.52,1.300,1.452,0.34,28
$GNSS,2024-08-03T09:32:27.800Z,50.8593140,3.1374871,745.250,-12.69,8.55,5.38,1.304,1.453,0.33,28
$GNSS,2024-08-03T09:32:28.000Z,50.8592912,3.1375123,744.124,-12.65,9.19,5.46,1.306,1.454,0.31,28
$GNSS,2024-08-03T09:32:28.200Z,50.8592686,3.1375391,742.964,-12.38,9.65,5.72,1.308,1.455,0.32,28
$GNSS,2024-08-03T09:32:28.400Z,50.8592462,3.1375661,741.783,-12.38,9.34,5.66,1.311,1.456,0.33,28
$GNSS,2024-08-03T09:32:28.600Z,50.8592238,3.1375929,740.568,-12.43,9.45,6.00,1.312,1.457,0.33,28
$GNSS,2024-08-03T09:32:28.800Z,50.8592011,3.1376200,739.320,-12.58,9.67,6.01,1.314,1.457,0.33,28
$GNSS,2024-08-03T09:32:29.000Z,50.8591786,3.1376478,738.088,-12.29,9.87,5.92,1.316,1.457,0.32,28
$GNSS,2024-08-03T09:32:29.200Z,50.8591562,3.1376760,736.862,-12.33,10.03,5.91,1.317,1.457,0.32,28
$GNSS,2024-08-03T09:32:29.400Z,50.8591336,3.1377047,735.649,-12.52,10.13,5.67,1.319,1.456,0.32,28
$GNSS,2024-08-03T09:32:29.600Z,50.8591111,3.1377334,734.484,-12.41,10.08,5.75,1.321,1.457,0.33,28
$GNSS,2024-08-03T09:32:29.800Z,50.8590886,3.1377619,733.303,-12.39,9.92,5.60,1.322,1.458,0.33,28
$GNSS,2024-08-03T09:32:30.000Z,50.8590663,3.1377896,732.152,-12.31,9.61,5.69,1.324,1.458,0.33,28
$GNSS,2024-08-03T09:32:30.200Z,50.8590441,3.1378166,730.974,-12.40,9.33,5.80,1.325,1.456,0.33,28
$GNSS,2024-08-03T09:32:30.400Z,50.8590219,3.1378426,729.786,-12.26,8.98,5.84,1.327,1.453,0.33,28
$GNSS,2024-08-03T09:32:30.600Z,50.8589995,3.1378678,728.576,-12.56,8.73,5.92,1.328,1.450,0.33,28
$GNSS,2024-08-03T09:32:30.800Z,50.8589768,3.1378922,727.338,-12.45,8.38,5.77,1.329,1.447,0.34,28
$GNSS,2024-08-03T09:32:31.000Z,50.8589542,3.1379153,726.139,-12.53,7.82,5.80,1.329,1.443,0.34,28
$GNSS,2024-08-03T09:32:31.200Z,50.8589316,3.1379380,724.923,-12.37,8.12,5.85,1.328,1.443,0.33,28
$GNSS,2024-08-03T09:32:31.400Z,50.8589095,3.1379604,723.772,-12.19,7.63,5.74,1.328,1.444,0.35,28
$GNSS,2024-08-03T09:32:31.600Z,50.8588883,3.1379822,722.581,-11.47,7.71,5.91,1.329,1.445,0.34,28
$GNSS,2024-08-03T09:32:31.800Z,50.8588668,3.1380037,721.381,-12.32,7.32,5.82,1.330,1.446,0.34,28
$GNSS,2024-08-03T09:32:32.000Z,50.8588448,3.1380246,720.192,-12.22,7.37,5.85,1.331,1.447,0.35,28
$GNSS,2024-08-03T09:32:32.200Z,50.8588230,3.1380455,718.998,-12.02,7.33,5.80,1.333,1.448,0.35,28
$GNSS,2024-08-03T09:32:32.400Z,50.8588012,3.1380664,717.799,-12.15,7.32,5.84,1.335,1.449,0.35,28
$GNSS,2024-08-03T09:32:32.600Z,50.8587793,3.1380872,716.568,-12.13,7.25,5.95,1.336,1.449,0.34,28
$GNSS,2024-08-03T09:32:32.800Z,50.8587574,3.1381078,715.337,-12.12,7.18,6.02,1.337,1.449,0.34,28
$GNSS,2024-08-03T09:32:33.000Z,50.8587358,3.1381283,714.116,-12.03,7.19,6.05,1.339,1.449,0.35,28
$GNSS,2024-08-03T09:32:33.200Z,50.8587142,3.1381489,712.893,-12.06,7.28,6.08,1.341,1.450,0.35,28
$GNSS,2024-08-03T09:32:33.400Z,50.8586926,3.1381694,711.668,-12.08,7.17,6.11,1.343,1.451,0.35,28
$GNSS,2024-08-03T09:32:33.600Z,50.8586708,3.1381898,710.421,-12.18,7.18,6.20,1.345,1.452,0.35,28
$GNSS,2024-08-03T09:32:33.800Z,50.8586489,3.1382101,709.148,-12.18,7.07,6.33,1.347,1.452,0.35,28
$GNSS,2024-08-03T09:32:34.000Z,50.8586271,3.1382302,707.854,-12.04,6.99,6.45,1.349,1.452,0.34,28
$GNSS,2024-08-03T09:32:34.200Z,50.8586053,3.1382499,706.528,-12.08,6.89,6.43,1.350,1.452,0.35,28
$GNSS,2024-08-03T09:32:34.400Z,50.8585831,3.1382695,705.188,-12.22,6.88,6.39,1.352,1.451,0.35,28
$GNSS,2024-08-03T09:32:34.600Z,50.8585607,3.1382889,703.825,-12.27,6.74,6.48,1.354,1.451,0.35,28
$GNSS,2024-08-03T09:32:34.800Z,50.8585383,3.1383079,702.480,-12.39,6.63,6.46,1.356,1.451,0.35,28
$GNSS,2024-08-03T09:32:35.000Z,50.8585157,3.1383266,701.136,-12.45,6.50,6.43,1.357,1.450,0.35,28
$GNSS,2024-08-03T09:32:35.200Z,50.8584930,3.1383450,699.822,-12.54,6.42,6.30,1.359,1.450,0.35,28
$GNSS,2024-08-03T09:32:35.400Z,50.8584702,3.1383631,698.540,-12.64,6.34,6.12,1.361,1.450,0.36,28
$GNSS,2024-08-03T09:32:35.600Z,50.8584472,3.1383809,697.294,-12.67,6.15,5.95,1.364,1.451,0.37,28
$GNSS,2024-08-03T09:32:35.800Z,50.8584243,3.1383982,696.084,-12.63,6.03,5.82,1.366,1.451,0.37,28
$GNSS,2024-08-03T09:32:36.000Z,50.8584013,3.1384152,694.909,-12.70,5.96,5.56,1.369,1.451,0.37,28
$GNSS,2024-08-03T09:32:36.200Z,50.8583783,3.1384319,693.756,-12.62,5.82,5.58,1.371,1.451,0.37,28
$GNSS,2024-08-03T09:32:36.400Z,50.8583557,3.1384483,692.616,-12.42,5.71,5.54,1.374,1.452,0.37,28
$GNSS,2024-08-03T09:32:36.600Z,50.8583333,3.1384645,691.494,-12.35,5.71,5.46,1.377,1.453,0.37,28
$GNSS,2024-08-03T09:32:36.800Z,50.8583108,3.1384808,690.371,-12.39,5.71,5.33,1.380,1.454,0.37,28
$GNSS,2024-08-03T09:32:37.000Z,50.8582885,3.1384968,689.290,-12.34,5.60,5.25,1.383,1.455,0.38,28
$GNSS,2024-08-03T09:32:37.200Z,50.8582661,3.1385126,688.218,-12.41,5.51,5.20,1.386,1.456,0.37,28
$GNSS,2024-08-03T09:32:37.400Z,50.8582435,3.1385283,687.132,-12.37,5.58,5.25,1.388,1.457,0.38,28
$GNSS,2024-08-03T09:32:37.600Z,50.8582215,3.1385441,686.067,-11.99,5.55,5.18,1.391,1.458,0.38,28
$GNSS,2024-08-03T09:32:37.800Z,50.8581998,3.1385599,684.995,-12.04,5.61,5.24,1.392,1.458,0.38,28
$GNSS,2024-08-03T09:32:38.000Z,50.8581775,3.1385758,683.914,-12.37,5.57,5.09,1.392,1.458,0.37,28
$GNSS,2024-08-03T09:32:38.200Z,50.8581553,3.1385919,682.867,-12.17,5.82,5.17,1.392,1.459,0.41,28
$GNSS,2024-08-03T09:32:38.400Z,50.8581334,3.1386084,681.814,-11.90,5.79,5.02,1.390,1.460,0.40,28
$GNSS,2024-08-03T09:32:38.600Z,50.8581120,3.1386249,680.782,-11.51,5.89,4.89,1.387,1.460,0.38,28
$GNSS,2024-08-03T09:32:38.800Z,50.8580912,3.1386414,679.709,-11.57,5.75,5.45,1.386,1.460,0.35,28
$GNSS,2024-08-03T09:32:39.000Z,50.8580704,3.1386578,678.644,-11.59,5.73,5.20,1.386,1.461,0.37,28
$GNSS,2024-08-03T09:32:39.200Z,50.8580495,3.1386741,677.592,-11.50,5.78,5.05,1.387,1.463,0.37,28
$GNSS,2024-08-03T09:32:39.400Z,50.8580287,3.1386904,676.571,-11.48,5.70,4.89,1.388,1.464,0.37,28
$GNSS,2024-08-03T09:32:39.600Z,50.8580081,3.1387060,675.528,-11.30,5.31,5.23,1.390,1.464,0.37,28
$GNSS,2024-08-03T09:32:39.800Z,50.8579880,3.1387220,674.478,-11.25,5.96,5.42,1.393,1.467,0.36,27
$GNSS,2024-08-03T09:32:40.000Z,50.8579673,3.1387398,673.280,-11.45,6.59,5.88,1.396,1.471,0.35,27
$GNSS,2024-08-03T09:32:40.200Z,50.8579466,3.1387591,671.978,-11.48,7.05,6.73,1.399,1.474,0.34,27
$GNSS,2024-08-03T09:32:40.400Z,50.8579260,3.1387801,670.525,-11.18,7.67,7.24,1.402,1.477,0.33,27
$GNSS,2024-08-03T09:32:40.600Z,50.8579057,3.1388016,668.985,-11.42,7.48,7.86,1.404,1.479,0.36,27
$GNSS,2024-08-03T09:32:40.800Z,50.8578849,3.1388236,667.343,-11.50,8.03,8.17,1.406,1.481,0.35,27
$GNSS,2024-08-03T09:32:41.000Z,50.8578639,3.1388470,665.617,-11.57,8.38,8.52,1.409,1.483,0.35,27
$GNSS,2024-08-03T09:32:41.200Z,50.8578427,3.1388717,663.834,-11.86,8.94,8.94,1.411,1.485,0.35,28
$GNSS,2024-08-03T09:32:41.400Z,50.8578212,3.1388976,662.019,-11.95,9.32,8.86,1.412,1.485,0.33,28
$GNSS,2024-08-03T09:32:41.600Z,50.8577993,3.1389246,660.273,-12.27,9.72,8.53,1.412,1.484,0.32,28
$GNSS,2024-08-03T09:32:41.800Z,50.8577771,3.1389526,658.560,-12.29,9.95,8.39,1.412,1.483,0.31,28
$GNSS,2024-08-03T09:32:42.000Z,50.8577548,3.1389808,656.894,-12.47,9.96,8.21,1.413,1.482,0.31,28
$GNSS,2024-08-03T09:32:42.200Z,50.8577319,3.1390088,655.255,-12.77,9.74,7.91,1.413,1.481,0.31,28
$GNSS,2024-08-03T09:32:42.400Z,50.8577085,3.1390362,653.637,-13.02,9.52,7.83,1.414,1.478,0.32,28
$GNSS,2024-08-03T09:32:42.600Z,50.8576849,3.1390627,652.045,-13.07,9.14,7.86,1.415,1.475,0.32,28
$GNSS,2024-08-03T09:32:42.800Z,50.8576608,3.1390879,650.417,-13.35,8.68,7.84,1.416,1.473,0.33,28
$GNSS,2024-08-03T09:32:43.000Z,50.8576365,3.1391119,648.827,-13.48,8.22,7.73,1.418,1.472,0.34,28
$GNSS,2024-08-03T09:32:43.200Z,50.8576122,3.1391347,647.278,-13.53,7.85,7.64,1.421,1.471,0.35,28
$GNSS,2024-08-03T09:32:43.400Z,50.8575873,3.1391566,645.685,-13.69,7.58,7.70,1.423,1.470,0.35,28
$GNSS,2024-08-03T09:32:43.600Z,50.8575626,3.1391780,644.128,-13.69,7.46,7.61,1.425,1.469,0.35,28
$GNSS,2024-08-03T09:32:43.800Z,50.8575382,3.1391988,642.587,-13.26,7.28,7.45,1.427,1.468,0.35,28
$GNSS,2024-08-03T09:32:44.000Z,50.8575138,3.1392197,641.019,-13.73,7.45,7.96,1.430,1.467,0.36,28
$GNSS,2024-08-03T09:32:44.200Z,50.8574883,3.1392410,639.344,-14.14,7.58,8.10,1.432,1.466,0.35,28
$GNSS,2024-08-03T09:32:44.400Z,50.8574624,3.1392624,637.622,-14.27,7.45,8.57,1.434,1.466,0.36,28
$GNSS,2024-08-03T09:32:44.600Z,50.8574369,3.1392839,635.869,-13.99,7.75,8.60,1.435,1.464,0.34,28
$GNSS,2024-08-03T09:32:44.800Z,50.8574118,3.1393062,634.052,-13.71,7.91,9.13,1.435,1.462,0.33,28
$GNSS,2024-08-03T09:32:45.000Z,50.8573866,3.1393290,632.207,-14.36,8.13,9.31,1.435,1.460,0.33,28
$GNSS,2024-08-03T09:32:45.200Z,50.8573606,3.1393524,630.331,-14.47,8.37,9.35,1.435,1.458,0.34,28
$GNSS,2024-08-03T09:32:45.400Z,50.8573345,3.1393767,628.438,-14.50,8.72,9.45,1.435,1.455,0.34,28
$GNSS,2024-08-03T09:32:45.600Z,50.8573081,3.1394017,626.499,-14.48,8.92,9.47,1.436,1.453,0.34,28
$GNSS,2024-08-03T09:32:45.800Z,50.8572819,3.1394271,624.562,-14.38,8.98,9.49,1.435,1.450,0.33,28
$GNSS,2024-08-03T09:32:46.000Z,50.8572559,3.1394530,622.710,-14.75,9.25,9.18,1.435,1.448,0.33,28
$GNSS,2024-08-03T09:32:46.200Z,50.8572290,3.1394794,620.862,-14.96,9.35,9.02,1.434,1.447,0.33,28
$GNSS,2024-08-03T09:32:46.400Z,50.8572017,3.1395060,619.002,-15.03,9.39,9.04,1.434,1.446,0.33,28
$GNSS,2024-08-03T09:32:46.600Z,50.8571741,3.1395327,617.149,-15.20,9.43,8.85,1.433,1.444,0.33,28
$GNSS,2024-08-03T09:32:46.800Z,50.8571462,3.1395595,615.319,-15.39,9.53,8.90,1.432,1.442,0.33,28
$GNSS,2024-08-03T09:32:47.000Z,50.8571181,3.1395869,613.518,-15.63,9.76,8.77,1.431,1.440,0.32,28
$GNSS,2024-08-03T09:32:47.200Z,50.8570887,3.1396148,611.664,-16.53,9.92,9.07,1.431,1.440,0.35,28
$GNSS,2024-08-03T09:32:47.400Z,50.8570592,3.1396426,609.853,-15.71,9.69,8.53,1.429,1.439,0.35,28
$GNSS,2024-08-03T09:32:47.600Z,50.8570309,3.1396701,608.052,-15.38,9.73,8.78,1.428,1.439,0.32,28
$GNSS,2024-08-03T09:32:47.800Z,50.8570024,3.1396982,606.286,-15.91,10.06,8.51,1.427,1.438,0.34,28
$GNSS,2024-08-03T09:32:48.000Z,50.8569737,3.1397268,604.558,-16.04,10.07,8.67,1.427,1.437,0.34,28
$GNSS,2024-08-03T09:32:48.200Z,50.8569448,3.1397554,602.836,-15.92,10.07,8.35,1.427,1.437,0.34,28
$GNSS,2024-08-03T09:32:48.400Z,50.8569158,3.1397842,601.110,-15.96,10.23,8.42,1.426,1.436,0.33,28
$GNSS,2024-08-03T09:32:48.600Z,50.8568869,3.1398137,599.387,-16.00,10.54,8.42,1.426,1.435,0.33,28
$GNSS,2024-08-03T09:32:48.800Z,50.8568579,3.1398436,597.671,-15.94,10.54,8.36,1.426,1.434,0.33,28
$GNSS,2024-08-03T09:32:49.000Z,50.8568292,3.1398740,595.988,-15.85,10.85,8.25,1.424,1.432,0.32,28
$GNSS,2024-08-03T09:32:49.200Z,50.8568005,3.1399047,594.315,-15.84,10.75,8.01,1.421,1.430,0.31,28
$GNSS,2024-08-03T09:32:49.400Z,50.8567716,3.1399345,592.619,-15.75,10.34,8.01,1.417,1.426,0.28,28
$GNSS,2024-08-03T09:32:49.600Z,50.8567432,3.1399652,591.041,-15.92,11.29,7.84,1.414,1.426,0.28,28
$GNSS,2024-08-03T09:32:49.800Z,50.8567143,3.1399970,589.457,-15.93,11.08,7.62,1.412,1.428,0.29,28
$GNSS,2024-08-03T09:32:50.000Z,50.8566859,3.1400287,587.916,-15.58,11.27,7.61,1.410,1.429,0.28,28
$GNSS,2024-08-03T09:32:50.200Z,50.8566580,3.1400625,586.343,-15.48,12.52,7.97,1.410,1.432,0.30,28
$GNSS,2024-08-03T09:32:50.400Z,50.8566303,3.1400960,584.772,-15.14,11.02,7.47,1.411,1.435,0.34,28
$GNSS,2024-08-03T09:32:50.600Z,50.8566026,3.1401277,583.287,-15.54,11.31,7.34,1.411,1.438,0.34,28
$GNSS,2024-08-03T09:32:50.800Z,50.8565743,3.1401596,581.806,-15.74,11.11,7.15,1.411,1.440,0.34,28
$GNSS,2024-08-03T09:32:51.000Z,50.8565460,3.1401910,580.379,-15.61,10.98,7.08,1.411,1.441,0.34,28
$GNSS,2024-08-03T09:32:51.200Z,50.8565183,3.1402219,578.990,-15.39,10.75,6.96,1.410,1.442,0.34,28
$GNSS,2024-08-03T09:32:51.400Z,50.8564904,3.1402523,577.524,-15.59,10.66,7.31,1.409,1.442,0.32,28
$GNSS,2024-08-03T09:32:51.600Z,50.8564626,3.1402829,576.045,-15.16,10.82,7.15,1.405,1.437,0.31,28
$GNSS,2024-08-03T09:32:51.800Z,50.8564352,3.1403134,574.568,-15.06,10.68,7.19,1.404,1.436,0.31,28
$GNSS,2024-08-03T09:32:52.000Z,50.8564076,3.1403434,573.180,-15.70,10.38,6.70,1.403,1.437,0.32,28
$GNSS,2024-08-03T09:32:52.200Z,50.8563795,3.1403725,571.850,-15.57,9.98,6.47,1.402,1.439,0.33,28
$GNSS,2024-08-03T09:32:52.400Z,50.8563515,3.1404006,570.536,-15.39,9.77,6.37,1.400,1.440,0.32,28
$GNSS,2024-08-03T09:32:52.600Z,50.8563241,3.1404284,569.280,-15.23,9.70,6.33,1.398,1.442,0.33,28
$GNSS,2024-08-03T09:32:52.800Z,50.8562969,3.1404552,568.090,-15.01,9.23,5.58,1.396,1.443,0.33,28
$GNSS,2024-08-03T09:32:53.000Z,50.8562699,3.1404809,567.057,-14.89,8.87,4.68,1.394,1.444,0.33,28
$GNSS,2024-08-03T09:32:53.200Z,50.8562434,3.1405057,566.226,-14.49,8.71,3.68,1.392,1.444,0.34,28
$GNSS,2024-08-03T09:32:53.400Z,50.8562175,3.1405299,565.550,-14.11,8.36,3.03,1.391,1.445,0.34,28
$GNSS,2024-08-03T09:32:53.600Z,50.8561923,3.1405532,564.907,-13.74,8.03,3.04,1.389,1.446,0.34,28
$GNSS,2024-08-03T09:32:53.800Z,50.8561681,3.1405758,564.269,-13.18,7.85,3.15,1.388,1.446,0.33,28
$GNSS,2024-08-03T09:32:54.000Z,50.8561447,3.1405976,563.657,-12.86,7.50,2.93,1.386,1.446,0.32,28
$GNSS,2024-08-03T09:32:54.200Z,50.8561218,3.1406187,563.066,-12.61,7.30,2.91,1.384,1.447,0.32,28
$GNSS,2024-08-03T09:32:54.400Z,50.8560995,3.1406393,562.492,-12.34,7.19,2.83,1.383,1.447,0.34,28
$GNSS,2024-08-03T09:32:54.600Z,50.8560776,3.1406600,561.905,-12.06,7.36,2.91,1.383,1.448,0.34,28
$GNSS,2024-08-03T09:32:54.800Z,50.8560563,3.1406812,561.279,-11.62,7.50,3.15,1.382,1.449,0.33,28
$GNSS,2024-08-03T09:32:55.000Z,50.8560356,3.1407028,560.582,-11.35,7.70,3.45,1.381,1.449,0.33,28
$GNSS,2024-08-03T09:32:55.200Z,50.8560153,3.1407248,559.822,-11.06,7.78,3.70,1.380,1.450,0.32,28
$GNSS,2024-08-03T09:32:55.400Z,50.8559955,3.1407472,559.019,-10.89,7.98,3.94,1.378,1.450,0.32,28
$GNSS,2024-08-03T09:32:55.600Z,50.8559761,3.1407703,558.169,-10.67,8.32,4.27,1.377,1.451,0.32,28
$GNSS,2024-08-03T09:32:55.800Z,50.8559570,3.1407943,557.228,-10.43,8.60,4.60,1.375,1.451,0.33,28
$GNSS,2024-08-03T09:32:56.000Z,50.8559383,3.1408191,556.184,-10.37,8.74,5.50,1.374,1.452,0.33,28
$GNSS,2024-08-03T09:32:56.200Z,50.8559192,3.1408443,555.043,-10.85,8.97,5.84,1.373,1.454,0.31,28
$GNSS,2024-08-03T09:32:56.400Z,50.8558996,3.1408698,553.688,-10.86,9.00,7.04,1.372,1.452,0.32,28
$GNSS,2024-08-03T09:32:56.600Z,50.8558800,3.1408957,552.196,-10.94,9.14,7.80,1.370,1.450,0.35,28
$GNSS,2024-08-03T09:32:56.800Z,50.8558603,3.1409219,550.548,-11.04,9.29,8.49,1.368,1.447,0.32,28
$GNSS,2024-08-03T09:32:57.000Z,50.8558407,3.1409486,548.795,-10.89,9.48,9.02,1.363,1.444,0.31,28
$GNSS,2024-08-03T09:32:57.200Z,50.8558211,3.1409753,546.929,-11.02,9.37,9.59,1.358,1.441,0.31,28
$GNSS,2024-08-03T09:32:57.400Z,50.8558010,3.1410019,544.959,-11.46,9.35,10.10,1.352,1.438,0.30,28
$GNSS,2024-08-03T09:32:57.600Z,50.8557800,3.1410282,542.941,-11.92,9.16,10.13,1.346,1.435,0.29,28
$GNSS,2024-08-03T09:32:57.800Z,50.8557581,3.1410543,540.872,-12.31,9.24,10.37,1.343,1.433,0.30,28
$GNSS,2024-08-03T09:32:58.000Z,50.8557354,3.1410802,538.736,-12.89,9.01,10.77,1.339,1.431,0.30,28
$GNSS,2024-08-03T09:32:58.200Z,50.8557121,3.1411054,536.577,-13.08,8.74,10.73,1.335,1.429,0.30,28
$GNSS,2024-08-03T09:32:58.400Z,50.8556888,3.1411297,534.356,-12.94,8.40,11.38,1.332,1.426,0.29,28
$GNSS,2024-08-03T09:32:58.600Z,50.8556648,3.1411534,532.110,-13.95,8.21,11.27,1.331,1.425,0.32,28
$GNSS,2024-08-03T09:32:58.800Z,50.8556394,3.1411758,529.892,-14.34,7.55,11.07,1.331,1.424,0.33,28
$GNSS,2024-08-03T09:32:59.000Z,50.8556131,3.1411948,527.586,-14.81,5.90,11.49,1.332,1.423,0.34,28
$GNSS,2024-08-03T09:32:59.200Z,50.8555863,3.1412129,525.349,-15.11,6.83,11.14,1.335,1.425,0.35,28
$GNSS,2024-08-03T09:32:59.400Z,50.8555588,3.1412320,523.113,-15.41,6.62,10.98,1.339,1.427,0.36,28
$GNSS,2024-08-03T09:32:59.600Z,50.8555309,3.1412505,520.915,-15.58,6.47,10.93,1.343,1.430,0.36,28
$GNSS,2024-08-03T09:32:59.800Z,50.8555019,3.1412693,518.691,-16.45,6.74,10.94,1.348,1.433,0.36,28
$GNSS,2024-08-03T09:33:00.000Z,50.8554724,3.1412869,516.526,-16.46,5.70,10.73,1.349,1.434,0.37,28
$GNSS,2024-08-03T09:33:00.200Z,50.8554424,3.1413029,514.369,-16.67,5.52,10.38,1.347,1.434,0.35,28
$GNSS,2024-08-03T09:33:00.400Z,50.8554118,3.1413183,512.298,-17.06,5.34,9.94,1.345,1.433,0.34,28
$GNSS,2024-08-03T09:33:00.600Z,50.8553805,3.1413332,510.292,-17.53,5.18,9.83,1.339,1.429,0.30,28
$GNSS,2024-08-03T09:33:00.800Z,50.8553485,3.1413476,508.322,-17.70,4.95,9.37,1.333,1.425,0.30,28
$GNSS,2024-08-03T09:33:01.000Z,50.8553166,3.1413614,506.492,-17.92,4.79,8.94,1.329,1.423,0.33,28
$GNSS,2024-08-03T09:33:01.200Z,50.8552843,3.1413749,504.748,-18.04,4.70,8.52,1.325,1.421,0.33,28
$GNSS,2024-08-03T09:33:01.400Z,50.8552525,3.1413888,503.108,-17.42,5.01,8.04,1.324,1.421,0.36,28
$GNSS,2024-08-03T09:33:01.600Z,50.8552209,3.1414019,501.510,-17.89,4.16,8.04,1.324,1.421,0.34,28
$GNSS,2024-08-03T09:33:01.800Z,50.8551884,3.1414138,499.919,-18.17,4.17,7.65,1.323,1.421,0.34,28
$GNSS,2024-08-03T09:33:02.000Z,50.8551558,3.1414251,498.412,-18.16,3.81,7.41,1.323,1.421,0.36,28
$GNSS,2024-08-03T09:33:02.200Z,50.8551230,3.1414352,496.968,-18.21,3.27,6.90,1.323,1.420,0.37,28
$GNSS,2024-08-03T09:33:02.400Z,50.8550906,3.1414443,495.547,-17.81,3.19,7.02,1.325,1.420,0.41,28
$GNSS,2024-08-03T09:33:02.600Z,50.8550591,3.1414530,494.143,-17.21,2.99,6.92,1.328,1.421,0.38,28
$GNSS,2024-08-03T09:33:02.800Z,50.8550280,3.1414615,492.778,-17.34,3.09,6.53,1.333,1.425,0.40,28
$GNSS,2024-08-03T09:33:03.000Z,50.8549967,3.1414705,491.481,-17.33,3.29,6.27,1.338,1.430,0.40,28
$GNSS,2024-08-03T09:33:03.200Z,50.8549661,3.1414822,490.294,-16.78,4.93,5.76,1.343,1.432,0.35,28
$GNSS,2024-08-03T09:33:03.400Z,50.8549361,3.1414932,489.013,-16.48,2.88,6.63,1.347,1.436,0.42,28
$GNSS,2024-08-03T09:33:03.600Z,50.8549060,3.1415013,487.713,-16.61,2.93,6.19,1.351,1.441,0.42,27
$GNSS,2024-08-03T09:33:03.800Z,50.8548763,3.1415096,486.529,-16.45,2.94,5.84,1.356,1.449,0.43,27
$GNSS,2024-08-03T09:33:04.000Z,50.8548468,3.1415176,485.382,-16.26,2.67,5.65,1.361,1.457,0.44,27
$GNSS,2024-08-03T09:33:04.200Z,50.8548173,3.1415247,484.333,-16.55,2.39,5.12,1.365,1.464,0.43,27
$GNSS,2024-08-03T09:33:04.400Z,50.8547875,3.1415314,483.179,-16.36,2.27,5.90,1.368,1.466,0.40,27
$GNSS,2024-08-03T09:33:04.600Z,50.8547583,3.1415381,481.980,-15.77,2.47,5.74,1.369,1.467,0.44,28
$GNSS,2024-08-03T09:33:04.800Z,50.8547298,3.1415450,480.767,-15.45,2.49,5.92,1.369,1.469,0.44,28
$GNSS,2024-08-03T09:33:05.000Z,50.8547021,3.1415521,479.599,-15.30,2.44,5.93,1.369,1.470,0.42,28
$GNSS,2024-08-03T09:33:05.200Z,50.8546746,3.1415587,478.384,-15.09,2.22,5.98,1.368,1.470,0.40,28
$GNSS,2024-08-03T09:33:05.400Z,50.8546473,3.1415650,477.139,-14.97,2.19,6.18,1.366,1.471,0.39,28
$GNSS,2024-08-03T09:33:05.600Z,50.8546203,3.1415710,475.882,-14.94,2.10,6.32,1.364,1.472,0.37,28
$GNSS,2024-08-03T09:33:05.800Z,50.8545934,3.1415766,474.584,-14.87,1.87,6.39,1.362,1.473,0.38,28
$GNSS,2024-08-03T09:33:06.000Z,50.8545665,3.1415816,473.268,-14.87,1.70,6.36,1.360,1.473,0.37,28
$GNSS,2024-08-03T09:33:06.200Z,50.8545396,3.1415863,471.952,-14.87,1.56,6.50,1.359,1.473,0.37,28
$GNSS,2024-08-03T09:33:06.400Z,50.8545129,3.1415906,470.620,-14.80,1.49,6.60,1.357,1.473,0.38,28
$GNSS,2024-08-03T09:33:06.600Z,50.8544863,3.1415945,469.265,-14.79,1.34,6.82,1.356,1.474,0.38,28
$GNSS,2024-08-03T09:33:06.800Z,50.8544597,3.1415982,467.863,-14.67,1.25,6.81,1.355,1.475,0.38,28
$GNSS,2024-08-03T09:33:07.000Z,50.8544332,3.1416015,466.447,-14.78,1.10,6.97,1.354,1.476,0.38,28
$GNSS,2024-08-03T09:33:07.200Z,50.8544064,3.1416044,465.004,-14.90,0.93,7.04,1.353,1.477,0.38,28
$GNSS,2024-08-03T09:33:07.400Z,50.8543796,3.1416072,463.542,-14.89,0.95,7.25,1.352,1.479,0.38,28
$GNSS,2024-08-03T09:33:07.600Z,50.8543528,3.1416100,462.079,-14.96,0.99,7.36,1.351,1.480,0.38,28
$GNSS,2024-08-03T09:33:07.800Z,50.8543259,3.1416127,460.579,-14.90,0.88,7.24,1.350,1.482,0.37,28
$GNSS,2024-08-03T09:33:08.000Z,50.8542990,3.1416153,459.086,-14.97,0.93,7.36,1.349,1.483,0.37,28
$GNSS,2024-08-03T09:33:08.200Z,50.8542722,3.1416181,457.588,-14.91,0.97,7.41,1.347,1.483,0.37,28
$GNSS,2024-08-03T09:33:08.400Z,50.8542453,3.1416210,456.090,-14.96,1.07,7.31,1.346,1.483,0.37,28
$GNSS,2024-08-03T09:33:08.600Z,50.8542180,3.1416242,454.643,-15.24,1.24,6.93,1.344,1.482,0.36,28
$GNSS,2024-08-03T09:33:08.800Z,50.8541907,3.1416280,453.242,-15.19,1.36,6.95,1.343,1.481,0.36,28
$GNSS,2024-08-03T09:33:09.000Z,50.8541634,3.1416321,451.815,-15.19,1.54,7.14,1.341,1.480,0.36,28
$GNSS,2024-08-03T09:33:09.200Z,50.8541360,3.1416368,450.363,-15.19,1.74,7.13,1.340,1.479,0.36,28
$GNSS,2024-08-03T09:33:09.400Z,50.8541086,3.1416418,448.921,-15.27,1.80,6.99,1.338,1.478,0.36,28
$GNSS,2024-08-03T09:33:09.600Z,50.8540810,3.1416473,447.540,-15.44,2.03,6.73,1.336,1.477,0.35,28
$GNSS,2024-08-03T09:33:09.800Z,50.8540531,3.1416531,446.161,-15.48,2.05,6.86,1.334,1.476,0.35,28
$GNSS,2024-08-03T09:33:10.000Z,50.8540252,3.1416591,444.812,-15.63,2.11,6.74,1.332,1.475,0.35,28
$GNSS,2024-08-03T09:33:10.200Z,50.8539971,3.1416652,443.472,-15.61,2.14,6.56,1.331,1.474,0.35,28
$GNSS,2024-08-03T09:33:10.400Z,50.8539689,3.1416713,442.155,-15.75,2.18,6.48,1.329,1.473,0.35,28
$GNSS,2024-08-03T09:33:10.600Z,50.8539405,3.1416776,440.841,-15.84,2.19,6.57,1.327,1.472,0.35,28
$GNSS,2024-08-03T09:33:10.800Z,50.8539121,3.1416837,439.523,-15.82,2.10,6.57,1.327,1.471,0.36,28
$GNSS,2024-08-03T09:33:11.000Z,50.8538838,3.1416898,438.200,-15.78,2.17,6.51,1.326,1.471,0.35,28
$GNSS,2024-08-03T09:33:11.200Z,50.8538553,3.1416959,436.939,-15.93,2.12,6.21,1.325,1.470,0.35,28
$GNSS,2024-08-03T09:33:11.400Z,50.8538265,3.1417020,435.692,-16.02,2.12,6.12,1.324,1.469,0.36,28
$GNSS,2024-08-03T09:33:11.600Z,50.8537977,3.1417080,434.441,-16.05,2.11,6.36,1.324,1.469,0.36,28
$GNSS,2024-08-03T09:33:11.800Z,50.8537690,3.1417141,433.211,-15.85,2.15,5.97,1.323,1.469,0.36,28
$GNSS,2024-08-03T09:33:12.000Z,50.8537404,3.1417203,432.036,-16.01,2.17,5.85,1.322,1.468,0.35,28
$GNSS,2024-08-03T09:33:12.200Z,50.8537116,3.1417267,430.892,-16.02,2.35,5.69,1.322,1.468,0.36,28
$GNSS,2024-08-03T09:33:12.400Z,50.8536827,3.1417332,429.742,-16.14,2.22,5.72,1.322,1.468,0.38,28
$GNSS,2024-08-03T09:33:12.600Z,50.8536535,3.1417398,428.568,-16.33,2.45,5.52,1.323,1.468,0.39,28
$GNSS,2024-08-03T09:33:12.800Z,50.8536246,3.1417467,427.492,-15.90,2.39,5.40,1.323,1.468,0.38,28
$GNSS,2024-08-03T09:33:13.000Z,50.8535963,3.1417537,426.415,-15.60,2.54,5.31,1.324,1.468,0.40,28
$GNSS,2024-08-03T09:33:13.200Z,50.8535681,3.1417619,425.366,-15.77,3.14,5.35,1.324,1.468,0.37,28
$GNSS,2024-08-03T09:33:13.400Z,50.8535391,3.1417713,424.331,-16.54,3.41,5.54,1.323,1.467,0.36,28
$GNSS,2024-08-03T09:33:13.600Z,50.8535099,3.1417800,423.259,-15.87,2.78,4.99,1.322,1.468,0.38,28
$GNSS,2024-08-03T09:33:13.800Z,50.8534813,3.1417879,422.221,-15.91,2.76,5.12,1.321,1.467,0.37,28
$GNSS,2024-08-03T09:33:14.000Z,50.8534526,3.1417957,421.153,-15.93,2.74,5.24,1.320,1.465,0.36,28
$GNSS,2024-08-03T09:33:14.200Z,50.8534237,3.1418039,420.069,-16.06,3.03,5.33,1.320,1.464,0.39,28
$GNSS,2024-08-03T09:33:14.400Z,50.8533949,3.1418125,419.014,-15.80,3.00,5.21,1.319,1.464,0.36,28
$GNSS,2024-08-03T09:33:14.600Z,50.8533669,3.1418205,417.951,-15.24,2.65,5.19,1.319,1.465,0.39,29
$GNSS,2024-08-03T09:33:14.800Z,50.8533394,3.1418279,416.891,-15.36,2.55,5.55,1.319,1.467,0.39,29
$GNSS,2024-08-03T09:33:15.000Z,50.8533115,3.1418357,415.794,-15.60,2.85,5.50,1.319,1.468,0.39,29
$GNSS,2024-08-03T09:33:15.200Z,50.8532833,3.1418437,414.674,-15.58,2.75,5.57,1.320,1.470,0.39,29
$GNSS,2024-08-03T09:33:15.400Z,50.8532548,3.1418514,413.515,-16.11,2.70,5.87,1.321,1.473,0.38,29
$GNSS,2024-08-03T09:33:15.600Z,50.8532263,3.1418586,412.296,-15.60,2.40,5.95,1.322,1.477,0.40,29
$GNSS,2024-08-03T09:33:15.800Z,50.8531982,3.1418653,411.120,-15.49,2.32,5.70,1.324,1.481,0.42,29
$GNSS,2024-08-03T09:33:16.000Z,50.8531703,3.1418715,409.969,-15.47,2.04,5.49,1.325,1.486,0.41,29
$GNSS,2024-08-03T09:33:16.200Z,50.8531424,3.1418770,408.840,-15.42,1.81,5.44,1.325,1.489,0.38,29
$GNSS,2024-08-03T09:33:16.400Z,50.8531146,3.1418819,407.737,-15.53,1.59,5.40,1.322,1.492,0.35,29
$GNSS,2024-08-03T09:33:16.600Z,50.8530868,3.1418864,406.647,-15.34,1.54,5.16,1.320,1.494,0.35,29
$GNSS,2024-08-03T09:33:16.800Z,50.8530590,3.1418904,405.605,-15.52,1.28,5.16,1.317,1.495,0.34,29
$GNSS,2024-08-03T09:33:17.000Z,50.8530313,3.1418939,404.570,-15.43,1.15,5.13,1.314,1.495,0.34,29
$GNSS,2024-08-03T09:33:17.200Z,50.8530035,3.1418972,403.564,-15.44,1.19,4.83,1.311,1.496,0.33,29
$GNSS,2024-08-03T09:33:17.400Z,50.8529757,3.1419006,402.577,-15.42,1.23,4.79,1.308,1.497,0.34,29
$GNSS,2024-08-03T09:33:17.600Z,50.8529480,3.1419040,401.612,-15.45,1.16,4.78,1.306,1.498,0.34,29
$GNSS,2024-08-03T09:33:17.800Z,50.8529201,3.1419072,400.649,-15.61,1.10,4.51,1.303,1.498,0.33,29
$GNSS,2024-08-03T09:33:18.000Z,50.8528920,3.1419104,399.759,-15.62,1.09,4.39,1.300,1.499,0.34,29
$GNSS,2024-08-03T09:33:18.200Z,50.8528642,3.1419135,398.799,-15.44,1.12,4.72,1.297,1.500,0.34,28
$GNSS,2024-08-03T09:33:18.400Z,50.8528364,3.1419169,397.839,-15.48,1.24,4.56,1.294,1.500,0.33,28
$GNSS,2024-08-03T09:33:18.600Z,50.8528087,3.1419200,396.978,-15.33,0.92,4.11,1.292,1.501,0.34,28
$GNSS,2024-08-03T09:33:18.800Z,50.8527811,3.1419227,396.148,-15.41,0.99,4.05,1.289,1.502,0.34,28
$GNSS,2024-08-03T09:33:19.000Z,50.8527533,3.1419256,395.355,-15.37,1.06,3.75,1.287,1.502,0.34,28
$GNSS,2024-08-03T09:33:19.200Z,50.8527257,3.1419281,394.555,-15.39,0.75,3.96,1.285,1.503,0.34,28
$GNSS,2024-08-03T09:33:19.400Z,50.8526983,3.1419308,393.709,-15.15,1.12,4.07,1.283,1.504,0.35,28
$GNSS,2024-08-03T09:33:19.600Z,50.8526709,3.1419342,392.893,-15.21,1.27,4.03,1.282,1.506,0.36,28
$GNSS,2024-08-03T09:33:19.800Z,50.8526438,3.1419381,392.081,-15.02,1.44,4.16,1.282,1.508,0.37,28
$GNSS,2024-08-03T09:33:20.000Z,50.8526175,3.1419439,391.203,-14.26,2.59,4.73,1.283,1.509,0.39,28
$GNSS,2024-08-03T09:33:20.200Z,50.8525917,3.1419504,390.274,-14.44,1.95,4.17,1.282,1.509,0.40,28
$GNSS,2024-08-03T09:33:20.400Z,50.8525652,3.1419558,389.383,-15.01,1.84,4.32,1.283,1.511,0.42,28
$GNSS,2024-08-03T09:33:20.600Z,50.8525383,3.1419612,388.487,-14.90,1.87,4.39,1.285,1.514,0.42,28
$GNSS,2024-08-03T09:33:20.800Z,50.8525115,3.1419663,387.612,-14.94,1.71,4.13,1.287,1.516,0.41,28
$GNSS,2024-08-03T09:33:21.000Z,50.8524842,3.1419710,386.678,-15.46,1.50,4.61,1.287,1.513,0.37,28
$GNSS,2024-08-03T09:33:21.200Z,50.8524564,3.1419761,385.685,-15.33,2.10,5.02,1.288,1.512,0.40,29
$GNSS,2024-08-03T09:33:21.400Z,50.8524294,3.1419821,384.660,-14.69,2.24,4.92,1.287,1.511,0.34,29
$GNSS,2024-08-03T09:33:21.600Z,50.8524029,3.1419885,383.601,-14.74,2.28,5.19,1.285,1.511,0.35,29
$GNSS,2024-08-03T09:33:21.800Z,50.8523770,3.1419944,382.604,-14.16,1.82,5.07,1.285,1.511,0.40,29
$GNSS,2024-08-03T09:33:22.000Z,50.8523511,3.1420002,381.522,-14.77,2.38,5.41,1.286,1.511,0.41,29
$GNSS,2024-08-03T09:33:22.200Z,50.8523244,3.1420069,380.403,-15.01,2.52,5.39,1.286,1.511,0.42,29
$GNSS,2024-08-03T09:33:22.400Z,50.8522973,3.1420140,379.308,-15.06,2.52,5.43,1.286,1.511,0.40,29
$GNSS,2024-08-03T09:33:22.600Z,50.8522700,3.1420218,378.184,-15.34,2.93,5.76,1.288,1.511,0.40,29
$GNSS,2024-08-03T09:33:22.800Z,50.8522429,3.1420294,377.020,-14.96,2.46,5.95,1.288,1.512,0.37,29
$GNSS,2024-08-03T09:33:23.000Z,50.8522161,3.1420361,375.828,-14.95,2.27,5.98,1.286,1.513,0.36,29
$GNSS,2024-08-03T09:33:23.200Z,50.8521893,3.1420425,374.620,-14.93,2.18,6.07,1.284,1.513,0.35,29
$GNSS,2024-08-03T09:33:23.400Z,50.8521624,3.1420489,373.380,-15.05,2.23,6.19,1.282,1.513,0.34,29
$GNSS,2024-08-03T09:33:23.600Z,50.8521354,3.1420553,372.131,-15.10,2.24,6.17,1.280,1.512,0.34,29
$GNSS,2024-08-03T09:33:23.800Z,50.8521082,3.1420618,370.879,-15.20,2.28,6.30,1.277,1.511,0.33,29
$GNSS,2024-08-03T09:33:24.000Z,50.8520807,3.1420683,369.610,-15.34,2.25,6.14,1.275,1.509,0.33,29
$GNSS,2024-08-03T09:33:24.200Z,50.8520532,3.1420747,368.358,-15.43,2.21,6.21,1.271,1.507,0.32,29
$GNSS,2024-08-03T09:33:24.400Z,50.8520255,3.1420812,367.069,-15.54,2.34,6.33,1.269,1.505,0.33,29
$GNSS,2024-08-03T09:33:24.600Z,50.8519974,3.1420881,365.806,-15.72,2.47,6.12,1.267,1.504,0.33,29
$GNSS,2024-08-03T09:33:24.800Z,50.8519692,3.1420952,364.570,-15.78,2.51,6.09,1.265,1.502,0.35,29
$GNSS,2024-08-03T09:33:25.000Z,50.8519406,3.1421028,363.372,-16.04,2.78,5.85,1.264,1.500,0.34,29
$GNSS,2024-08-03T09:33:25.200Z,50.8519116,3.1421113,362.218,-16.24,3.10,5.70,1.262,1.499,0.32,29
$GNSS,2024-08-03T09:33:25.400Z,50.8518824,3.1421206,361.054,-16.32,3.37,5.63,1.260,1.497,0.32,29
$GNSS,2024-08-03T09:33:25.600Z,50.8518530,3.1421307,359.895,-16.34,3.73,5.68,1.259,1.496,0.36,29
$GNSS,2024-08-03T09:33:25.800Z,50.8518238,3.1421420,358.709,-16.16,4.14,6.06,1.260,1.495,0.36,29
$GNSS,2024-08-03T09:33:26.000Z,50.8517946,3.1421547,357.451,-16.33,4.77,6.18,1.260,1.494,0.35,29
$GNSS,2024-08-03T09:33:26.200Z,50.8517651,3.1421692,356.194,-16.53,5.41,6.25,1.259,1.494,0.35,29
$GNSS,2024-08-03T09:33:26.400Z,50.8517355,3.1421850,354.859,-16.45,5.69,6.81,1.258,1.493,0.33,29
$GNSS,2024-08-03T09:33:26.600Z,50.8517058,3.1422019,353.477,-16.50,6.24,6.63,1.257,1.492,0.33,29
$GNSS,2024-08-03T09:33:26.800Z,50.8516760,3.1422200,352.111,-16.68,6.47,6.80,1.257,1.492,0.36,29
$GNSS,2024-08-03T09:33:27.000Z,50.8516458,3.1422391,350.744,-16.86,6.92,6.87,1.257,1.492,0.34,29
$GNSS,2024-08-03T09:33:27.200Z,50.8516154,3.1422591,349.351,-17.01,7.20,6.55,1.255,1.492,0.34,29
$GNSS,2024-08-03T09:33:27.400Z,50.8515852,3.1422802,348.026,-16.72,7.65,6.63,1.254,1.493,0.34,29
$GNSS,2024-08-03T09:33:27.600Z,50.8515552,3.1423020,346.704,-16.72,7.73,6.47,1.253,1.494,0.32,29
$GNSS,2024-08-03T09:33:27.800Z,50.8515252,3.1423243,345.426,-16.77,7.94,6.07,1.253,1.496,0.32,29
$GNSS,2024-08-03T09:33:28.000Z,50.8514952,3.1423467,344.221,-16.65,7.83,6.27,1.252,1.497,0.32,29
$GNSS,2024-08-03T09:33:28.200Z,50.8514652,3.1423689,343.085,-16.79,7.84,5.37,1.251,1.499,0.33,29
$GNSS,2024-08-03T09:33:28.400Z,50.8514351,3.1423907,342.065,-16.83,7.52,4.80,1.250,1.500,0.36,29
$GNSS,2024-08-03T09:33:28.600Z,50.8514049,3.1424120,341.185,-16.75,7.49,4.07,1.250,1.502,0.38,29
$GNSS,2024-08-03T09:33:28.800Z,50.8513750,3.1424334,340.416,-16.64,7.54,3.65,1.251,1.503,0.37,29
$GNSS,2024-08-03T09:33:29.000Z,50.8513455,3.1424548,339.742,-16.30,7.48,2.99,1.250,1.504,0.36,29
$GNSS,2024-08-03T09:33:29.200Z,50.8513165,3.1424763,339.223,-15.99,7.60,2.24,1.250,1.505,0.36,29
$GNSS,2024-08-03T09:33:29.400Z,50.8512882,3.1424981,338.809,-15.57,7.71,1.91,1.249,1.505,0.36,29
$GNSS,2024-08-03T09:33:29.600Z,50.8512605,3.1425207,338.433,-15.46,8.15,1.53,1.247,1.505,0.34,29
$GNSS,2024-08-03T09:33:29.800Z,50.8512337,3.1425447,338.102,-14.58,8.71,1.59,1.244,1.504,0.31,29
$GNSS,2024-08-03T09:33:30.000Z,50.8512080,3.1425705,337.799,-14.05,9.32,1.64,1.240,1.501,0.29,29
$GNSS,2024-08-03T09:33:30.200Z,50.8511837,3.1425982,337.436,-13.16,10.11,1.88,1.236,1.498,0.28,29
$GNSS,2024-08-03T09:33:30.400Z,50.8511608,3.1426279,337.010,-12.39,10.67,2.33,1.232,1.495,0.28,29
$GNSS,2024-08-03T09:33:30.600Z,50.8511392,3.1426596,336.478,-11.75,11.55,2.77,1.229,1.493,0.30,29
$GNSS,2024-08-03T09:33:30.800Z,50.8511188,3.1426935,335.821,-11.02,12.23,3.34,1.226,1.490,0.30,29
$GNSS,2024-08-03T09:33:31.000Z,50.8510999,3.1427294,335.067,-10.21,12.98,3.85,1.223,1.487,0.30,29
$GNSS,2024-08-03T09:33:31.200Z,50.8510825,3.1427674,334.164,-9.37,13.77,4.79,1.220,1.483,0.28,29
$GNSS,2024-08-03T09:33:31.400Z,50.8510665,3.1428080,333.080,-8.47,14.68,5.60,1.217,1.480,0.28,29
$GNSS,2024-08-03T09:33:31.600Z,50.8510523,3.1428509,331.872,-7.44,15.46,6.17,1.214,1.478,0.29,29
$GNSS,2024-08-03T09:33:31.800Z,50.8510400,3.1428960,330.539,-6.43,16.21,6.94,1.211,1.475,0.28,29
$GNSS,2024-08-03T09:33:32.000Z,50.8510294,3.1429430,329.072,-5.51,16.82,7.51,1.209,1.472,0.27,29
$GNSS,2024-08-03T09:33:32.200Z,50.8510207,3.1429921,327.496,-4.23,17.61,8.03,1.206,1.470,0.27,29
$GNSS,2024-08-03T09:33:32.400Z,50.8510143,3.1430432,325.831,-3.02,18.32,8.42,1.204,1.468,0.28,29
$GNSS,2024-08-03T09:33:32.600Z,50.8510101,3.1430963,324.120,-1.62,18.97,8.64,1.203,1.466,0.28,28
$GNSS,2024-08-03T09:33:32.800Z,50.8510085,3.1431515,322.348,-0.31,19.79,8.86,1.201,1.464,0.29,28
$GNSS,2024-08-03T09:33:33.000Z,50.8510091,3.1432086,320.527,0.96,20.35,9.11,1.200,1.462,0.29,28
$GNSS,2024-08-03T09:33:33.200Z,50.8510115,3.1432674,318.746,1.70,20.99,8.71,1.198,1.460,0.29,28
$GNSS,2024-08-03T09:33:33.400Z,50.8510168,3.1433271,317.003,4.16,20.96,8.62,1.198,1.460,0.37,28
$GNSS,2024-08-03T09:33:33.600Z,50.8510256,3.1433885,315.225,5.53,22.14,8.79,1.198,1.461,0.33,28
$GNSS,2024-08-03T09:33:33.800Z,50.8510357,3.1434514,313.510,5.82,22.04,8.18,1.197,1.460,0.29,29
$GNSS,2024-08-03T09:33:34.000Z,50.8510469,3.1435141,311.886,6.67,22.06,7.64,1.194,1.458,0.27,29
$GNSS,2024-08-03T09:33:34.200Z,50.8510596,3.1435778,310.453,7.39,22.62,7.40,1.191,1.456,0.29,29
$GNSS,2024-08-03T09:33:34.400Z,50.8510731,3.1436423,309.016,7.78,22.76,6.47,1.189,1.455,0.30,29
$GNSS,2024-08-03T09:33:34.600Z,50.8510873,3.1437074,307.793,8.06,23.02,5.68,1.188,1.455,0.29,29
$GNSS,2024-08-03T09:33:34.800Z,50.8511018,3.1437729,306.697,8.14,23.09,5.11,1.187,1.455,0.29,29
$GNSS,2024-08-03T09:33:35.000Z,50.8511163,3.1438385,305.708,8.06,23.07,4.52,1.186,1.455,0.29,29
$GNSS,2024-08-03T09:33:35.200Z,50.8511303,3.1439039,304.838,7.59,23.05,3.88,1.186,1.455,0.29,29
$GNSS,2024-08-03T09:33:35.400Z,50.8511428,3.1439693,304.086,6.35,22.95,3.50,1.186,1.455,0.29,29
$GNSS,2024-08-03T09:33:35.600Z,50.8511531,3.1440342,303.423,5.24,22.70,3.16,1.186,1.456,0.30,29
$GNSS,2024-08-03T09:33:35.800Z,50.8511615,3.1440981,302.812,4.17,22.27,2.94,1.185,1.456,0.30,29
$GNSS,2024-08-03T09:33:36.000Z,50.8511681,3.1441608,302.207,3.20,21.90,3.02,1.185,1.456,0.30,29
$GNSS,2024-08-03T09:33:36.200Z,50.8511730,3.1442226,301.511,2.31,21.59,3.62,1.184,1.456,0.31,29
$GNSS,2024-08-03T09:33:36.400Z,50.8511762,3.1442835,300.680,1.22,21.27,4.31,1.183,1.457,0.31,29
$GNSS,2024-08-03T09:33:36.600Z,50.8511774,3.1443432,299.710,0.22,20.79,5.02,1.183,1.458,0.31,29
$GNSS,2024-08-03T09:33:36.800Z,50.8511770,3.1444021,298.571,-0.66,20.80,5.56,1.183,1.461,0.34,28
$GNSS,2024-08-03T09:33:37.000Z,50.8511759,3.1444602,297.375,-0.64,20.27,5.90,1.184,1.464,0.36,28
$GNSS,2024-08-03T09:33:37.200Z,50.8511739,3.1445174,296.110,-1.51,20.10,6.39,1.186,1.469,0.36,28
$GNSS,2024-08-03T09:33:37.400Z,50.8511706,3.1445739,294.733,-2.15,19.75,6.93,1.187,1.474,0.36,28
$GNSS,2024-08-03T09:33:37.600Z,50.8511668,3.1446297,293.263,-2.15,19.52,7.35,1.187,1.477,0.36,28
$GNSS,2024-08-03T09:33:37.800Z,50.8511621,3.1446856,291.742,-2.91,19.82,7.80,1.189,1.482,0.35,29
$GNSS,2024-08-03T09:33:38.000Z,50.8511566,3.1447413,290.128,-3.37,19.38,7.98,1.191,1.486,0.36,29
$GNSS,2024-08-03T09:33:38.200Z,50.8511501,3.1447961,288.514,-3.72,19.24,8.23,1.193,1.489,0.34,29
$GNSS,2024-08-03T09:33:38.400Z,50.8511432,3.1448509,286.824,-3.93,19.36,8.38,1.194,1.491,0.34,29
$GNSS,2024-08-03T09:33:38.600Z,50.8511360,3.1449062,285.103,-4.15,19.48,8.44,1.195,1.493,0.34,29
$GNSS,2024-08-03T09:33:38.800Z,50.8511283,3.1449613,283.354,-4.52,19.24,8.52,1.194,1.494,0.32,29
$GNSS,2024-08-03T09:33:39.000Z,50.8511195,3.1450164,281.607,-5.25,19.56,8.67,1.195,1.495,0.33,29
$GNSS,2024-08-03T09:33:39.200Z,50.8511104,3.1450715,279.877,-4.95,19.20,8.60,1.195,1.497,0.33,29
$GNSS,2024-08-03T09:33:39.400Z,50.8511011,3.1451262,278.188,-5.27,19.35,8.50,1.196,1.500,0.34,29
$GNSS,2024-08-03T09:33:39.600Z,50.8510914,3.1451813,276.461,-5.53,19.44,8.35,1.196,1.502,0.34,29
$GNSS,2024-08-03T09:33:39.800Z,50.8510813,3.1452367,274.733,-5.87,19.52,8.29,1.197,1.503,0.33,29
$GNSS,2024-08-03T09:33:40.000Z,50.8510702,3.1452917,273.069,-6.43,19.26,8.00,1.197,1.504,0.32,29
$GNSS,2024-08-03T09:33:40.200Z,50.8510586,3.1453460,271.515,-6.54,19.05,7.45,1.196,1.504,0.30,29
$GNSS,2024-08-03T09:33:40.400Z,50.8510463,3.1453996,270.082,-7.03,18.75,6.92,1.196,1.507,0.33,29
$GNSS,2024-08-03T09:33:40.600Z,50.8510332,3.1454523,268.781,-7.52,18.45,6.06,1.195,1.509,0.32,29
$GNSS,2024-08-03T09:33:40.800Z,50.8510192,3.1455039,267.711,-7.91,17.96,4.86,1.195,1.511,0.32,29
$GNSS,2024-08-03T09:33:41.000Z,50.8510048,3.1455540,266.846,-7.99,17.40,3.83,1.195,1.511,0.31,29
$GNSS,2024-08-03T09:33:41.200Z,50.8509904,3.1456023,266.187,-7.98,16.64,2.84,1.194,1.511,0.31,29
$GNSS,2024-08-03T09:33:41.400Z,50.8509763,3.1456484,265.706,-7.75,15.86,1.93,1.194,1.510,0.31,29
$GNSS,2024-08-03T09:33:41.600Z,50.8509626,3.1456922,265.398,-7.35,15.10,1.17,1.193,1.509,0.29,29
$GNSS,2024-08-03T09:33:41.800Z,50.8509499,3.1457340,265.247,-6.77,14.39,0.54,1.193,1.507,0.29,29
$GNSS,2024-08-03T09:33:42.000Z,50.8509382,3.1457741,265.147,-6.21,13.95,0.23,1.191,1.504,0.28,29
$GNSS,2024-08-03T09:33:42.200Z,50.8509279,3.1458130,265.103,-5.37,13.57,0.25,1.189,1.499,0.25,29
$GNSS,2024-08-03T09:33:42.400Z,50.8509186,3.1458505,265.028,-4.83,13.01,0.44,1.186,1.495,0.24,29
$GNSS,2024-08-03T09:33:42.600Z,50.8509101,3.1458864,264.927,-4.67,12.32,0.69,1.185,1.493,0.25,29
$GNSS,2024-08-03T09:33:42.800Z,50.8509016,3.1459212,264.714,-4.74,12.30,1.26,1.184,1.494,0.25,29
$GNSS,2024-08-03T09:33:43.000Z,50.8508933,3.1459557,264.322,-4.65,12.08,2.36,1.184,1.496,0.24,29
$GNSS,2024-08-03T09:33:43.200Z,50.8508849,3.1459902,263.701,-4.74,12.29,3.24,1.186,1.502,0.26,29
$GNSS,2024-08-03T09:33:43.400Z,50.8508763,3.1460253,262.921,-4.88,12.58,3.97,1.191,1.511,0.27,27
$GNSS,2024-08-03T09:33:43.600Z,50.8508673,3.1460615,261.903,-5.13,13.11,5.14,1.195,1.516,0.26,27
$GNSS,2024-08-03T09:33:43.800Z,50.8508581,3.1460985,260.609,-5.28,13.06,6.96,1.201,1.519,0.31,27
$GNSS,2024-08-03T09:33:44.000Z,50.8508492,3.1461348,259.101,-4.70,12.54,7.92,1.206,1.520,0.34,27
$GNSS,2024-08-03T09:33:44.200Z,50.8508407,3.1461706,257.340,-4.82,12.69,9.27,1.209,1.521,0.32,27
$GNSS,2024-08-03T09:33:44.400Z,50.8508319,3.1462066,255.346,-4.98,12.71,10.37,1.210,1.522,0.32,27
$GNSS,2024-08-03T09:33:44.600Z,50.8508229,3.1462425,253.112,-4.93,12.68,11.39,1.209,1.521,0.32,28
$GNSS,2024-08-03T09:33:44.800Z,50.8508137,3.1462785,250.676,-5.18,12.76,12.53,1.207,1.520,0.31,28
$GNSS,2024-08-03T09:33:45.000Z,50.8508042,3.1463149,248.058,-5.34,12.86,13.55,1.205,1.518,0.32,28
$GNSS,2024-08-03T09:33:45.200Z,50.8507943,3.1463517,245.247,-5.65,12.99,14.46,1.202,1.518,0.32,28
$GNSS,2024-08-03T09:33:45.400Z,50.8507836,3.1463891,242.242,-6.26,13.24,15.15,1.200,1.517,0.32,28
$GNSS,2024-08-03T09:33:45.600Z,50.8507717,3.1464269,239.106,-6.88,13.32,15.82,1.198,1.515,0.31,28
$GNSS,2024-08-03T09:33:45.800Z,50.8507590,3.1464650,235.826,-7.24,13.47,16.57,1.196,1.514,0.32,28
$GNSS,2024-08-03T09:33:46.000Z,50.8507455,3.1465033,232.427,-7.63,13.56,16.92,1.193,1.512,0.32,28
$GNSS,2024-08-03T09:33:46.200Z,50.8507313,3.1465421,228.982,-8.17,13.73,17.31,1.190,1.511,0.32,28
$GNSS,2024-08-03T09:33:46.400Z,50.8507160,3.1465814,225.467,-8.66,14.00,17.56,1.188,1.509,0.32,28
$GNSS,2024-08-03T09:33:46.600Z,50.8506997,3.1466215,221.869,-9.39,14.30,17.95,1.185,1.508,0.31,28
$GNSS,2024-08-03T09:33:46.800Z,50.8506821,3.1466623,218.224,-9.99,14.51,18.19,1.183,1.505,0.30,28
$GNSS,2024-08-03T09:33:47.000Z,50.8506635,3.1467040,214.558,-10.52,14.88,18.12,1.181,1.502,0.30,28
$GNSS,2024-08-03T09:33:47.200Z,50.8506438,3.1467471,210.921,-11.12,15.44,18.00,1.180,1.499,0.31,28
$GNSS,2024-08-03T09:33:47.400Z,50.8506234,3.1467919,207.288,-11.42,16.13,18.02,1.179,1.496,0.31,28
$GNSS,2024-08-03T09:33:47.600Z,50.8506025,3.1468386,203.663,-11.67,16.80,17.89,1.177,1.494,0.31,28
$GNSS,2024-08-03T09:33:47.800Z,50.8505813,3.1468875,200.049,-11.76,17.54,17.77,1.176,1.492,0.31,28
$GNSS,2024-08-03T09:33:48.000Z,50.8505600,3.1469389,196.474,-11.77,18.69,17.58,1.175,1.489,0.31,28
$GNSS,2024-08-03T09:33:48.200Z,50.8505390,3.1469934,192.918,-11.54,19.59,17.50,1.174,1.487,0.32,28
$GNSS,2024-08-03T09:33:48.400Z,50.8505185,3.1470505,189.428,-11.16,20.60,17.20,1.173,1.486,0.33,28
$GNSS,2024-08-03T09:33:48.600Z,50.8504991,3.1471107,186.004,-10.43,21.76,16.93,1.173,1.485,0.31,28
$GNSS,2024-08-03T09:33:48.800Z,50.8504812,3.1471747,182.634,-9.44,23.25,16.63,1.171,1.483,0.30,28
$GNSS,2024-08-03T09:33:49.000Z,50.8504652,3.1472414,179.274,-8.39,23.82,16.58,1.169,1.480,0.29,28
$GNSS,2024-08-03T09:33:49.200Z,50.8504515,3.1473109,175.952,-6.77,25.14,16.29,1.167,1.477,0.28,28
$GNSS,2024-08-03T09:33:49.400Z,50.8504410,3.1473838,172.670,-4.95,26.17,16.54,1.164,1.473,0.27,28
$GNSS,2024-08-03T09:33:49.600Z,50.8504338,3.1474588,169.351,-3.07,26.64,16.47,1.160,1.469,0.26,28
$GNSS,2024-08-03T09:33:49.800Z,50.8504304,3.1475352,166.054,-0.77,27.09,16.43,1.157,1.465,0.26,28
$GNSS,2024-08-03T09:33:50.000Z,50.8504311,3.1476124,162.745,1.46,27.29,16.46,1.154,1.461,0.26,28
$GNSS,2024-08-03T09:33:50.200Z,50.8504362,3.1476903,159.421,4.22,27.55,16.55,1.151,1.459,0.27,28
$GNSS,2024-08-03T09:33:50.400Z,50.8504460,3.1477679,156.064,6.51,27.14,16.73,1.147,1.452,0.25,28
$GNSS,2024-08-03T09:33:50.600Z,50.8504596,3.1478441,152.707,8.44,26.55,16.62,1.143,1.444,0.26,28
$GNSS,2024-08-03T09:33:50.800Z,50.8504771,3.1479187,149.333,10.99,25.90,16.76,1.140,1.437,0.26,28
$GNSS,2024-08-03T09:33:51.000Z,50.8504989,3.1479909,145.953,13.07,24.90,16.95,1.138,1.431,0.27,28
$GNSS,2024-08-03T09:33:51.200Z,50.8505241,3.1480597,142.530,14.92,23.54,16.95,1.136,1.426,0.30,28
$GNSS,2024-08-03T09:33:51.400Z,50.8505523,3.1481245,139.101,16.34,22.12,17.20,1.136,1.421,0.31,28
$GNSS,2024-08-03T09:33:51.600Z,50.8505834,3.1481858,135.665,18.35,20.99,16.76,1.137,1.418,0.34,28
$GNSS,2024-08-03T09:33:51.800Z,50.8506186,3.1482423,132.294,20.71,18.78,16.81,1.140,1.416,0.35,28
$GNSS,2024-08-03T09:33:52.000Z,50.8506564,3.1482925,128.934,21.41,16.56,16.53,1.141,1.413,0.33,28
$GNSS,2024-08-03T09:33:52.200Z,50.8506954,3.1483355,125.634,21.92,13.84,16.51,1.142,1.410,0.33,28
$GNSS,2024-08-03T09:33:52.400Z,50.8507356,3.1483718,122.325,22.64,11.74,16.64,1.142,1.407,0.32,28
$GNSS,2024-08-03T09:33:52.600Z,50.8507766,3.1484008,118.992,22.93,8.79,16.76,1.141,1.404,0.33,28
$GNSS,2024-08-03T09:33:52.800Z,50.8508177,3.1484224,115.602,22.84,6.49,17.05,1.140,1.403,0.35,28
$GNSS,2024-08-03T09:33:53.000Z,50.8508586,3.1484381,112.191,22.50,4.72,17.27,1.139,1.403,0.35,28
$GNSS,2024-08-03T09:33:53.200Z,50.8508987,3.1484481,108.681,22.19,2.39,17.49,1.138,1.403,0.35,28
$GNSS,2024-08-03T09:33:53.400Z,50.8509380,3.1484510,105.142,21.62,-0.22,17.79,1.137,1.403,0.36,28
$GNSS,2024-08-03T09:33:53.600Z,50.8509761,3.1484472,101.555,20.74,-2.34,17.91,1.135,1.403,0.32,28
$GNSS,2024-08-03T09:33:53.800Z,50.8510118,3.1484376,97.899,19.18,-4.31,18.42,1.133,1.403,0.30,28
$GNSS,2024-08-03T09:33:54.000Z,50.8510450,3.1484221,94.160,17.88,-6.50,18.58,1.131,1.402,0.30,28
$GNSS,2024-08-03T09:33:54.200Z,50.8510755,3.1484018,90.359,16.30,-7.75,18.88,1.130,1.402,0.30,28
$GNSS,2024-08-03T09:33:54.400Z,50.8511032,3.1483776,86.519,14.73,-9.29,18.76,1.130,1.399,0.29,28
$GNSS,2024-08-03T09:33:54.600Z,50.8511279,3.1483488,82.760,12.91,-10.91,18.57,1.129,1.399,0.29,28
$GNSS,2024-08-03T09:33:54.800Z,50.8511490,3.1483157,79.024,10.82,-12.33,18.27,1.130,1.397,0.28,28
$GNSS,2024-08-03T09:33:55.000Z,50.8511661,3.1482792,75.374,8.41,-13.33,18.21,1.130,1.396,0.28,28
$GNSS,2024-08-03T09:33:55.200Z,50.8511791,3.1482401,71.709,6.29,-14.15,17.98,1.132,1.398,0.31,28
$GNSS,2024-08-03T09:33:55.400Z,50.8511883,3.1481992,68.216,4.17,-14.55,17.26,1.135,1.403,0.31,28
$GNSS,2024-08-03T09:33:55.600Z,50.8511940,3.1481579,64.864,2.30,-14.42,16.52,1.136,1.408,0.34,28
$GNSS,2024-08-03T09:33:55.800Z,50.8511961,3.1481173,61.659,0.07,-14.11,15.70,1.138,1.415,0.34,28
$GNSS,2024-08-03T09:33:56.000Z,50.8511951,3.1480759,58.514,-1.16,-15.03,14.57,1.141,1.422,0.34,28
$GNSS,2024-08-03T09:33:56.200Z,50.8511913,3.1480344,55.579,-2.98,-14.29,14.34,1.146,1.428,0.34,28
$GNSS,2024-08-03T09:33:56.400Z,50.8511839,3.1479938,52.815,-4.98,-14.32,13.15,1.149,1.432,0.33,28
$GNSS,2024-08-03T09:33:56.600Z,50.8511740,3.1479537,50.304,-6.01,-13.97,12.31,1.152,1.435,0.33,28
$GNSS,2024-08-03T09:33:56.800Z,50.8511620,3.1479148,47.973,-7.11,-13.49,11.50,1.154,1.438,0.33,28
$GNSS,2024-08-03T09:33:57.000Z,50.8511482,3.1478763,45.829,-8.17,-13.65,10.43,1.155,1.439,0.31,28
$GNSS,2024-08-03T09:33:57.200Z,50.8511330,3.1478382,43.882,-8.65,-13.18,9.62,1.154,1.440,0.30,28
$GNSS,2024-08-03T09:33:57.400Z,50.8511171,3.1478017,42.089,-9.01,-12.54,8.76,1.153,1.441,0.33,28
$GNSS,2024-08-03T09:33:57.600Z,50.8511008,3.1477665,40.461,-9.16,-12.29,8.06,1.153,1.441,0.30,28
$GNSS,2024-08-03T09:33:57.800Z,50.8510841,3.1477321,38.983,-9.42,-11.93,7.52,1.153,1.440,0.30,28
$GNSS,2024-08-03T09:33:58.000Z,50.8510669,3.1476985,37.624,-9.60,-11.68,6.85,1.153,1.438,0.30,28
$GNSS,2024-08-03T09:33:58.200Z,50.8510493,3.1476651,36.314,-9.87,-11.78,6.48,1.154,1.436,0.29,28
$GNSS,2024-08-03T09:33:58.400Z,50.8510317,3.1476321,35.118,-9.66,-11.38,5.92,1.153,1.433,0.27,28
$GNSS,2024-08-03T09:33:58.600Z,50.8510140,3.1476004,33.956,-9.84,-10.92,5.68,1.152,1.428,0.26,28
$GNSS,2024-08-03T09:33:58.800Z,50.8509966,3.1475699,32.903,-9.58,-10.61,5.30,1.151,1.424,0.29,28
$GNSS,2024-08-03T09:33:59.000Z,50.8509797,3.1475403,31.926,-9.31,-10.32,4.92,1.151,1.420,0.28,28
$GNSS,2024-08-03T09:33:59.200Z,50.8509630,3.1475116,31.017,-9.30,-9.91,4.61,1.150,1.416,0.28,28
$GNSS,2024-08-03T09:33:59.400Z,50.8509464,3.1474837,30.134,-9.14,-9.75,4.34,1.148,1.412,0.25,28
$GNSS,2024-08-03T09:33:59.600Z,50.8509300,3.1474562,29.278,-9.15,-9.67,4.39,1.146,1.408,0.25,28
$GNSS,2024-08-03T09:33:59.800Z,50.8509138,3.1474291,28.431,-8.79,-9.32,4.12,1.145,1.405,0.26,28
$GNSS,2024-08-03T09:34:00.000Z,50.8508980,3.1474030,27.596,-8.76,-9.01,4.16,1.144,1.403,0.26,28
$GNSS,2024-08-03T09:34:00.200Z,50.8508824,3.1473778,26.772,-8.63,-8.79,4.08,1.142,1.401,0.26,28
$GNSS,2024-08-03T09:34:00.400Z,50.8508671,3.1473531,25.979,-8.43,-8.67,4.09,1.141,1.398,0.26,28
$GNSS,2024-08-03T09:34:00.600Z,50.8508520,3.1473289,25.198,-8.31,-8.43,4.00,1.139,1.396,0.26,28
$GNSS,2024-08-03T09:34:00.800Z,50.8508373,3.1473052,24.410,-8.10,-8.30,4.00,1.138,1.394,0.26,28
$GNSS,2024-08-03T09:34:01.000Z,50.8508228,3.1472817,23.569,-7.92,-8.13,4.11,1.136,1.394,0.28,28
$GNSS,2024-08-03T09:34:01.200Z,50.8508086,3.1472587,22.727,-7.90,-7.99,4.45,1.135,1.393,0.29,28
$GNSS,2024-08-03T09:34:01.400Z,50.8507945,3.1472366,21.853,-7.73,-7.54,4.20,1.133,1.393,0.29,28
$GNSS,2024-08-03T09:34:01.600Z,50.8507807,3.1472152,21.116,-7.59,-7.44,3.66,1.131,1.393,0.26,28
$GNSS,2024-08-03T09:34:01.800Z,50.8507672,3.1471944,20.562,-7.49,-7.14,2.85,1.129,1.391,0.26,28
$GNSS,2024-08-03T09:34:02.000Z,50.8507538,3.1471745,20.071,-7.31,-6.80,2.32,1.127,1.387,0.27,28
$GNSS,2024-08-03T09:34:02.200Z,50.8507409,3.1471555,19.672,-6.94,-6.45,1.97,1.126,1.384,0.30,28
$GNSS,2024-08-03T09:34:02.400Z,50.8507287,3.1471374,19.337,-6.52,-6.21,1.50,1.124,1.381,0.30,28
$GNSS,2024-08-03T09:34:02.600Z,50.8507175,3.1471204,19.136,-6.02,-5.66,1.20,1.123,1.378,0.29,28
$GNSS,2024-08-03T09:34:02.800Z,50.8507070,3.1471049,18.970,-5.69,-5.27,0.93,1.122,1.376,0.30,28
$GNSS,2024-08-03T09:34:03.000Z,50.8506973,3.1470904,18.826,-5.24,-4.92,0.85,1.120,1.373,0.28,28
$GNSS,2024-08-03T09:34:03.200Z,50.8506882,3.1470770,18.686,-4.86,-4.44,0.61,1.118,1.370,0.29,28
$GNSS,2024-08-03T09:34:03.400Z,50.8506797,3.1470651,18.574,-4.49,-3.93,0.55,1.117,1.367,0.33,28
$GNSS,2024-08-03T09:34:03.600Z,50.8506719,3.1470546,18.428,-4.12,-3.46,0.77,1.117,1.367,0.34,28
$GNSS,2024-08-03T09:34:03.800Z,50.8506648,3.1470454,18.186,-3.78,-2.97,1.26,1.116,1.365,0.37,28
$GNSS,2024-08-03T09:34:04.000Z,50.8506583,3.1470380,17.957,-3.55,-2.21,1.38,1.117,1.365,0.40,28
$GNSS,2024-08-03T09:34:04.200Z,50.8506522,3.1470317,17.908,-3.34,-2.21,-0.30,1.118,1.367,0.44,28
$GNSS,2024-08-03T09:34:04.400Z,50.8506473,3.1470264,18.067,-2.34,-1.52,-0.96,1.119,1.367,0.40,28
$GNSS,2024-08-03T09:34:04.600Z,50.8506436,3.1470233,18.151,-1.88,-0.64,-0.01,1.121,1.367,0.42,27
$GNSS,2024-08-03T09:34:04.800Z,50.8506408,3.1470215,18.147,-1.31,-0.56,0.08,1.122,1.366,0.38,27
$GNSS,2024-08-03T09:34:05.000Z,50.8506379,3.1470192,18.191,-1.71,-0.94,-0.33,1.124,1.365,0.36,27
$GNSS,2024-08-03T09:34:05.200Z,50.8506358,3.1470167,18.190,-0.43,-0.83,-0.07,1.126,1.363,0.32,27
$GNSS,2024-08-03T09:34:05.400Z,50.8506353,3.1470129,18.083,0.03,-1.80,0.60,1.128,1.362,0.27,27
$GNSS,2024-08-03T09:34:05.600Z,50.8506337,3.1470083,18.081,-1.97,-1.30,0.05,1.131,1.363,0.48,27
$GNSS,2024-08-03T09:34:05.800Z,50.8506308,3.1470054,18.081,-1.34,-0.74,-0.09,1.135,1.368,0.42,28
$GNSS,2024-08-03T09:34:06.000Z,50.8506282,3.1470041,18.077,-1.48,-0.21,-0.06,1.137,1.379,0.38,28
$GNSS,2024-08-03T09:34:06.200Z,50.8506263,3.1470034,18.113,-0.87,-0.28,-0.21,1.140,1.394,0.41,28
$GNSS,2024-08-03T09:34:06.400Z,50.8506251,3.1470015,18.148,-0.53,-0.93,0.02,1.144,1.410,0.45,28
$GNSS,2024-08-03T09:34:06.600Z,50.8506242,3.1469991,18.162,-0.62,-0.72,-0.05,1.148,1.427,0.44,28
$GNSS,2024-08-03T09:34:06.800Z,50.8506230,3.1469973,18.246,-0.75,-0.42,-0.10,1.153,1.445,0.46,28
$GNSS,2024-08-03T09:34:07.000Z,50.8506217,3.1469970,18.239,-0.68,0.22,0.03,1.159,1.463,0.38,28
$GNSS,2024-08-03T09:34:07.200Z,50.8506205,3.1469971,18.245,-0.58,-0.11,-0.24,1.165,1.483,0.45,28
$GNSS,2024-08-03T09:34:07.400Z,50.8506197,3.1469966,18.224,-0.42,-0.28,-0.02,1.169,1.504,0.44,28
$GNSS,2024-08-03T09:34:07.600Z,50.8506189,3.1469963,18.119,-0.69,-0.01,0.22,1.172,1.526,0.41,28
$GNSS,2024-08-03T09:34:07.800Z,50.8506176,3.1469965,18.102,-1.01,0.12,-0.23,1.175,1.547,0.35,28
$GNSS,2024-08-03T09:34:08.000Z,50.8506162,3.1469968,18.054,-0.67,0.23,0.16,1.178,1.565,0.32,28
$GNSS,2024-08-03T09:34:08.200Z,50.8506148,3.1469974,18.037,-0.93,0.21,-0.10,1.181,1.578,0.35,28
$GNSS,2024-08-03T09:34:08.400Z,50.8506137,3.1469984,17.996,-0.49,0.50,0.07,1.184,1.586,0.24,28
$GNSS,2024-08-03T09:34:08.600Z,50.8506132,3.1469998,18.015,-0.08,0.54,-0.03,1.187,1.595,0.31,28
$GNSS,2024-08-03T09:34:08.800Z,50.8506130,3.1470011,18.077,-0.21,0.54,-0.26,1.189,1.606,0.34,28
$GNSS,2024-08-03T09:34:09.000Z,50.8506127,3.1470027,18.081,-0.26,0.56,-0.23,1.193,1.616,0.33,28
$GNSS,2024-08-03T09:34:09.200Z,50.8506121,3.1470048,18.093,-0.36,0.91,-0.07,1.197,1.626,0.28,28
$GNSS,2024-08-03T09:34:09.400Z,50.8506112,3.1470073,18.066,-0.69,0.71,-0.11,1.200,1.630,0.28,28
$GNSS,2024-08-03T09:34:09.600Z,50.8506103,3.1470100,18.046,-0.35,1.13,-0.02,1.203,1.634,0.27,28
$GNSS,2024-08-03T09:34:09.800Z,50.8506102,3.1470132,18.119,0.08,1.24,-0.04,1.205,1.635,0.33,28
$GNSS,2024-08-03T09:34:10.000Z,50.8506098,3.1470162,18.156,-0.55,0.88,-0.26,1.207,1.635,0.23,28
$GNSS,2024-08-03T09:34:10.200Z,50.8506088,3.1470193,18.107,-0.64,1.26,0.37,1.209,1.636,0.23,28
$GNSS,2024-08-03T09:34:10.400Z,50.8506078,3.1470218,18.184,-0.45,0.57,-0.61,1.211,1.633,0.30,28
$GNSS,2024-08-03T09:34:10.600Z,50.8506069,3.1470239,18.158,-0.44,0.77,0.11,1.213,1.628,0.22,28
$GNSS,2024-08-03T09:34:10.800Z,50.8506060,3.1470258,18.164,-0.42,0.53,-0.29,1.214,1.624,0.26,28
$GNSS,2024-08-03T09:34:11.000Z,50.8506051,3.1470269,18.192,-0.63,0.32,0.09,1.215,1.620,0.30,28
$GNSS,2024-08-03T09:34:11.200Z,50.8506038,3.1470277,18.185,-0.70,0.37,-0.09,1.217,1.618,0.31,28
$GNSS,2024-08-03T09:34:11.400Z,50.8506026,3.1470291,18.233,-0.72,0.68,-0.20,1.219,1.616,0.29,28
$GNSS,2024-08-03T09:34:11.600Z,50.8506018,3.1470315,18.209,-0.15,0.99,0.08,1.222,1.616,0.26,28
$GNSS,2024-08-03T09:34:11.800Z,50.8506017,3.1470344,18.208,-0.01,1.17,0.11,1.225,1.613,0.28,28
$GNSS,2024-08-03T09:34:12.000Z,50.8506010,3.1470365,18.171,-0.65,0.36,0.06,1.226,1.609,0.31,28
$GNSS,2024-08-03T09:34:12.200Z,50.8505997,3.1470372,18.119,-0.74,0.11,0.09,1.227,1.605,0.35,28
$GNSS,2024-08-03T09:34:12.400Z,50.8505984,3.1470373,18.121,-0.70,0.16,-0.02,1.228,1.600,0.35,28
$GNSS,2024-08-03T09:34:12.600Z,50.8505975,3.1470382,18.073,-0.29,0.46,0.25,1.228,1.597,0.26,28
$GNSS,2024-08-03T09:34:12.800Z,50.8505971,3.1470387,18.023,-0.17,-0.17,0.14,1.229,1.594,0.35,28
$GNSS,2024-08-03T09:34:13.000Z,50.8505971,3.1470377,18.054,0.23,-0.43,-0.05,1.230,1.591,0.25,28
$GNSS,2024-08-03T09:34:13.200Z,50.8505978,3.1470365,18.026,0.43,-0.48,0.24,1.231,1.588,0.28,28
$GNSS,2024-08-03T09:34:13.400Z,50.8505984,3.1470354,18.036,0.31,-0.31,-0.01,1.231,1.585,0.25,28
$GNSS,2024-08-03T09:34:13.600Z,50.8505985,3.1470345,18.018,-0.18,-0.32,0.19,1.231,1.582,0.33,28
$GNSS,2024-08-03T09:34:13.800Z,50.8505976,3.1470338,18.016,-0.74,-0.15,0.23,1.232,1.580,0.37,28
$GNSS,2024-08-03T09:34:14.000Z,50.8505962,3.1470339,18.030,-0.85,0.18,-0.02,1.233,1.580,0.35,28
$GNSS,2024-08-03T09:34:14.200Z,50.8505949,3.1470341,18.032,-0.63,-0.03,0.17,1.234,1.579,0.38,28
$GNSS,2024-08-03T09:34:14.400Z,50.8505941,3.1470341,18.034,-0.31,-0.01,-0.02,1.235,1.577,0.36,28
$GNSS,2024-08-03T09:34:14.600Z,50.8505939,3.1470345,18.068,0.03,0.29,0.02,1.236,1.577,0.31,28
$GNSS,2024-08-03T09:34:14.800Z,50.8505942,3.1470352,18.081,0.25,0.16,-0.12,1.236,1.577,0.35,27
$GNSS,2024-08-03T09:34:15.000Z,50.8505945,3.1470357,18.140,0.10,0.19,0.02,1.237,1.577,0.37,27
$GNSS,2024-08-03T09:34:15.200Z,50.8505947,3.1470360,18.131,0.02,-0.11,0.02,1.236,1.578,0.30,27
$GNSS,2024-08-03T09:34:15.400Z,50.8505947,3.1470356,18.139,-0.04,-0.23,-0.06,1.235,1.577,0.35,27
$GNSS,2024-08-03T09:34:15.600Z,50.8505945,3.1470351,18.163,-0.17,-0.09,0.08,1.234,1.577,0.33,27
$GNSS,2024-08-03T09:34:15.800Z,50.8505943,3.1470349,18.167,-0.08,-0.13,-0.09,1.233,1.576,0.35,27
$GNSS,2024-08-03T09:34:16.000Z,50.8505941,3.1470346,18.186,-0.08,-0.04,0.08,1.232,1.574,0.31,27
$GNSS,2024-08-03T09:34:16.200Z,50.8505940,3.1470345,18.193,-0.02,0.02,0.00,1.230,1.573,0.31,27
$GNSS,2024-08-03T09:34:16.400Z,50.8505940,3.1470343,18.223,0.04,-0.05,-0.01,1.229,1.573,0.30,27
$GNSS,2024-08-03T09:34:16.600Z,50.8505940,3.1470340,18.267,0.07,-0.04,-0.01,1.227,1.572,0.29,27
$GNSS,2024-08-03T09:34:16.800Z,50.8505943,3.1470332,18.293,0.23,-0.47,-0.17,1.224,1.568,0.27,27
$GNSS,2024-08-03T09:34:17.000Z,50.8505939,3.1470326,18.319,-0.55,0.03,0.20,1.224,1.564,0.34,27
$GNSS,2024-08-03T09:34:17.200Z,50.8505936,3.1470325,18.268,0.07,-0.19,0.17,1.223,1.566,0.31,27
$GNSS,2024-08-03T09:34:17.400Z,50.8505936,3.1470320,18.267,-0.03,-0.12,0.11,1.223,1.571,0.41,26
$GNSS,2024-08-03T09:34:17.600Z,50.8505936,3.1470316,18.307,0.08,-0.11,-0.10,1.222,1.576,0.30,26
$GNSS,2024-08-03T09:34:17.800Z,50.8505936,3.1470318,18.303,-0.18,0.14,-0.01,1.225,1.585,0.35,26
$GNSS,2024-08-03T09:34:18.000Z,50.8505934,3.1470323,18.340,0.01,0.23,-0.10,1.230,1.597,0.40,26
$GNSS,2024-08-03T09:34:18.200Z,50.8505933,3.1470329,18.328,-0.16,0.08,-0.08,1.234,1.611,0.44,26
$GNSS,2024-08-03T09:34:18.400Z,50.8505931,3.1470330,18.351,-0.14,-0.01,-0.07,1.237,1.625,0.45,27
$GNSS,2024-08-03T09:34:18.600Z,50.8505930,3.1470330,18.378,0.01,0.11,0.02,1.238,1.638,0.27,27
$GNSS,2024-08-03T09:34:18.800Z,50.8505930,3.1470330,18.409,-0.04,0.05,0.22,1.239,1.648,0.49,27
$GNSS,2024-08-03T09:34:19.000Z,50.8505930,3.1470328,18.436,0.04,-0.07,0.21,1.240,1.658,0.49,27
$GNSS,2024-08-03T09:34:19.200Z,50.8505930,3.1470325,18.435,0.02,-0.06,0.14,1.240,1.666,0.47,27
$GNSS,2024-08-03T09:34:19.400Z,50.8505931,3.1470323,18.446,0.03,-0.05,0.10,1.241,1.673,0.45,27
